id_combinacion,Fecha,LightGBM One-Model,Grupo Cliente
BUIN - PAINE - LINDEROS - MAIPO - ALTO JAHUEL;AGUAS ANDINAS;Comercial,2020-01-01,181714.78054298184,No Residencial
BUIN - PAINE - LINDEROS - MAIPO - ALTO JAHUEL;AGUAS ANDINAS;Comercial,2020-02-01,179667.64153646774,No Residencial
BUIN - PAINE - LINDEROS - MAIPO - ALTO JAHUEL;AGUAS ANDINAS;Comercial,2020-03-01,179425.10872302236,No Residencial
BUIN - PAINE - LINDEROS - MAIPO - ALTO JAHUEL;AGUAS ANDINAS;Comercial,2020-04-01,160553.87931182102,No Residencial
BUIN - PAINE - LINDEROS - MAIPO - ALTO JAHUEL;AGUAS ANDINAS;Comercial,2020-05-01,151842.56127509233,No Residencial
BUIN - PAINE - LINDEROS - MAIPO - ALTO JAHUEL;AGUAS ANDINAS;Comercial,2020-06-01,148919.9033228378,No Residencial
BUIN - PAINE - LINDEROS - MAIPO - ALTO JAHUEL;AGUAS ANDINAS;Comercial,2020-07-01,139844.07108027636,No Residencial
BUIN - PAINE - LINDEROS - MAIPO - ALTO JAHUEL;AGUAS ANDINAS;Comercial,2020-08-01,139526.29572802645,No Residencial
BUIN - PAINE - LINDEROS - MAIPO - ALTO JAHUEL;AGUAS ANDINAS;Comercial,2020-09-01,149635.7184942205,No Residencial
BUIN - PAINE - LINDEROS - MAIPO - ALTO JAHUEL;AGUAS ANDINAS;Comercial,2020-10-01,151683.39396795986,No Residencial
BUIN - PAINE - LINDEROS - MAIPO - ALTO JAHUEL;AGUAS ANDINAS;Comercial,2020-11-01,167647.94515730353,No Residencial
BUIN - PAINE - LINDEROS - MAIPO - ALTO JAHUEL;AGUAS ANDINAS;Comercial,2020-12-01,180903.25183090844,No Residencial
BUIN - PAINE - LINDEROS - MAIPO - ALTO JAHUEL;AGUAS ANDINAS;Comercial,2021-01-01,178643.19282903662,No Residencial
BUIN - PAINE - LINDEROS - MAIPO - ALTO JAHUEL;AGUAS ANDINAS;Comercial,2021-02-01,177289.41641576038,No Residencial
BUIN - PAINE - LINDEROS - MAIPO - ALTO JAHUEL;AGUAS ANDINAS;Comercial,2021-03-01,171419.1095240849,No Residencial
BUIN - PAINE - LINDEROS - MAIPO - ALTO JAHUEL;AGUAS ANDINAS;Comercial,2021-04-01,164973.4061385666,No Residencial
BUIN - PAINE - LINDEROS - MAIPO - ALTO JAHUEL;AGUAS ANDINAS;Comercial,2021-05-01,154755.928730076,No Residencial
BUIN - PAINE - LINDEROS - MAIPO - ALTO JAHUEL;AGUAS ANDINAS;Comercial,2021-06-01,144492.985657348,No Residencial
BUIN - PAINE - LINDEROS - MAIPO - ALTO JAHUEL;AGUAS ANDINAS;Comercial,2021-07-01,140159.22682194982,No Residencial
BUIN - PAINE - LINDEROS - MAIPO - ALTO JAHUEL;AGUAS ANDINAS;Comercial,2021-08-01,138955.76190205145,No Residencial
BUIN - PAINE - LINDEROS - MAIPO - ALTO JAHUEL;AGUAS ANDINAS;Comercial,2021-09-01,147486.42168430582,No Residencial
BUIN - PAINE - LINDEROS - MAIPO - ALTO JAHUEL;AGUAS ANDINAS;Comercial,2021-10-01,149348.58114505338,No Residencial
BUIN - PAINE - LINDEROS - MAIPO - ALTO JAHUEL;AGUAS ANDINAS;Comercial,2021-11-01,166330.09648258888,No Residencial
BUIN - PAINE - LINDEROS - MAIPO - ALTO JAHUEL;AGUAS ANDINAS;Comercial,2021-12-01,179505.02529755884,No Residencial
BUIN - PAINE - LINDEROS - MAIPO - ALTO JAHUEL;AGUAS ANDINAS;Comercial,2022-01-01,177253.34367481046,No Residencial
BUIN - PAINE - LINDEROS - MAIPO - ALTO JAHUEL;AGUAS ANDINAS;Comercial,2022-02-01,176879.16405299908,No Residencial
BUIN - PAINE - LINDEROS - MAIPO - ALTO JAHUEL;AGUAS ANDINAS;Comercial,2022-03-01,175451.32832311932,No Residencial
BUIN - PAINE - LINDEROS - MAIPO - ALTO JAHUEL;AGUAS ANDINAS;Comercial,2022-04-01,163612.60723195772,No Residencial
BUIN - PAINE - LINDEROS - MAIPO - ALTO JAHUEL;AGUAS ANDINAS;Comercial,2022-05-01,153317.6570162861,No Residencial
BUIN - PAINE - LINDEROS - MAIPO - ALTO JAHUEL;AGUAS ANDINAS;Comercial,2022-06-01,147115.5490166847,No Residencial
BUIN - PAINE - LINDEROS - MAIPO - ALTO JAHUEL;AGUAS ANDINAS;Comercial,2022-07-01,138626.2659714987,No Residencial
BUIN - PAINE - LINDEROS - MAIPO - ALTO JAHUEL;AGUAS ANDINAS;Comercial,2022-08-01,140034.90842694024,No Residencial
BUIN - PAINE - LINDEROS - MAIPO - ALTO JAHUEL;AGUAS ANDINAS;Comercial,2022-09-01,149075.70644373324,No Residencial
BUIN - PAINE - LINDEROS - MAIPO - ALTO JAHUEL;AGUAS ANDINAS;Comercial,2022-10-01,151079.96643732008,No Residencial
BUIN - PAINE - LINDEROS - MAIPO - ALTO JAHUEL;AGUAS ANDINAS;Comercial,2022-11-01,168267.54917631653,No Residencial
BUIN - PAINE - LINDEROS - MAIPO - ALTO JAHUEL;AGUAS ANDINAS;Comercial,2022-12-01,182197.56830932363,No Residencial
BUIN - PAINE - LINDEROS - MAIPO - ALTO JAHUEL;AGUAS ANDINAS;Comercial,2023-01-01,181507.7120440621,No Residencial
BUIN - PAINE - LINDEROS - MAIPO - ALTO JAHUEL;AGUAS ANDINAS;Comercial,2023-02-01,180435.55243999837,No Residencial
BUIN - PAINE - LINDEROS - MAIPO - ALTO JAHUEL;AGUAS ANDINAS;Comercial,2023-03-01,178508.18227336445,No Residencial
BUIN - PAINE - LINDEROS - MAIPO - ALTO JAHUEL;AGUAS ANDINAS;Comercial,2023-04-01,169782.8086934649,No Residencial
BUIN - PAINE - LINDEROS - MAIPO - ALTO JAHUEL;AGUAS ANDINAS;Comercial,2023-05-01,159586.1731252648,No Residencial
BUIN - PAINE - LINDEROS - MAIPO - ALTO JAHUEL;AGUAS ANDINAS;Comercial,2023-06-01,150631.80918821314,No Residencial
BUIN - PAINE - LINDEROS - MAIPO - ALTO JAHUEL;AGUAS ANDINAS;Comercial,2023-07-01,146393.2462759992,No Residencial
BUIN - PAINE - LINDEROS - MAIPO - ALTO JAHUEL;AGUAS ANDINAS;Comercial,2023-08-01,145175.75837393728,No Residencial
BUIN - PAINE - LINDEROS - MAIPO - ALTO JAHUEL;AGUAS ANDINAS;Comercial,2023-09-01,153877.50130668603,No Residencial
BUIN - PAINE - LINDEROS - MAIPO - ALTO JAHUEL;AGUAS ANDINAS;Comercial,2023-10-01,155819.39772858474,No Residencial
BUIN - PAINE - LINDEROS - MAIPO - ALTO JAHUEL;AGUAS ANDINAS;Comercial,2023-11-01,172511.27947809195,No Residencial
BUIN - PAINE - LINDEROS - MAIPO - ALTO JAHUEL;AGUAS ANDINAS;Comercial,2023-12-01,187052.3307445294,No Residencial
BUIN - PAINE - LINDEROS - MAIPO - ALTO JAHUEL;AGUAS ANDINAS;Comercial,2024-01-01,186453.02756682143,No Residencial
BUIN - PAINE - LINDEROS - MAIPO - ALTO JAHUEL;AGUAS ANDINAS;Comercial,2024-02-01,184559.8537725365,No Residencial
BUIN - PAINE - LINDEROS - MAIPO - ALTO JAHUEL;AGUAS ANDINAS;Comercial,2024-03-01,183424.56380598145,No Residencial
BUIN - PAINE - LINDEROS - MAIPO - ALTO JAHUEL;AGUAS ANDINAS;Comercial,2024-04-01,164797.09053636526,No Residencial
BUIN - PAINE - LINDEROS - MAIPO - ALTO JAHUEL;AGUAS ANDINAS;Comercial,2024-05-01,154463.53532319682,No Residencial
BUIN - PAINE - LINDEROS - MAIPO - ALTO JAHUEL;AGUAS ANDINAS;Comercial,2024-06-01,145806.23442998293,No Residencial
BUIN - PAINE - LINDEROS - MAIPO - ALTO JAHUEL;AGUAS ANDINAS;Comercial,2024-07-01,138620.01578326256,No Residencial
BUIN - PAINE - LINDEROS - MAIPO - ALTO JAHUEL;AGUAS ANDINAS;Comercial,2024-08-01,137715.52423655184,No Residencial
BUIN - PAINE - LINDEROS - MAIPO - ALTO JAHUEL;AGUAS ANDINAS;Comercial,2024-09-01,146435.14856843633,No Residencial
BUIN - PAINE - LINDEROS - MAIPO - ALTO JAHUEL;AGUAS ANDINAS;Comercial,2024-10-01,148288.24256902168,No Residencial
BUIN - PAINE - LINDEROS - MAIPO - ALTO JAHUEL;AGUAS ANDINAS;Comercial,2024-11-01,164964.61760618308,No Residencial
BUIN - PAINE - LINDEROS - MAIPO - ALTO JAHUEL;AGUAS ANDINAS;Comercial,2024-12-01,180012.7519876228,No Residencial
BUIN - PAINE - LINDEROS - MAIPO - ALTO JAHUEL;AGUAS ANDINAS;Industrial,2020-01-01,14041.49215508665,No Residencial
BUIN - PAINE - LINDEROS - MAIPO - ALTO JAHUEL;AGUAS ANDINAS;Industrial,2020-02-01,13918.303297199369,No Residencial
BUIN - PAINE - LINDEROS - MAIPO - ALTO JAHUEL;AGUAS ANDINAS;Industrial,2020-03-01,14433.148019559218,No Residencial
BUIN - PAINE - LINDEROS - MAIPO - ALTO JAHUEL;AGUAS ANDINAS;Industrial,2020-04-01,14813.90783586511,No Residencial
BUIN - PAINE - LINDEROS - MAIPO - ALTO JAHUEL;AGUAS ANDINAS;Industrial,2020-05-01,12755.7006115021,No Residencial
BUIN - PAINE - LINDEROS - MAIPO - ALTO JAHUEL;AGUAS ANDINAS;Industrial,2020-06-01,11923.009843319049,No Residencial
BUIN - PAINE - LINDEROS - MAIPO - ALTO JAHUEL;AGUAS ANDINAS;Industrial,2020-07-01,11946.390275325391,No Residencial
BUIN - PAINE - LINDEROS - MAIPO - ALTO JAHUEL;AGUAS ANDINAS;Industrial,2020-08-01,12150.096942589187,No Residencial
BUIN - PAINE - LINDEROS - MAIPO - ALTO JAHUEL;AGUAS ANDINAS;Industrial,2020-09-01,12001.450369811097,No Residencial
BUIN - PAINE - LINDEROS - MAIPO - ALTO JAHUEL;AGUAS ANDINAS;Industrial,2020-10-01,13198.576599613936,No Residencial
BUIN - PAINE - LINDEROS - MAIPO - ALTO JAHUEL;AGUAS ANDINAS;Industrial,2020-11-01,14064.774984743628,No Residencial
BUIN - PAINE - LINDEROS - MAIPO - ALTO JAHUEL;AGUAS ANDINAS;Industrial,2020-12-01,14239.16618496494,No Residencial
BUIN - PAINE - LINDEROS - MAIPO - ALTO JAHUEL;AGUAS ANDINAS;Industrial,2021-01-01,15961.369487705511,No Residencial
BUIN - PAINE - LINDEROS - MAIPO - ALTO JAHUEL;AGUAS ANDINAS;Industrial,2021-02-01,15434.252907791995,No Residencial
BUIN - PAINE - LINDEROS - MAIPO - ALTO JAHUEL;AGUAS ANDINAS;Industrial,2021-03-01,14566.29680480518,No Residencial
BUIN - PAINE - LINDEROS - MAIPO - ALTO JAHUEL;AGUAS ANDINAS;Industrial,2021-04-01,13788.467105677157,No Residencial
BUIN - PAINE - LINDEROS - MAIPO - ALTO JAHUEL;AGUAS ANDINAS;Industrial,2021-05-01,13050.528500938672,No Residencial
BUIN - PAINE - LINDEROS - MAIPO - ALTO JAHUEL;AGUAS ANDINAS;Industrial,2021-06-01,13079.06394172404,No Residencial
BUIN - PAINE - LINDEROS - MAIPO - ALTO JAHUEL;AGUAS ANDINAS;Industrial,2021-07-01,11892.11211928075,No Residencial
BUIN - PAINE - LINDEROS - MAIPO - ALTO JAHUEL;AGUAS ANDINAS;Industrial,2021-08-01,11941.72622953441,No Residencial
BUIN - PAINE - LINDEROS - MAIPO - ALTO JAHUEL;AGUAS ANDINAS;Industrial,2021-09-01,12150.01258977496,No Residencial
BUIN - PAINE - LINDEROS - MAIPO - ALTO JAHUEL;AGUAS ANDINAS;Industrial,2021-10-01,13302.824241537612,No Residencial
BUIN - PAINE - LINDEROS - MAIPO - ALTO JAHUEL;AGUAS ANDINAS;Industrial,2021-11-01,14874.324919613677,No Residencial
BUIN - PAINE - LINDEROS - MAIPO - ALTO JAHUEL;AGUAS ANDINAS;Industrial,2021-12-01,15739.829890160354,No Residencial
BUIN - PAINE - LINDEROS - MAIPO - ALTO JAHUEL;AGUAS ANDINAS;Industrial,2022-01-01,15952.824905044688,No Residencial
BUIN - PAINE - LINDEROS - MAIPO - ALTO JAHUEL;AGUAS ANDINAS;Industrial,2022-02-01,17196.172305437565,No Residencial
BUIN - PAINE - LINDEROS - MAIPO - ALTO JAHUEL;AGUAS ANDINAS;Industrial,2022-03-01,16361.7698554639,No Residencial
BUIN - PAINE - LINDEROS - MAIPO - ALTO JAHUEL;AGUAS ANDINAS;Industrial,2022-04-01,13961.81673439539,No Residencial
BUIN - PAINE - LINDEROS - MAIPO - ALTO JAHUEL;AGUAS ANDINAS;Industrial,2022-05-01,13764.997282143442,No Residencial
BUIN - PAINE - LINDEROS - MAIPO - ALTO JAHUEL;AGUAS ANDINAS;Industrial,2022-06-01,13529.429857254128,No Residencial
BUIN - PAINE - LINDEROS - MAIPO - ALTO JAHUEL;AGUAS ANDINAS;Industrial,2022-07-01,11877.386707225323,No Residencial
BUIN - PAINE - LINDEROS - MAIPO - ALTO JAHUEL;AGUAS ANDINAS;Industrial,2022-08-01,12461.175290055822,No Residencial
BUIN - PAINE - LINDEROS - MAIPO - ALTO JAHUEL;AGUAS ANDINAS;Industrial,2022-09-01,12776.3366528729,No Residencial
BUIN - PAINE - LINDEROS - MAIPO - ALTO JAHUEL;AGUAS ANDINAS;Industrial,2022-10-01,14253.16562874298,No Residencial
BUIN - PAINE - LINDEROS - MAIPO - ALTO JAHUEL;AGUAS ANDINAS;Industrial,2022-11-01,16489.93466157171,No Residencial
BUIN - PAINE - LINDEROS - MAIPO - ALTO JAHUEL;AGUAS ANDINAS;Industrial,2022-12-01,15742.282831387884,No Residencial
BUIN - PAINE - LINDEROS - MAIPO - ALTO JAHUEL;AGUAS ANDINAS;Industrial,2023-01-01,16863.85265461919,No Residencial
BUIN - PAINE - LINDEROS - MAIPO - ALTO JAHUEL;AGUAS ANDINAS;Industrial,2023-02-01,18638.32850777685,No Residencial
BUIN - PAINE - LINDEROS - MAIPO - ALTO JAHUEL;AGUAS ANDINAS;Industrial,2023-03-01,18439.655110054187,No Residencial
BUIN - PAINE - LINDEROS - MAIPO - ALTO JAHUEL;AGUAS ANDINAS;Industrial,2023-04-01,17193.8149637802,No Residencial
BUIN - PAINE - LINDEROS - MAIPO - ALTO JAHUEL;AGUAS ANDINAS;Industrial,2023-05-01,15411.745838813946,No Residencial
BUIN - PAINE - LINDEROS - MAIPO - ALTO JAHUEL;AGUAS ANDINAS;Industrial,2023-06-01,14529.262980971514,No Residencial
BUIN - PAINE - LINDEROS - MAIPO - ALTO JAHUEL;AGUAS ANDINAS;Industrial,2023-07-01,13971.407123701176,No Residencial
BUIN - PAINE - LINDEROS - MAIPO - ALTO JAHUEL;AGUAS ANDINAS;Industrial,2023-08-01,13172.6638821814,No Residencial
BUIN - PAINE - LINDEROS - MAIPO - ALTO JAHUEL;AGUAS ANDINAS;Industrial,2023-09-01,13124.785847568526,No Residencial
BUIN - PAINE - LINDEROS - MAIPO - ALTO JAHUEL;AGUAS ANDINAS;Industrial,2023-10-01,13931.289300990204,No Residencial
BUIN - PAINE - LINDEROS - MAIPO - ALTO JAHUEL;AGUAS ANDINAS;Industrial,2023-11-01,15925.04303474673,No Residencial
BUIN - PAINE - LINDEROS - MAIPO - ALTO JAHUEL;AGUAS ANDINAS;Industrial,2023-12-01,18019.69511727658,No Residencial
BUIN - PAINE - LINDEROS - MAIPO - ALTO JAHUEL;AGUAS ANDINAS;Industrial,2024-01-01,18134.15905925806,No Residencial
BUIN - PAINE - LINDEROS - MAIPO - ALTO JAHUEL;AGUAS ANDINAS;Industrial,2024-02-01,17691.761162628194,No Residencial
BUIN - PAINE - LINDEROS - MAIPO - ALTO JAHUEL;AGUAS ANDINAS;Industrial,2024-03-01,18689.31380677541,No Residencial
BUIN - PAINE - LINDEROS - MAIPO - ALTO JAHUEL;AGUAS ANDINAS;Industrial,2024-04-01,16846.68050556313,No Residencial
BUIN - PAINE - LINDEROS - MAIPO - ALTO JAHUEL;AGUAS ANDINAS;Industrial,2024-05-01,15000.641659190343,No Residencial
BUIN - PAINE - LINDEROS - MAIPO - ALTO JAHUEL;AGUAS ANDINAS;Industrial,2024-06-01,15387.10857438318,No Residencial
BUIN - PAINE - LINDEROS - MAIPO - ALTO JAHUEL;AGUAS ANDINAS;Industrial,2024-07-01,15845.006253211432,No Residencial
BUIN - PAINE - LINDEROS - MAIPO - ALTO JAHUEL;AGUAS ANDINAS;Industrial,2024-08-01,13496.241739504145,No Residencial
BUIN - PAINE - LINDEROS - MAIPO - ALTO JAHUEL;AGUAS ANDINAS;Industrial,2024-09-01,14812.183937789334,No Residencial
BUIN - PAINE - LINDEROS - MAIPO - ALTO JAHUEL;AGUAS ANDINAS;Industrial,2024-10-01,14786.460543102134,No Residencial
BUIN - PAINE - LINDEROS - MAIPO - ALTO JAHUEL;AGUAS ANDINAS;Industrial,2024-11-01,16776.811154652823,No Residencial
BUIN - PAINE - LINDEROS - MAIPO - ALTO JAHUEL;AGUAS ANDINAS;Industrial,2024-12-01,19627.036464622703,No Residencial
BUIN - PAINE - LINDEROS - MAIPO - ALTO JAHUEL;AGUAS ANDINAS;Institucional,2020-01-01,4714.6458216683295,No Residencial
BUIN - PAINE - LINDEROS - MAIPO - ALTO JAHUEL;AGUAS ANDINAS;Institucional,2020-02-01,258.8588324206603,No Residencial
BUIN - PAINE - LINDEROS - MAIPO - ALTO JAHUEL;AGUAS ANDINAS;Institucional,2020-03-01,4928.870616270076,No Residencial
BUIN - PAINE - LINDEROS - MAIPO - ALTO JAHUEL;AGUAS ANDINAS;Institucional,2020-04-01,473.0836270224063,No Residencial
BUIN - PAINE - LINDEROS - MAIPO - ALTO JAHUEL;AGUAS ANDINAS;Institucional,2020-05-01,4931.222067454821,No Residencial
BUIN - PAINE - LINDEROS - MAIPO - ALTO JAHUEL;AGUAS ANDINAS;Institucional,2020-06-01,498.6706101155569,No Residencial
BUIN - PAINE - LINDEROS - MAIPO - ALTO JAHUEL;AGUAS ANDINAS;Institucional,2020-07-01,4698.931383730798,No Residencial
BUIN - PAINE - LINDEROS - MAIPO - ALTO JAHUEL;AGUAS ANDINAS;Institucional,2020-08-01,414.5560613787193,No Residencial
BUIN - PAINE - LINDEROS - MAIPO - ALTO JAHUEL;AGUAS ANDINAS;Institucional,2020-09-01,4624.772840858021,No Residencial
BUIN - PAINE - LINDEROS - MAIPO - ALTO JAHUEL;AGUAS ANDINAS;Institucional,2020-10-01,340.39751850594166,No Residencial
BUIN - PAINE - LINDEROS - MAIPO - ALTO JAHUEL;AGUAS ANDINAS;Institucional,2020-11-01,4544.219379119598,No Residencial
BUIN - PAINE - LINDEROS - MAIPO - ALTO JAHUEL;AGUAS ANDINAS;Institucional,2020-12-01,259.84405676751885,No Residencial
BUIN - PAINE - LINDEROS - MAIPO - ALTO JAHUEL;AGUAS ANDINAS;Institucional,2021-01-01,4756.2216161532015,No Residencial
BUIN - PAINE - LINDEROS - MAIPO - ALTO JAHUEL;AGUAS ANDINAS;Institucional,2021-02-01,323.67015881393763,No Residencial
BUIN - PAINE - LINDEROS - MAIPO - ALTO JAHUEL;AGUAS ANDINAS;Institucional,2021-03-01,4775.413680380706,No Residencial
BUIN - PAINE - LINDEROS - MAIPO - ALTO JAHUEL;AGUAS ANDINAS;Institucional,2021-04-01,342.8622230414421,No Residencial
BUIN - PAINE - LINDEROS - MAIPO - ALTO JAHUEL;AGUAS ANDINAS;Institucional,2021-05-01,4791.044657609796,No Residencial
BUIN - PAINE - LINDEROS - MAIPO - ALTO JAHUEL;AGUAS ANDINAS;Institucional,2021-06-01,358.4932002705318,No Residencial
BUIN - PAINE - LINDEROS - MAIPO - ALTO JAHUEL;AGUAS ANDINAS;Institucional,2021-07-01,4558.753973885773,No Residencial
BUIN - PAINE - LINDEROS - MAIPO - ALTO JAHUEL;AGUAS ANDINAS;Institucional,2021-08-01,274.3786515336942,No Residencial
BUIN - PAINE - LINDEROS - MAIPO - ALTO JAHUEL;AGUAS ANDINAS;Institucional,2021-09-01,4474.639425148936,No Residencial
BUIN - PAINE - LINDEROS - MAIPO - ALTO JAHUEL;AGUAS ANDINAS;Institucional,2021-10-01,190.2641027968566,No Residencial
BUIN - PAINE - LINDEROS - MAIPO - ALTO JAHUEL;AGUAS ANDINAS;Institucional,2021-11-01,4394.085963410513,No Residencial
BUIN - PAINE - LINDEROS - MAIPO - ALTO JAHUEL;AGUAS ANDINAS;Institucional,2021-12-01,109.7106410584338,No Residencial
BUIN - PAINE - LINDEROS - MAIPO - ALTO JAHUEL;AGUAS ANDINAS;Institucional,2022-01-01,4561.454162625202,No Residencial
BUIN - PAINE - LINDEROS - MAIPO - ALTO JAHUEL;AGUAS ANDINAS;Institucional,2022-02-01,128.90270528593828,No Residencial
BUIN - PAINE - LINDEROS - MAIPO - ALTO JAHUEL;AGUAS ANDINAS;Institucional,2022-03-01,4580.646226852707,No Residencial
BUIN - PAINE - LINDEROS - MAIPO - ALTO JAHUEL;AGUAS ANDINAS;Institucional,2022-04-01,148.09476951344277,No Residencial
BUIN - PAINE - LINDEROS - MAIPO - ALTO JAHUEL;AGUAS ANDINAS;Institucional,2022-05-01,4596.277204081796,No Residencial
BUIN - PAINE - LINDEROS - MAIPO - ALTO JAHUEL;AGUAS ANDINAS;Institucional,2022-06-01,163.72574674253246,No Residencial
BUIN - PAINE - LINDEROS - MAIPO - ALTO JAHUEL;AGUAS ANDINAS;Institucional,2022-07-01,4363.986520357774,No Residencial
BUIN - PAINE - LINDEROS - MAIPO - ALTO JAHUEL;AGUAS ANDINAS;Institucional,2022-08-01,79.61119800569486,No Residencial
BUIN - PAINE - LINDEROS - MAIPO - ALTO JAHUEL;AGUAS ANDINAS;Institucional,2022-09-01,4279.871971620936,No Residencial
BUIN - PAINE - LINDEROS - MAIPO - ALTO JAHUEL;AGUAS ANDINAS;Institucional,2022-10-01,0.0,No Residencial
BUIN - PAINE - LINDEROS - MAIPO - ALTO JAHUEL;AGUAS ANDINAS;Institucional,2022-11-01,4199.318509882513,No Residencial
BUIN - PAINE - LINDEROS - MAIPO - ALTO JAHUEL;AGUAS ANDINAS;Institucional,2022-12-01,0.0,No Residencial
BUIN - PAINE - LINDEROS - MAIPO - ALTO JAHUEL;AGUAS ANDINAS;Institucional,2023-01-01,4411.320746916117,No Residencial
BUIN - PAINE - LINDEROS - MAIPO - ALTO JAHUEL;AGUAS ANDINAS;Institucional,2023-02-01,0.0,No Residencial
BUIN - PAINE - LINDEROS - MAIPO - ALTO JAHUEL;AGUAS ANDINAS;Institucional,2023-03-01,4475.146848962536,No Residencial
BUIN - PAINE - LINDEROS - MAIPO - ALTO JAHUEL;AGUAS ANDINAS;Institucional,2023-04-01,42.59539162327201,No Residencial
BUIN - PAINE - LINDEROS - MAIPO - ALTO JAHUEL;AGUAS ANDINAS;Institucional,2023-05-01,4494.33891319004,No Residencial
BUIN - PAINE - LINDEROS - MAIPO - ALTO JAHUEL;AGUAS ANDINAS;Institucional,2023-06-01,61.787455850776496,No Residencial
BUIN - PAINE - LINDEROS - MAIPO - ALTO JAHUEL;AGUAS ANDINAS;Institucional,2023-07-01,4262.048229466018,No Residencial
BUIN - PAINE - LINDEROS - MAIPO - ALTO JAHUEL;AGUAS ANDINAS;Institucional,2023-08-01,0.0,No Residencial
BUIN - PAINE - LINDEROS - MAIPO - ALTO JAHUEL;AGUAS ANDINAS;Institucional,2023-09-01,4177.93368072918,No Residencial
BUIN - PAINE - LINDEROS - MAIPO - ALTO JAHUEL;AGUAS ANDINAS;Institucional,2023-10-01,0.0,No Residencial
BUIN - PAINE - LINDEROS - MAIPO - ALTO JAHUEL;AGUAS ANDINAS;Institucional,2023-11-01,4097.380218990757,No Residencial
BUIN - PAINE - LINDEROS - MAIPO - ALTO JAHUEL;AGUAS ANDINAS;Institucional,2023-12-01,0.0,No Residencial
BUIN - PAINE - LINDEROS - MAIPO - ALTO JAHUEL;AGUAS ANDINAS;Institucional,2024-01-01,4309.382456024361,No Residencial
BUIN - PAINE - LINDEROS - MAIPO - ALTO JAHUEL;AGUAS ANDINAS;Institucional,2024-02-01,0.0,No Residencial
BUIN - PAINE - LINDEROS - MAIPO - ALTO JAHUEL;AGUAS ANDINAS;Institucional,2024-03-01,4328.574520251866,No Residencial
BUIN - PAINE - LINDEROS - MAIPO - ALTO JAHUEL;AGUAS ANDINAS;Institucional,2024-04-01,0.0,No Residencial
BUIN - PAINE - LINDEROS - MAIPO - ALTO JAHUEL;AGUAS ANDINAS;Institucional,2024-05-01,4344.205497480955,No Residencial
BUIN - PAINE - LINDEROS - MAIPO - ALTO JAHUEL;AGUAS ANDINAS;Institucional,2024-06-01,0.0,No Residencial
BUIN - PAINE - LINDEROS - MAIPO - ALTO JAHUEL;AGUAS ANDINAS;Institucional,2024-07-01,4111.914813756933,No Residencial
BUIN - PAINE - LINDEROS - MAIPO - ALTO JAHUEL;AGUAS ANDINAS;Institucional,2024-08-01,0.0,No Residencial
BUIN - PAINE - LINDEROS - MAIPO - ALTO JAHUEL;AGUAS ANDINAS;Institucional,2024-09-01,4027.800265020095,No Residencial
BUIN - PAINE - LINDEROS - MAIPO - ALTO JAHUEL;AGUAS ANDINAS;Institucional,2024-10-01,0.0,No Residencial
BUIN - PAINE - LINDEROS - MAIPO - ALTO JAHUEL;AGUAS ANDINAS;Institucional,2024-11-01,3947.246803281672,No Residencial
BUIN - PAINE - LINDEROS - MAIPO - ALTO JAHUEL;AGUAS ANDINAS;Institucional,2024-12-01,0.0,No Residencial
BUIN - PAINE - LINDEROS - MAIPO - ALTO JAHUEL;AGUAS ANDINAS;No Asociado a Inmueble,2020-01-01,41328.80311806654,No Residencial
BUIN - PAINE - LINDEROS - MAIPO - ALTO JAHUEL;AGUAS ANDINAS;No Asociado a Inmueble,2020-02-01,45308.34637770079,No Residencial
BUIN - PAINE - LINDEROS - MAIPO - ALTO JAHUEL;AGUAS ANDINAS;No Asociado a Inmueble,2020-03-01,45069.29668159056,No Residencial
BUIN - PAINE - LINDEROS - MAIPO - ALTO JAHUEL;AGUAS ANDINAS;No Asociado a Inmueble,2020-04-01,41003.792602969086,No Residencial
BUIN - PAINE - LINDEROS - MAIPO - ALTO JAHUEL;AGUAS ANDINAS;No Asociado a Inmueble,2020-05-01,34581.93342685696,No Residencial
BUIN - PAINE - LINDEROS - MAIPO - ALTO JAHUEL;AGUAS ANDINAS;No Asociado a Inmueble,2020-06-01,28170.86071405457,No Residencial
BUIN - PAINE - LINDEROS - MAIPO - ALTO JAHUEL;AGUAS ANDINAS;No Asociado a Inmueble,2020-07-01,21401.803341455,No Residencial
BUIN - PAINE - LINDEROS - MAIPO - ALTO JAHUEL;AGUAS ANDINAS;No Asociado a Inmueble,2020-08-01,21136.614782848825,No Residencial
BUIN - PAINE - LINDEROS - MAIPO - ALTO JAHUEL;AGUAS ANDINAS;No Asociado a Inmueble,2020-09-01,23183.60620190081,No Residencial
BUIN - PAINE - LINDEROS - MAIPO - ALTO JAHUEL;AGUAS ANDINAS;No Asociado a Inmueble,2020-10-01,26206.106110206587,No Residencial
BUIN - PAINE - LINDEROS - MAIPO - ALTO JAHUEL;AGUAS ANDINAS;No Asociado a Inmueble,2020-11-01,31872.222309305896,No Residencial
BUIN - PAINE - LINDEROS - MAIPO - ALTO JAHUEL;AGUAS ANDINAS;No Asociado a Inmueble,2020-12-01,38593.522262420905,No Residencial
BUIN - PAINE - LINDEROS - MAIPO - ALTO JAHUEL;AGUAS ANDINAS;No Asociado a Inmueble,2021-01-01,42477.15212197005,No Residencial
BUIN - PAINE - LINDEROS - MAIPO - ALTO JAHUEL;AGUAS ANDINAS;No Asociado a Inmueble,2021-02-01,47106.49076502665,No Residencial
BUIN - PAINE - LINDEROS - MAIPO - ALTO JAHUEL;AGUAS ANDINAS;No Asociado a Inmueble,2021-03-01,45851.471409299455,No Residencial
BUIN - PAINE - LINDEROS - MAIPO - ALTO JAHUEL;AGUAS ANDINAS;No Asociado a Inmueble,2021-04-01,39811.382234288,No Residencial
BUIN - PAINE - LINDEROS - MAIPO - ALTO JAHUEL;AGUAS ANDINAS;No Asociado a Inmueble,2021-05-01,34598.8871380055,No Residencial
BUIN - PAINE - LINDEROS - MAIPO - ALTO JAHUEL;AGUAS ANDINAS;No Asociado a Inmueble,2021-06-01,28540.34617516211,No Residencial
BUIN - PAINE - LINDEROS - MAIPO - ALTO JAHUEL;AGUAS ANDINAS;No Asociado a Inmueble,2021-07-01,25878.7262093796,No Residencial
BUIN - PAINE - LINDEROS - MAIPO - ALTO JAHUEL;AGUAS ANDINAS;No Asociado a Inmueble,2021-08-01,25786.249851818346,No Residencial
BUIN - PAINE - LINDEROS - MAIPO - ALTO JAHUEL;AGUAS ANDINAS;No Asociado a Inmueble,2021-09-01,26759.319451681826,No Residencial
BUIN - PAINE - LINDEROS - MAIPO - ALTO JAHUEL;AGUAS ANDINAS;No Asociado a Inmueble,2021-10-01,29310.64745718656,No Residencial
BUIN - PAINE - LINDEROS - MAIPO - ALTO JAHUEL;AGUAS ANDINAS;No Asociado a Inmueble,2021-11-01,34472.31471185615,No Residencial
BUIN - PAINE - LINDEROS - MAIPO - ALTO JAHUEL;AGUAS ANDINAS;No Asociado a Inmueble,2021-12-01,40106.89526423115,No Residencial
BUIN - PAINE - LINDEROS - MAIPO - ALTO JAHUEL;AGUAS ANDINAS;No Asociado a Inmueble,2022-01-01,45124.64254390267,No Residencial
BUIN - PAINE - LINDEROS - MAIPO - ALTO JAHUEL;AGUAS ANDINAS;No Asociado a Inmueble,2022-02-01,51721.78102182342,No Residencial
BUIN - PAINE - LINDEROS - MAIPO - ALTO JAHUEL;AGUAS ANDINAS;No Asociado a Inmueble,2022-03-01,52817.98979537096,No Residencial
BUIN - PAINE - LINDEROS - MAIPO - ALTO JAHUEL;AGUAS ANDINAS;No Asociado a Inmueble,2022-04-01,44009.49973281996,No Residencial
BUIN - PAINE - LINDEROS - MAIPO - ALTO JAHUEL;AGUAS ANDINAS;No Asociado a Inmueble,2022-05-01,35239.29233126092,No Residencial
BUIN - PAINE - LINDEROS - MAIPO - ALTO JAHUEL;AGUAS ANDINAS;No Asociado a Inmueble,2022-06-01,29645.662439048123,No Residencial
BUIN - PAINE - LINDEROS - MAIPO - ALTO JAHUEL;AGUAS ANDINAS;No Asociado a Inmueble,2022-07-01,26027.54619276605,No Residencial
BUIN - PAINE - LINDEROS - MAIPO - ALTO JAHUEL;AGUAS ANDINAS;No Asociado a Inmueble,2022-08-01,26764.29802388552,No Residencial
BUIN - PAINE - LINDEROS - MAIPO - ALTO JAHUEL;AGUAS ANDINAS;No Asociado a Inmueble,2022-09-01,28161.79171938384,No Residencial
BUIN - PAINE - LINDEROS - MAIPO - ALTO JAHUEL;AGUAS ANDINAS;No Asociado a Inmueble,2022-10-01,30900.62749828364,No Residencial
BUIN - PAINE - LINDEROS - MAIPO - ALTO JAHUEL;AGUAS ANDINAS;No Asociado a Inmueble,2022-11-01,35535.96089976983,No Residencial
BUIN - PAINE - LINDEROS - MAIPO - ALTO JAHUEL;AGUAS ANDINAS;No Asociado a Inmueble,2022-12-01,42209.2358315388,No Residencial
BUIN - PAINE - LINDEROS - MAIPO - ALTO JAHUEL;AGUAS ANDINAS;No Asociado a Inmueble,2023-01-01,46827.62402097822,No Residencial
BUIN - PAINE - LINDEROS - MAIPO - ALTO JAHUEL;AGUAS ANDINAS;No Asociado a Inmueble,2023-02-01,53989.05412921337,No Residencial
BUIN - PAINE - LINDEROS - MAIPO - ALTO JAHUEL;AGUAS ANDINAS;No Asociado a Inmueble,2023-03-01,54517.92173663688,No Residencial
BUIN - PAINE - LINDEROS - MAIPO - ALTO JAHUEL;AGUAS ANDINAS;No Asociado a Inmueble,2023-04-01,49508.31326066534,No Residencial
BUIN - PAINE - LINDEROS - MAIPO - ALTO JAHUEL;AGUAS ANDINAS;No Asociado a Inmueble,2023-05-01,40912.29949698136,No Residencial
BUIN - PAINE - LINDEROS - MAIPO - ALTO JAHUEL;AGUAS ANDINAS;No Asociado a Inmueble,2023-06-01,32996.46791148754,No Residencial
BUIN - PAINE - LINDEROS - MAIPO - ALTO JAHUEL;AGUAS ANDINAS;No Asociado a Inmueble,2023-07-01,28227.763285623136,No Residencial
BUIN - PAINE - LINDEROS - MAIPO - ALTO JAHUEL;AGUAS ANDINAS;No Asociado a Inmueble,2023-08-01,27668.68823129831,No Residencial
BUIN - PAINE - LINDEROS - MAIPO - ALTO JAHUEL;AGUAS ANDINAS;No Asociado a Inmueble,2023-09-01,27719.244593231204,No Residencial
BUIN - PAINE - LINDEROS - MAIPO - ALTO JAHUEL;AGUAS ANDINAS;No Asociado a Inmueble,2023-10-01,29915.632766147875,No Residencial
BUIN - PAINE - LINDEROS - MAIPO - ALTO JAHUEL;AGUAS ANDINAS;No Asociado a Inmueble,2023-11-01,32001.448675933312,No Residencial
BUIN - PAINE - LINDEROS - MAIPO - ALTO JAHUEL;AGUAS ANDINAS;No Asociado a Inmueble,2023-12-01,39612.472352311146,No Residencial
BUIN - PAINE - LINDEROS - MAIPO - ALTO JAHUEL;AGUAS ANDINAS;No Asociado a Inmueble,2024-01-01,43905.78425593611,No Residencial
BUIN - PAINE - LINDEROS - MAIPO - ALTO JAHUEL;AGUAS ANDINAS;No Asociado a Inmueble,2024-02-01,47962.92704828836,No Residencial
BUIN - PAINE - LINDEROS - MAIPO - ALTO JAHUEL;AGUAS ANDINAS;No Asociado a Inmueble,2024-03-01,49601.55509238711,No Residencial
BUIN - PAINE - LINDEROS - MAIPO - ALTO JAHUEL;AGUAS ANDINAS;No Asociado a Inmueble,2024-04-01,44392.51852688904,No Residencial
BUIN - PAINE - LINDEROS - MAIPO - ALTO JAHUEL;AGUAS ANDINAS;No Asociado a Inmueble,2024-05-01,37034.16203197544,No Residencial
BUIN - PAINE - LINDEROS - MAIPO - ALTO JAHUEL;AGUAS ANDINAS;No Asociado a Inmueble,2024-06-01,31374.260558206923,No Residencial
BUIN - PAINE - LINDEROS - MAIPO - ALTO JAHUEL;AGUAS ANDINAS;No Asociado a Inmueble,2024-07-01,28750.79665358112,No Residencial
BUIN - PAINE - LINDEROS - MAIPO - ALTO JAHUEL;AGUAS ANDINAS;No Asociado a Inmueble,2024-08-01,28820.316684410176,No Residencial
BUIN - PAINE - LINDEROS - MAIPO - ALTO JAHUEL;AGUAS ANDINAS;No Asociado a Inmueble,2024-09-01,31475.45702297973,No Residencial
BUIN - PAINE - LINDEROS - MAIPO - ALTO JAHUEL;AGUAS ANDINAS;No Asociado a Inmueble,2024-10-01,32581.73381812081,No Residencial
BUIN - PAINE - LINDEROS - MAIPO - ALTO JAHUEL;AGUAS ANDINAS;No Asociado a Inmueble,2024-11-01,38772.04814635328,No Residencial
BUIN - PAINE - LINDEROS - MAIPO - ALTO JAHUEL;AGUAS ANDINAS;No Asociado a Inmueble,2024-12-01,44294.73320210056,No Residencial
BUIN - PAINE - LINDEROS - MAIPO - ALTO JAHUEL;AGUAS ANDINAS;Residencial,2020-01-01,721959.1877449793,Residencial
BUIN - PAINE - LINDEROS - MAIPO - ALTO JAHUEL;AGUAS ANDINAS;Residencial,2020-02-01,723813.9401791436,Residencial
BUIN - PAINE - LINDEROS - MAIPO - ALTO JAHUEL;AGUAS ANDINAS;Residencial,2020-03-01,704956.9344228033,Residencial
BUIN - PAINE - LINDEROS - MAIPO - ALTO JAHUEL;AGUAS ANDINAS;Residencial,2020-04-01,672826.0865230748,Residencial
BUIN - PAINE - LINDEROS - MAIPO - ALTO JAHUEL;AGUAS ANDINAS;Residencial,2020-05-01,638836.0760435094,Residencial
BUIN - PAINE - LINDEROS - MAIPO - ALTO JAHUEL;AGUAS ANDINAS;Residencial,2020-06-01,613144.8693269928,Residencial
BUIN - PAINE - LINDEROS - MAIPO - ALTO JAHUEL;AGUAS ANDINAS;Residencial,2020-07-01,595182.5255147514,Residencial
BUIN - PAINE - LINDEROS - MAIPO - ALTO JAHUEL;AGUAS ANDINAS;Residencial,2020-08-01,592598.073520107,Residencial
BUIN - PAINE - LINDEROS - MAIPO - ALTO JAHUEL;AGUAS ANDINAS;Residencial,2020-09-01,607656.2516177887,Residencial
BUIN - PAINE - LINDEROS - MAIPO - ALTO JAHUEL;AGUAS ANDINAS;Residencial,2020-10-01,636598.7598298372,Residencial
BUIN - PAINE - LINDEROS - MAIPO - ALTO JAHUEL;AGUAS ANDINAS;Residencial,2020-11-01,670014.3851105227,Residencial
BUIN - PAINE - LINDEROS - MAIPO - ALTO JAHUEL;AGUAS ANDINAS;Residencial,2020-12-01,704330.1372782015,Residencial
BUIN - PAINE - LINDEROS - MAIPO - ALTO JAHUEL;AGUAS ANDINAS;Residencial,2021-01-01,733968.1827106915,Residencial
BUIN - PAINE - LINDEROS - MAIPO - ALTO JAHUEL;AGUAS ANDINAS;Residencial,2021-02-01,732972.2580288613,Residencial
BUIN - PAINE - LINDEROS - MAIPO - ALTO JAHUEL;AGUAS ANDINAS;Residencial,2021-03-01,720119.7083327683,Residencial
BUIN - PAINE - LINDEROS - MAIPO - ALTO JAHUEL;AGUAS ANDINAS;Residencial,2021-04-01,693162.4792444669,Residencial
BUIN - PAINE - LINDEROS - MAIPO - ALTO JAHUEL;AGUAS ANDINAS;Residencial,2021-05-01,660876.5065599382,Residencial
BUIN - PAINE - LINDEROS - MAIPO - ALTO JAHUEL;AGUAS ANDINAS;Residencial,2021-06-01,631362.5020476695,Residencial
BUIN - PAINE - LINDEROS - MAIPO - ALTO JAHUEL;AGUAS ANDINAS;Residencial,2021-07-01,611002.535258573,Residencial
BUIN - PAINE - LINDEROS - MAIPO - ALTO JAHUEL;AGUAS ANDINAS;Residencial,2021-08-01,610065.4503622222,Residencial
BUIN - PAINE - LINDEROS - MAIPO - ALTO JAHUEL;AGUAS ANDINAS;Residencial,2021-09-01,623366.0804228662,Residencial
BUIN - PAINE - LINDEROS - MAIPO - ALTO JAHUEL;AGUAS ANDINAS;Residencial,2021-10-01,651432.552479259,Residencial
BUIN - PAINE - LINDEROS - MAIPO - ALTO JAHUEL;AGUAS ANDINAS;Residencial,2021-11-01,685589.6332903531,Residencial
BUIN - PAINE - LINDEROS - MAIPO - ALTO JAHUEL;AGUAS ANDINAS;Residencial,2021-12-01,718054.4661035105,Residencial
BUIN - PAINE - LINDEROS - MAIPO - ALTO JAHUEL;AGUAS ANDINAS;Residencial,2022-01-01,748695.2763738324,Residencial
BUIN - PAINE - LINDEROS - MAIPO - ALTO JAHUEL;AGUAS ANDINAS;Residencial,2022-02-01,746853.9153328296,Residencial
BUIN - PAINE - LINDEROS - MAIPO - ALTO JAHUEL;AGUAS ANDINAS;Residencial,2022-03-01,733193.9888181709,Residencial
BUIN - PAINE - LINDEROS - MAIPO - ALTO JAHUEL;AGUAS ANDINAS;Residencial,2022-04-01,696494.657103131,Residencial
BUIN - PAINE - LINDEROS - MAIPO - ALTO JAHUEL;AGUAS ANDINAS;Residencial,2022-05-01,665715.8119296686,Residencial
BUIN - PAINE - LINDEROS - MAIPO - ALTO JAHUEL;AGUAS ANDINAS;Residencial,2022-06-01,634859.0165672348,Residencial
BUIN - PAINE - LINDEROS - MAIPO - ALTO JAHUEL;AGUAS ANDINAS;Residencial,2022-07-01,620621.825337528,Residencial
BUIN - PAINE - LINDEROS - MAIPO - ALTO JAHUEL;AGUAS ANDINAS;Residencial,2022-08-01,618918.1988175202,Residencial
BUIN - PAINE - LINDEROS - MAIPO - ALTO JAHUEL;AGUAS ANDINAS;Residencial,2022-09-01,631145.3642362184,Residencial
BUIN - PAINE - LINDEROS - MAIPO - ALTO JAHUEL;AGUAS ANDINAS;Residencial,2022-10-01,659119.3876089038,Residencial
BUIN - PAINE - LINDEROS - MAIPO - ALTO JAHUEL;AGUAS ANDINAS;Residencial,2022-11-01,692521.1618754372,Residencial
BUIN - PAINE - LINDEROS - MAIPO - ALTO JAHUEL;AGUAS ANDINAS;Residencial,2022-12-01,727299.9399647462,Residencial
BUIN - PAINE - LINDEROS - MAIPO - ALTO JAHUEL;AGUAS ANDINAS;Residencial,2023-01-01,759939.1945961949,Residencial
BUIN - PAINE - LINDEROS - MAIPO - ALTO JAHUEL;AGUAS ANDINAS;Residencial,2023-02-01,762354.8950739509,Residencial
BUIN - PAINE - LINDEROS - MAIPO - ALTO JAHUEL;AGUAS ANDINAS;Residencial,2023-03-01,753114.6405385761,Residencial
BUIN - PAINE - LINDEROS - MAIPO - ALTO JAHUEL;AGUAS ANDINAS;Residencial,2023-04-01,722096.6416434754,Residencial
BUIN - PAINE - LINDEROS - MAIPO - ALTO JAHUEL;AGUAS ANDINAS;Residencial,2023-05-01,685705.7539406021,Residencial
BUIN - PAINE - LINDEROS - MAIPO - ALTO JAHUEL;AGUAS ANDINAS;Residencial,2023-06-01,653102.6145788784,Residencial
BUIN - PAINE - LINDEROS - MAIPO - ALTO JAHUEL;AGUAS ANDINAS;Residencial,2023-07-01,639300.7925527095,Residencial
BUIN - PAINE - LINDEROS - MAIPO - ALTO JAHUEL;AGUAS ANDINAS;Residencial,2023-08-01,639145.0420480458,Residencial
BUIN - PAINE - LINDEROS - MAIPO - ALTO JAHUEL;AGUAS ANDINAS;Residencial,2023-09-01,642991.8957253917,Residencial
BUIN - PAINE - LINDEROS - MAIPO - ALTO JAHUEL;AGUAS ANDINAS;Residencial,2023-10-01,666622.2839256722,Residencial
BUIN - PAINE - LINDEROS - MAIPO - ALTO JAHUEL;AGUAS ANDINAS;Residencial,2023-11-01,696114.8417297736,Residencial
BUIN - PAINE - LINDEROS - MAIPO - ALTO JAHUEL;AGUAS ANDINAS;Residencial,2023-12-01,727179.8881810735,Residencial
BUIN - PAINE - LINDEROS - MAIPO - ALTO JAHUEL;AGUAS ANDINAS;Residencial,2024-01-01,761052.7830884882,Residencial
BUIN - PAINE - LINDEROS - MAIPO - ALTO JAHUEL;AGUAS ANDINAS;Residencial,2024-02-01,762299.722838043,Residencial
BUIN - PAINE - LINDEROS - MAIPO - ALTO JAHUEL;AGUAS ANDINAS;Residencial,2024-03-01,753650.648058734,Residencial
BUIN - PAINE - LINDEROS - MAIPO - ALTO JAHUEL;AGUAS ANDINAS;Residencial,2024-04-01,717305.498156094,Residencial
BUIN - PAINE - LINDEROS - MAIPO - ALTO JAHUEL;AGUAS ANDINAS;Residencial,2024-05-01,682845.536667775,Residencial
BUIN - PAINE - LINDEROS - MAIPO - ALTO JAHUEL;AGUAS ANDINAS;Residencial,2024-06-01,650242.3973060513,Residencial
BUIN - PAINE - LINDEROS - MAIPO - ALTO JAHUEL;AGUAS ANDINAS;Residencial,2024-07-01,630556.0323291768,Residencial
BUIN - PAINE - LINDEROS - MAIPO - ALTO JAHUEL;AGUAS ANDINAS;Residencial,2024-08-01,625600.6337347396,Residencial
BUIN - PAINE - LINDEROS - MAIPO - ALTO JAHUEL;AGUAS ANDINAS;Residencial,2024-09-01,635033.9854577889,Residencial
BUIN - PAINE - LINDEROS - MAIPO - ALTO JAHUEL;AGUAS ANDINAS;Residencial,2024-10-01,661638.2708716418,Residencial
BUIN - PAINE - LINDEROS - MAIPO - ALTO JAHUEL;AGUAS ANDINAS;Residencial,2024-11-01,696350.5946325206,Residencial
BUIN - PAINE - LINDEROS - MAIPO - ALTO JAHUEL;AGUAS ANDINAS;Residencial,2024-12-01,730661.3224982538,Residencial
BUIN - PAINE - LINDEROS - MAIPO - ALTO JAHUEL;AGUAS ANDINAS;Comercial,2025-01-01,179599.35683350745,No Residencial
BUIN - PAINE - LINDEROS - MAIPO - ALTO JAHUEL;AGUAS ANDINAS;Comercial,2025-02-01,182522.843828864,No Residencial
BUIN - PAINE - LINDEROS - MAIPO - ALTO JAHUEL;AGUAS ANDINAS;Comercial,2025-03-01,190138.317443184,No Residencial
BUIN - PAINE - LINDEROS - MAIPO - ALTO JAHUEL;AGUAS ANDINAS;Comercial,2025-04-01,177097.91530061787,No Residencial
BUIN - PAINE - LINDEROS - MAIPO - ALTO JAHUEL;AGUAS ANDINAS;Comercial,2025-05-01,163751.4065784499,No Residencial
BUIN - PAINE - LINDEROS - MAIPO - ALTO JAHUEL;AGUAS ANDINAS;Comercial,2025-06-01,151287.8255264785,No Residencial
BUIN - PAINE - LINDEROS - MAIPO - ALTO JAHUEL;AGUAS ANDINAS;Comercial,2025-07-01,145169.3226156993,No Residencial
BUIN - PAINE - LINDEROS - MAIPO - ALTO JAHUEL;AGUAS ANDINAS;Comercial,2025-08-01,139980.01805444004,No Residencial
BUIN - PAINE - LINDEROS - MAIPO - ALTO JAHUEL;AGUAS ANDINAS;Comercial,2025-09-01,150410.03237280177,No Residencial
BUIN - PAINE - LINDEROS - MAIPO - ALTO JAHUEL;AGUAS ANDINAS;Comercial,2025-10-01,160071.75971057237,No Residencial
BUIN - PAINE - LINDEROS - MAIPO - ALTO JAHUEL;AGUAS ANDINAS;Comercial,2025-11-01,171324.80501348988,No Residencial
BUIN - PAINE - LINDEROS - MAIPO - ALTO JAHUEL;AGUAS ANDINAS;Comercial,2025-12-01,182269.5912129256,No Residencial
BUIN - PAINE - LINDEROS - MAIPO - ALTO JAHUEL;AGUAS ANDINAS;Comercial,2026-01-01,177501.0014674429,No Residencial
BUIN - PAINE - LINDEROS - MAIPO - ALTO JAHUEL;AGUAS ANDINAS;Comercial,2026-02-01,174155.367799391,No Residencial
BUIN - PAINE - LINDEROS - MAIPO - ALTO JAHUEL;AGUAS ANDINAS;Comercial,2026-03-01,178478.3112003969,No Residencial
BUIN - PAINE - LINDEROS - MAIPO - ALTO JAHUEL;AGUAS ANDINAS;Comercial,2026-04-01,166103.96990210284,No Residencial
BUIN - PAINE - LINDEROS - MAIPO - ALTO JAHUEL;AGUAS ANDINAS;Comercial,2026-05-01,159978.4120562925,No Residencial
BUIN - PAINE - LINDEROS - MAIPO - ALTO JAHUEL;AGUAS ANDINAS;Comercial,2026-06-01,154018.61707663775,No Residencial
BUIN - PAINE - LINDEROS - MAIPO - ALTO JAHUEL;AGUAS ANDINAS;Comercial,2026-07-01,148204.48737452712,No Residencial
BUIN - PAINE - LINDEROS - MAIPO - ALTO JAHUEL;AGUAS ANDINAS;Comercial,2026-08-01,142922.3931668772,No Residencial
BUIN - PAINE - LINDEROS - MAIPO - ALTO JAHUEL;AGUAS ANDINAS;Comercial,2026-09-01,149593.9751553615,No Residencial
BUIN - PAINE - LINDEROS - MAIPO - ALTO JAHUEL;AGUAS ANDINAS;Comercial,2026-10-01,161640.33268417037,No Residencial
BUIN - PAINE - LINDEROS - MAIPO - ALTO JAHUEL;AGUAS ANDINAS;Comercial,2026-11-01,176299.41410045113,No Residencial
BUIN - PAINE - LINDEROS - MAIPO - ALTO JAHUEL;AGUAS ANDINAS;Comercial,2026-12-01,192680.6085629076,No Residencial
BUIN - PAINE - LINDEROS - MAIPO - ALTO JAHUEL;AGUAS ANDINAS;Comercial,2027-01-01,190602.63947306745,No Residencial
BUIN - PAINE - LINDEROS - MAIPO - ALTO JAHUEL;AGUAS ANDINAS;Comercial,2027-02-01,189006.51806993852,No Residencial
BUIN - PAINE - LINDEROS - MAIPO - ALTO JAHUEL;AGUAS ANDINAS;Comercial,2027-03-01,198362.71280851425,No Residencial
BUIN - PAINE - LINDEROS - MAIPO - ALTO JAHUEL;AGUAS ANDINAS;Comercial,2027-04-01,185033.93566191848,No Residencial
BUIN - PAINE - LINDEROS - MAIPO - ALTO JAHUEL;AGUAS ANDINAS;Comercial,2027-05-01,171611.82363952385,No Residencial
BUIN - PAINE - LINDEROS - MAIPO - ALTO JAHUEL;AGUAS ANDINAS;Comercial,2027-06-01,164786.4061062397,No Residencial
BUIN - PAINE - LINDEROS - MAIPO - ALTO JAHUEL;AGUAS ANDINAS;Comercial,2027-07-01,158656.89643794726,No Residencial
BUIN - PAINE - LINDEROS - MAIPO - ALTO JAHUEL;AGUAS ANDINAS;Comercial,2027-08-01,155969.6227520661,No Residencial
BUIN - PAINE - LINDEROS - MAIPO - ALTO JAHUEL;AGUAS ANDINAS;Comercial,2027-09-01,163002.68225337323,No Residencial
BUIN - PAINE - LINDEROS - MAIPO - ALTO JAHUEL;AGUAS ANDINAS;Comercial,2027-10-01,172770.11625202143,No Residencial
BUIN - PAINE - LINDEROS - MAIPO - ALTO JAHUEL;AGUAS ANDINAS;Comercial,2027-11-01,182587.6760285664,No Residencial
BUIN - PAINE - LINDEROS - MAIPO - ALTO JAHUEL;AGUAS ANDINAS;Comercial,2027-12-01,193868.0447310793,No Residencial
BUIN - PAINE - LINDEROS - MAIPO - ALTO JAHUEL;AGUAS ANDINAS;Comercial,2028-01-01,188434.360698972,No Residencial
BUIN - PAINE - LINDEROS - MAIPO - ALTO JAHUEL;AGUAS ANDINAS;Comercial,2028-02-01,187746.51570113955,No Residencial
BUIN - PAINE - LINDEROS - MAIPO - ALTO JAHUEL;AGUAS ANDINAS;Comercial,2028-03-01,190955.57077694224,No Residencial
BUIN - PAINE - LINDEROS - MAIPO - ALTO JAHUEL;AGUAS ANDINAS;Comercial,2028-04-01,177588.5778037901,No Residencial
BUIN - PAINE - LINDEROS - MAIPO - ALTO JAHUEL;AGUAS ANDINAS;Comercial,2028-05-01,165060.13988022634,No Residencial
BUIN - PAINE - LINDEROS - MAIPO - ALTO JAHUEL;AGUAS ANDINAS;Comercial,2028-06-01,159128.39644577308,No Residencial
BUIN - PAINE - LINDEROS - MAIPO - ALTO JAHUEL;AGUAS ANDINAS;Comercial,2028-07-01,153338.21484725398,No Residencial
BUIN - PAINE - LINDEROS - MAIPO - ALTO JAHUEL;AGUAS ANDINAS;Comercial,2028-08-01,150615.11135023393,No Residencial
BUIN - PAINE - LINDEROS - MAIPO - ALTO JAHUEL;AGUAS ANDINAS;Comercial,2028-09-01,160243.72892186212,No Residencial
BUIN - PAINE - LINDEROS - MAIPO - ALTO JAHUEL;AGUAS ANDINAS;Comercial,2028-10-01,170667.34867776782,No Residencial
BUIN - PAINE - LINDEROS - MAIPO - ALTO JAHUEL;AGUAS ANDINAS;Comercial,2028-11-01,184952.2449305635,No Residencial
BUIN - PAINE - LINDEROS - MAIPO - ALTO JAHUEL;AGUAS ANDINAS;Comercial,2028-12-01,201177.8078216946,No Residencial
BUIN - PAINE - LINDEROS - MAIPO - ALTO JAHUEL;AGUAS ANDINAS;Comercial,2029-01-01,195679.9413369609,No Residencial
BUIN - PAINE - LINDEROS - MAIPO - ALTO JAHUEL;AGUAS ANDINAS;Comercial,2029-02-01,193937.7260625216,No Residencial
BUIN - PAINE - LINDEROS - MAIPO - ALTO JAHUEL;AGUAS ANDINAS;Comercial,2029-03-01,207482.89868837877,No Residencial
BUIN - PAINE - LINDEROS - MAIPO - ALTO JAHUEL;AGUAS ANDINAS;Comercial,2029-04-01,192405.99490619745,No Residencial
BUIN - PAINE - LINDEROS - MAIPO - ALTO JAHUEL;AGUAS ANDINAS;Comercial,2029-05-01,178968.46939907136,No Residencial
BUIN - PAINE - LINDEROS - MAIPO - ALTO JAHUEL;AGUAS ANDINAS;Comercial,2029-06-01,173041.46003977206,No Residencial
BUIN - PAINE - LINDEROS - MAIPO - ALTO JAHUEL;AGUAS ANDINAS;Comercial,2029-07-01,166922.95712899286,No Residencial
BUIN - PAINE - LINDEROS - MAIPO - ALTO JAHUEL;AGUAS ANDINAS;Comercial,2029-08-01,164329.84680152102,No Residencial
BUIN - PAINE - LINDEROS - MAIPO - ALTO JAHUEL;AGUAS ANDINAS;Comercial,2029-09-01,174059.6553084797,No Residencial
BUIN - PAINE - LINDEROS - MAIPO - ALTO JAHUEL;AGUAS ANDINAS;Comercial,2029-10-01,184080.94395125285,No Residencial
BUIN - PAINE - LINDEROS - MAIPO - ALTO JAHUEL;AGUAS ANDINAS;Comercial,2029-11-01,193695.5003132346,No Residencial
BUIN - PAINE - LINDEROS - MAIPO - ALTO JAHUEL;AGUAS ANDINAS;Comercial,2029-12-01,205012.088810682,No Residencial
BUIN - PAINE - LINDEROS - MAIPO - ALTO JAHUEL;AGUAS ANDINAS;No Asociado a Inmueble,2025-01-01,51966.15016570238,No Residencial
BUIN - PAINE - LINDEROS - MAIPO - ALTO JAHUEL;AGUAS ANDINAS;No Asociado a Inmueble,2025-02-01,56306.47868191643,No Residencial
BUIN - PAINE - LINDEROS - MAIPO - ALTO JAHUEL;AGUAS ANDINAS;No Asociado a Inmueble,2025-03-01,54876.30381392164,No Residencial
BUIN - PAINE - LINDEROS - MAIPO - ALTO JAHUEL;AGUAS ANDINAS;No Asociado a Inmueble,2025-04-01,49652.68135414636,No Residencial
BUIN - PAINE - LINDEROS - MAIPO - ALTO JAHUEL;AGUAS ANDINAS;No Asociado a Inmueble,2025-05-01,42471.49024997277,No Residencial
BUIN - PAINE - LINDEROS - MAIPO - ALTO JAHUEL;AGUAS ANDINAS;No Asociado a Inmueble,2025-06-01,39304.80281838127,No Residencial
BUIN - PAINE - LINDEROS - MAIPO - ALTO JAHUEL;AGUAS ANDINAS;No Asociado a Inmueble,2025-07-01,30272.829438576373,No Residencial
BUIN - PAINE - LINDEROS - MAIPO - ALTO JAHUEL;AGUAS ANDINAS;No Asociado a Inmueble,2025-08-01,31442.61955851144,No Residencial
BUIN - PAINE - LINDEROS - MAIPO - ALTO JAHUEL;AGUAS ANDINAS;No Asociado a Inmueble,2025-09-01,34186.74192112253,No Residencial
BUIN - PAINE - LINDEROS - MAIPO - ALTO JAHUEL;AGUAS ANDINAS;No Asociado a Inmueble,2025-10-01,37025.92856701352,No Residencial
BUIN - PAINE - LINDEROS - MAIPO - ALTO JAHUEL;AGUAS ANDINAS;No Asociado a Inmueble,2025-11-01,43323.56777332412,No Residencial
BUIN - PAINE - LINDEROS - MAIPO - ALTO JAHUEL;AGUAS ANDINAS;No Asociado a Inmueble,2025-12-01,50531.24895956307,No Residencial
BUIN - PAINE - LINDEROS - MAIPO - ALTO JAHUEL;AGUAS ANDINAS;No Asociado a Inmueble,2026-01-01,53687.54387938509,No Residencial
BUIN - PAINE - LINDEROS - MAIPO - ALTO JAHUEL;AGUAS ANDINAS;No Asociado a Inmueble,2026-02-01,56688.49576663475,No Residencial
BUIN - PAINE - LINDEROS - MAIPO - ALTO JAHUEL;AGUAS ANDINAS;No Asociado a Inmueble,2026-03-01,56737.09919261046,No Residencial
BUIN - PAINE - LINDEROS - MAIPO - ALTO JAHUEL;AGUAS ANDINAS;No Asociado a Inmueble,2026-04-01,50869.0721205511,No Residencial
BUIN - PAINE - LINDEROS - MAIPO - ALTO JAHUEL;AGUAS ANDINAS;No Asociado a Inmueble,2026-05-01,45074.10067615976,No Residencial
BUIN - PAINE - LINDEROS - MAIPO - ALTO JAHUEL;AGUAS ANDINAS;No Asociado a Inmueble,2026-06-01,39606.67704609107,No Residencial
BUIN - PAINE - LINDEROS - MAIPO - ALTO JAHUEL;AGUAS ANDINAS;No Asociado a Inmueble,2026-07-01,39253.49727740898,No Residencial
BUIN - PAINE - LINDEROS - MAIPO - ALTO JAHUEL;AGUAS ANDINAS;No Asociado a Inmueble,2026-08-01,33717.8428643182,No Residencial
BUIN - PAINE - LINDEROS - MAIPO - ALTO JAHUEL;AGUAS ANDINAS;No Asociado a Inmueble,2026-09-01,34820.72398028613,No Residencial
BUIN - PAINE - LINDEROS - MAIPO - ALTO JAHUEL;AGUAS ANDINAS;No Asociado a Inmueble,2026-10-01,39512.60669055519,No Residencial
BUIN - PAINE - LINDEROS - MAIPO - ALTO JAHUEL;AGUAS ANDINAS;No Asociado a Inmueble,2026-11-01,46099.753340596864,No Residencial
BUIN - PAINE - LINDEROS - MAIPO - ALTO JAHUEL;AGUAS ANDINAS;No Asociado a Inmueble,2026-12-01,53690.04899966411,No Residencial
BUIN - PAINE - LINDEROS - MAIPO - ALTO JAHUEL;AGUAS ANDINAS;No Asociado a Inmueble,2027-01-01,59073.34615032816,No Residencial
BUIN - PAINE - LINDEROS - MAIPO - ALTO JAHUEL;AGUAS ANDINAS;No Asociado a Inmueble,2027-02-01,63444.329113393134,No Residencial
BUIN - PAINE - LINDEROS - MAIPO - ALTO JAHUEL;AGUAS ANDINAS;No Asociado a Inmueble,2027-03-01,60219.43075071508,No Residencial
BUIN - PAINE - LINDEROS - MAIPO - ALTO JAHUEL;AGUAS ANDINAS;No Asociado a Inmueble,2027-04-01,53907.657242333895,No Residencial
BUIN - PAINE - LINDEROS - MAIPO - ALTO JAHUEL;AGUAS ANDINAS;No Asociado a Inmueble,2027-05-01,46408.74828257473,No Residencial
BUIN - PAINE - LINDEROS - MAIPO - ALTO JAHUEL;AGUAS ANDINAS;No Asociado a Inmueble,2027-06-01,41819.044527710605,No Residencial
BUIN - PAINE - LINDEROS - MAIPO - ALTO JAHUEL;AGUAS ANDINAS;No Asociado a Inmueble,2027-07-01,38018.99297752644,No Residencial
BUIN - PAINE - LINDEROS - MAIPO - ALTO JAHUEL;AGUAS ANDINAS;No Asociado a Inmueble,2027-08-01,40245.45622819632,No Residencial
BUIN - PAINE - LINDEROS - MAIPO - ALTO JAHUEL;AGUAS ANDINAS;No Asociado a Inmueble,2027-09-01,40230.60803810117,No Residencial
BUIN - PAINE - LINDEROS - MAIPO - ALTO JAHUEL;AGUAS ANDINAS;No Asociado a Inmueble,2027-10-01,42983.46585574453,No Residencial
BUIN - PAINE - LINDEROS - MAIPO - ALTO JAHUEL;AGUAS ANDINAS;No Asociado a Inmueble,2027-11-01,50828.85193260439,No Residencial
BUIN - PAINE - LINDEROS - MAIPO - ALTO JAHUEL;AGUAS ANDINAS;No Asociado a Inmueble,2027-12-01,57373.279297893125,No Residencial
BUIN - PAINE - LINDEROS - MAIPO - ALTO JAHUEL;AGUAS ANDINAS;No Asociado a Inmueble,2028-01-01,61112.02514650999,No Residencial
BUIN - PAINE - LINDEROS - MAIPO - ALTO JAHUEL;AGUAS ANDINAS;No Asociado a Inmueble,2028-02-01,64085.0802070855,No Residencial
BUIN - PAINE - LINDEROS - MAIPO - ALTO JAHUEL;AGUAS ANDINAS;No Asociado a Inmueble,2028-03-01,63891.95816138557,No Residencial
BUIN - PAINE - LINDEROS - MAIPO - ALTO JAHUEL;AGUAS ANDINAS;No Asociado a Inmueble,2028-04-01,57264.87705785655,No Residencial
BUIN - PAINE - LINDEROS - MAIPO - ALTO JAHUEL;AGUAS ANDINAS;No Asociado a Inmueble,2028-05-01,50734.63290017864,No Residencial
BUIN - PAINE - LINDEROS - MAIPO - ALTO JAHUEL;AGUAS ANDINAS;No Asociado a Inmueble,2028-06-01,44398.16716223659,No Residencial
BUIN - PAINE - LINDEROS - MAIPO - ALTO JAHUEL;AGUAS ANDINAS;No Asociado a Inmueble,2028-07-01,43379.31452708544,No Residencial
BUIN - PAINE - LINDEROS - MAIPO - ALTO JAHUEL;AGUAS ANDINAS;No Asociado a Inmueble,2028-08-01,45178.95369266866,No Residencial
BUIN - PAINE - LINDEROS - MAIPO - ALTO JAHUEL;AGUAS ANDINAS;No Asociado a Inmueble,2028-09-01,47419.37462540977,No Residencial
BUIN - PAINE - LINDEROS - MAIPO - ALTO JAHUEL;AGUAS ANDINAS;No Asociado a Inmueble,2028-10-01,48656.352751857565,No Residencial
BUIN - PAINE - LINDEROS - MAIPO - ALTO JAHUEL;AGUAS ANDINAS;No Asociado a Inmueble,2028-11-01,56162.43376449898,No Residencial
BUIN - PAINE - LINDEROS - MAIPO - ALTO JAHUEL;AGUAS ANDINAS;No Asociado a Inmueble,2028-12-01,63507.457275401815,No Residencial
BUIN - PAINE - LINDEROS - MAIPO - ALTO JAHUEL;AGUAS ANDINAS;No Asociado a Inmueble,2029-01-01,68922.73707843613,No Residencial
BUIN - PAINE - LINDEROS - MAIPO - ALTO JAHUEL;AGUAS ANDINAS;No Asociado a Inmueble,2029-02-01,71264.48232916961,No Residencial
BUIN - PAINE - LINDEROS - MAIPO - ALTO JAHUEL;AGUAS ANDINAS;No Asociado a Inmueble,2029-03-01,68564.75936864014,No Residencial
BUIN - PAINE - LINDEROS - MAIPO - ALTO JAHUEL;AGUAS ANDINAS;No Asociado a Inmueble,2029-04-01,63002.56196791727,No Residencial
BUIN - PAINE - LINDEROS - MAIPO - ALTO JAHUEL;AGUAS ANDINAS;No Asociado a Inmueble,2029-05-01,52391.08422800197,No Residencial
BUIN - PAINE - LINDEROS - MAIPO - ALTO JAHUEL;AGUAS ANDINAS;No Asociado a Inmueble,2029-06-01,48748.0249813723,No Residencial
BUIN - PAINE - LINDEROS - MAIPO - ALTO JAHUEL;AGUAS ANDINAS;No Asociado a Inmueble,2029-07-01,47355.49040260886,No Residencial
BUIN - PAINE - LINDEROS - MAIPO - ALTO JAHUEL;AGUAS ANDINAS;No Asociado a Inmueble,2029-08-01,49900.490110506405,No Residencial
BUIN - PAINE - LINDEROS - MAIPO - ALTO JAHUEL;AGUAS ANDINAS;No Asociado a Inmueble,2029-09-01,51611.241830365,No Residencial
BUIN - PAINE - LINDEROS - MAIPO - ALTO JAHUEL;AGUAS ANDINAS;No Asociado a Inmueble,2029-10-01,55553.051511639394,No Residencial
BUIN - PAINE - LINDEROS - MAIPO - ALTO JAHUEL;AGUAS ANDINAS;No Asociado a Inmueble,2029-11-01,61680.98930122763,No Residencial
BUIN - PAINE - LINDEROS - MAIPO - ALTO JAHUEL;AGUAS ANDINAS;No Asociado a Inmueble,2029-12-01,69128.47246149514,No Residencial
BUIN - PAINE - LINDEROS - MAIPO - ALTO JAHUEL;AGUAS ANDINAS;Residencial,2025-01-01,785603.5767330776,Residencial
BUIN - PAINE - LINDEROS - MAIPO - ALTO JAHUEL;AGUAS ANDINAS;Residencial,2025-02-01,797323.5755641055,Residencial
BUIN - PAINE - LINDEROS - MAIPO - ALTO JAHUEL;AGUAS ANDINAS;Residencial,2025-03-01,787256.9611242465,Residencial
BUIN - PAINE - LINDEROS - MAIPO - ALTO JAHUEL;AGUAS ANDINAS;Residencial,2025-04-01,759322.5483311323,Residencial
BUIN - PAINE - LINDEROS - MAIPO - ALTO JAHUEL;AGUAS ANDINAS;Residencial,2025-05-01,726645.5045148232,Residencial
BUIN - PAINE - LINDEROS - MAIPO - ALTO JAHUEL;AGUAS ANDINAS;Residencial,2025-06-01,695543.4746020874,Residencial
BUIN - PAINE - LINDEROS - MAIPO - ALTO JAHUEL;AGUAS ANDINAS;Residencial,2025-07-01,676394.9502039951,Residencial
BUIN - PAINE - LINDEROS - MAIPO - ALTO JAHUEL;AGUAS ANDINAS;Residencial,2025-08-01,669225.8871928314,Residencial
BUIN - PAINE - LINDEROS - MAIPO - ALTO JAHUEL;AGUAS ANDINAS;Residencial,2025-09-01,672640.6511658232,Residencial
BUIN - PAINE - LINDEROS - MAIPO - ALTO JAHUEL;AGUAS ANDINAS;Residencial,2025-10-01,694556.2283585861,Residencial
BUIN - PAINE - LINDEROS - MAIPO - ALTO JAHUEL;AGUAS ANDINAS;Residencial,2025-11-01,732140.2131084178,Residencial
BUIN - PAINE - LINDEROS - MAIPO - ALTO JAHUEL;AGUAS ANDINAS;Residencial,2025-12-01,766158.1749128965,Residencial
BUIN - PAINE - LINDEROS - MAIPO - ALTO JAHUEL;AGUAS ANDINAS;Residencial,2026-01-01,797618.9532586744,Residencial
BUIN - PAINE - LINDEROS - MAIPO - ALTO JAHUEL;AGUAS ANDINAS;Residencial,2026-02-01,802973.9253483438,Residencial
BUIN - PAINE - LINDEROS - MAIPO - ALTO JAHUEL;AGUAS ANDINAS;Residencial,2026-03-01,790799.8872355311,Residencial
BUIN - PAINE - LINDEROS - MAIPO - ALTO JAHUEL;AGUAS ANDINAS;Residencial,2026-04-01,761635.053417597,Residencial
BUIN - PAINE - LINDEROS - MAIPO - ALTO JAHUEL;AGUAS ANDINAS;Residencial,2026-05-01,729292.182543201,Residencial
BUIN - PAINE - LINDEROS - MAIPO - ALTO JAHUEL;AGUAS ANDINAS;Residencial,2026-06-01,698456.5758900424,Residencial
BUIN - PAINE - LINDEROS - MAIPO - ALTO JAHUEL;AGUAS ANDINAS;Residencial,2026-07-01,679604.2603494842,Residencial
BUIN - PAINE - LINDEROS - MAIPO - ALTO JAHUEL;AGUAS ANDINAS;Residencial,2026-08-01,673501.5985040967,Residencial
BUIN - PAINE - LINDEROS - MAIPO - ALTO JAHUEL;AGUAS ANDINAS;Residencial,2026-09-01,678532.2437627839,Residencial
BUIN - PAINE - LINDEROS - MAIPO - ALTO JAHUEL;AGUAS ANDINAS;Residencial,2026-10-01,704130.4917765369,Residencial
BUIN - PAINE - LINDEROS - MAIPO - ALTO JAHUEL;AGUAS ANDINAS;Residencial,2026-11-01,742733.1911563501,Residencial
BUIN - PAINE - LINDEROS - MAIPO - ALTO JAHUEL;AGUAS ANDINAS;Residencial,2026-12-01,777088.0169226563,Residencial
BUIN - PAINE - LINDEROS - MAIPO - ALTO JAHUEL;AGUAS ANDINAS;Residencial,2027-01-01,808480.6808402932,Residencial
BUIN - PAINE - LINDEROS - MAIPO - ALTO JAHUEL;AGUAS ANDINAS;Residencial,2027-02-01,821488.0260571149,Residencial
BUIN - PAINE - LINDEROS - MAIPO - ALTO JAHUEL;AGUAS ANDINAS;Residencial,2027-03-01,810203.2339313359,Residencial
BUIN - PAINE - LINDEROS - MAIPO - ALTO JAHUEL;AGUAS ANDINAS;Residencial,2027-04-01,780290.170816413,Residencial
BUIN - PAINE - LINDEROS - MAIPO - ALTO JAHUEL;AGUAS ANDINAS;Residencial,2027-05-01,747947.2999420171,Residencial
BUIN - PAINE - LINDEROS - MAIPO - ALTO JAHUEL;AGUAS ANDINAS;Residencial,2027-06-01,717467.9800189597,Residencial
BUIN - PAINE - LINDEROS - MAIPO - ALTO JAHUEL;AGUAS ANDINAS;Residencial,2027-07-01,698615.6644784014,Residencial
BUIN - PAINE - LINDEROS - MAIPO - ALTO JAHUEL;AGUAS ANDINAS;Residencial,2027-08-01,692513.0026330141,Residencial
BUIN - PAINE - LINDEROS - MAIPO - ALTO JAHUEL;AGUAS ANDINAS;Residencial,2027-09-01,697543.6478917012,Residencial
BUIN - PAINE - LINDEROS - MAIPO - ALTO JAHUEL;AGUAS ANDINAS;Residencial,2027-10-01,723141.8959054543,Residencial
BUIN - PAINE - LINDEROS - MAIPO - ALTO JAHUEL;AGUAS ANDINAS;Residencial,2027-11-01,761744.5952852675,Residencial
BUIN - PAINE - LINDEROS - MAIPO - ALTO JAHUEL;AGUAS ANDINAS;Residencial,2027-12-01,796099.4210515736,Residencial
BUIN - PAINE - LINDEROS - MAIPO - ALTO JAHUEL;AGUAS ANDINAS;Residencial,2028-01-01,827492.0849692106,Residencial
BUIN - PAINE - LINDEROS - MAIPO - ALTO JAHUEL;AGUAS ANDINAS;Residencial,2028-02-01,840499.4301860322,Residencial
BUIN - PAINE - LINDEROS - MAIPO - ALTO JAHUEL;AGUAS ANDINAS;Residencial,2028-03-01,829214.6380602532,Residencial
BUIN - PAINE - LINDEROS - MAIPO - ALTO JAHUEL;AGUAS ANDINAS;Residencial,2028-04-01,799301.5749453303,Residencial
BUIN - PAINE - LINDEROS - MAIPO - ALTO JAHUEL;AGUAS ANDINAS;Residencial,2028-05-01,766958.7040709343,Residencial
BUIN - PAINE - LINDEROS - MAIPO - ALTO JAHUEL;AGUAS ANDINAS;Residencial,2028-06-01,736479.3841478771,Residencial
BUIN - PAINE - LINDEROS - MAIPO - ALTO JAHUEL;AGUAS ANDINAS;Residencial,2028-07-01,717627.0686073188,Residencial
BUIN - PAINE - LINDEROS - MAIPO - ALTO JAHUEL;AGUAS ANDINAS;Residencial,2028-08-01,711524.4067619315,Residencial
BUIN - PAINE - LINDEROS - MAIPO - ALTO JAHUEL;AGUAS ANDINAS;Residencial,2028-09-01,716555.0520206186,Residencial
BUIN - PAINE - LINDEROS - MAIPO - ALTO JAHUEL;AGUAS ANDINAS;Residencial,2028-10-01,740243.0863394488,Residencial
BUIN - PAINE - LINDEROS - MAIPO - ALTO JAHUEL;AGUAS ANDINAS;Residencial,2028-11-01,778845.785719262,Residencial
BUIN - PAINE - LINDEROS - MAIPO - ALTO JAHUEL;AGUAS ANDINAS;Residencial,2028-12-01,813200.6114855682,Residencial
BUIN - PAINE - LINDEROS - MAIPO - ALTO JAHUEL;AGUAS ANDINAS;Residencial,2029-01-01,844593.2754032051,Residencial
BUIN - PAINE - LINDEROS - MAIPO - ALTO JAHUEL;AGUAS ANDINAS;Residencial,2029-02-01,857600.6206200268,Residencial
BUIN - PAINE - LINDEROS - MAIPO - ALTO JAHUEL;AGUAS ANDINAS;Residencial,2029-03-01,846315.8284942477,Residencial
BUIN - PAINE - LINDEROS - MAIPO - ALTO JAHUEL;AGUAS ANDINAS;Residencial,2029-04-01,816402.7653793249,Residencial
BUIN - PAINE - LINDEROS - MAIPO - ALTO JAHUEL;AGUAS ANDINAS;Residencial,2029-05-01,783531.4583382817,Residencial
BUIN - PAINE - LINDEROS - MAIPO - ALTO JAHUEL;AGUAS ANDINAS;Residencial,2029-06-01,753052.1384152245,Residencial
BUIN - PAINE - LINDEROS - MAIPO - ALTO JAHUEL;AGUAS ANDINAS;Residencial,2029-07-01,734199.8228746662,Residencial
BUIN - PAINE - LINDEROS - MAIPO - ALTO JAHUEL;AGUAS ANDINAS;Residencial,2029-08-01,728097.1610292789,Residencial
BUIN - PAINE - LINDEROS - MAIPO - ALTO JAHUEL;AGUAS ANDINAS;Residencial,2029-09-01,733127.806287966,Residencial
BUIN - PAINE - LINDEROS - MAIPO - ALTO JAHUEL;AGUAS ANDINAS;Residencial,2029-10-01,756815.8406067963,Residencial
BUIN - PAINE - LINDEROS - MAIPO - ALTO JAHUEL;AGUAS ANDINAS;Residencial,2029-11-01,795418.5399866095,Residencial
BUIN - PAINE - LINDEROS - MAIPO - ALTO JAHUEL;AGUAS ANDINAS;Residencial,2029-12-01,829773.3657529156,Residencial
BUIN - PAINE - LINDEROS - MAIPO - ALTO JAHUEL;AGUAS ANDINAS;Institucional,2025-01-01,3867.870597404404,No Residencial
BUIN - PAINE - LINDEROS - MAIPO - ALTO JAHUEL;AGUAS ANDINAS;Institucional,2025-02-01,32.01616836208177,No Residencial
BUIN - PAINE - LINDEROS - MAIPO - ALTO JAHUEL;AGUAS ANDINAS;Institucional,2025-03-01,3899.8867657664855,No Residencial
BUIN - PAINE - LINDEROS - MAIPO - ALTO JAHUEL;AGUAS ANDINAS;Institucional,2025-04-01,64.03233672416354,No Residencial
BUIN - PAINE - LINDEROS - MAIPO - ALTO JAHUEL;AGUAS ANDINAS;Institucional,2025-05-01,3931.9029341285673,No Residencial
BUIN - PAINE - LINDEROS - MAIPO - ALTO JAHUEL;AGUAS ANDINAS;Institucional,2025-06-01,96.04850508624531,No Residencial
BUIN - PAINE - LINDEROS - MAIPO - ALTO JAHUEL;AGUAS ANDINAS;Institucional,2025-07-01,3963.919102490649,No Residencial
BUIN - PAINE - LINDEROS - MAIPO - ALTO JAHUEL;AGUAS ANDINAS;Institucional,2025-08-01,128.06467344832708,No Residencial
BUIN - PAINE - LINDEROS - MAIPO - ALTO JAHUEL;AGUAS ANDINAS;Institucional,2025-09-01,3995.935270852731,No Residencial
BUIN - PAINE - LINDEROS - MAIPO - ALTO JAHUEL;AGUAS ANDINAS;Institucional,2025-10-01,156.82737327744007,No Residencial
BUIN - PAINE - LINDEROS - MAIPO - ALTO JAHUEL;AGUAS ANDINAS;Institucional,2025-11-01,4024.697970681844,No Residencial
BUIN - PAINE - LINDEROS - MAIPO - ALTO JAHUEL;AGUAS ANDINAS;Institucional,2025-12-01,188.84354163952185,No Residencial
BUIN - PAINE - LINDEROS - MAIPO - ALTO JAHUEL;AGUAS ANDINAS;Institucional,2026-01-01,4056.7141390439256,No Residencial
BUIN - PAINE - LINDEROS - MAIPO - ALTO JAHUEL;AGUAS ANDINAS;Institucional,2026-02-01,220.8597100016036,No Residencial
BUIN - PAINE - LINDEROS - MAIPO - ALTO JAHUEL;AGUAS ANDINAS;Institucional,2026-03-01,4088.7303074060073,No Residencial
BUIN - PAINE - LINDEROS - MAIPO - ALTO JAHUEL;AGUAS ANDINAS;Institucional,2026-04-01,252.8758783636854,No Residencial
BUIN - PAINE - LINDEROS - MAIPO - ALTO JAHUEL;AGUAS ANDINAS;Institucional,2026-05-01,4120.746475768089,No Residencial
BUIN - PAINE - LINDEROS - MAIPO - ALTO JAHUEL;AGUAS ANDINAS;Institucional,2026-06-01,284.8920467257672,No Residencial
BUIN - PAINE - LINDEROS - MAIPO - ALTO JAHUEL;AGUAS ANDINAS;Institucional,2026-07-01,4152.762644130171,No Residencial
BUIN - PAINE - LINDEROS - MAIPO - ALTO JAHUEL;AGUAS ANDINAS;Institucional,2026-08-01,316.90821508784893,No Residencial
BUIN - PAINE - LINDEROS - MAIPO - ALTO JAHUEL;AGUAS ANDINAS;Institucional,2026-09-01,4184.778812492253,No Residencial
BUIN - PAINE - LINDEROS - MAIPO - ALTO JAHUEL;AGUAS ANDINAS;Institucional,2026-10-01,348.9243834499307,No Residencial
BUIN - PAINE - LINDEROS - MAIPO - ALTO JAHUEL;AGUAS ANDINAS;Institucional,2026-11-01,4216.794980854334,No Residencial
BUIN - PAINE - LINDEROS - MAIPO - ALTO JAHUEL;AGUAS ANDINAS;Institucional,2026-12-01,380.9405518120125,No Residencial
BUIN - PAINE - LINDEROS - MAIPO - ALTO JAHUEL;AGUAS ANDINAS;Institucional,2027-01-01,4248.811149216416,No Residencial
BUIN - PAINE - LINDEROS - MAIPO - ALTO JAHUEL;AGUAS ANDINAS;Institucional,2027-02-01,412.95672017409424,No Residencial
BUIN - PAINE - LINDEROS - MAIPO - ALTO JAHUEL;AGUAS ANDINAS;Institucional,2027-03-01,4280.827317578498,No Residencial
BUIN - PAINE - LINDEROS - MAIPO - ALTO JAHUEL;AGUAS ANDINAS;Institucional,2027-04-01,444.972888536176,No Residencial
BUIN - PAINE - LINDEROS - MAIPO - ALTO JAHUEL;AGUAS ANDINAS;Institucional,2027-05-01,4312.84348594058,No Residencial
BUIN - PAINE - LINDEROS - MAIPO - ALTO JAHUEL;AGUAS ANDINAS;Institucional,2027-06-01,476.9890568982578,No Residencial
BUIN - PAINE - LINDEROS - MAIPO - ALTO JAHUEL;AGUAS ANDINAS;Institucional,2027-07-01,4344.8596543026615,No Residencial
BUIN - PAINE - LINDEROS - MAIPO - ALTO JAHUEL;AGUAS ANDINAS;Institucional,2027-08-01,509.0052252603396,No Residencial
BUIN - PAINE - LINDEROS - MAIPO - ALTO JAHUEL;AGUAS ANDINAS;Institucional,2027-09-01,4376.875822664743,No Residencial
BUIN - PAINE - LINDEROS - MAIPO - ALTO JAHUEL;AGUAS ANDINAS;Institucional,2027-10-01,541.0213936224213,No Residencial
BUIN - PAINE - LINDEROS - MAIPO - ALTO JAHUEL;AGUAS ANDINAS;Institucional,2027-11-01,4408.891991026825,No Residencial
BUIN - PAINE - LINDEROS - MAIPO - ALTO JAHUEL;AGUAS ANDINAS;Institucional,2027-12-01,573.0375619845031,No Residencial
BUIN - PAINE - LINDEROS - MAIPO - ALTO JAHUEL;AGUAS ANDINAS;Institucional,2028-01-01,4440.908159388907,No Residencial
BUIN - PAINE - LINDEROS - MAIPO - ALTO JAHUEL;AGUAS ANDINAS;Institucional,2028-02-01,605.0537303465849,No Residencial
BUIN - PAINE - LINDEROS - MAIPO - ALTO JAHUEL;AGUAS ANDINAS;Institucional,2028-03-01,4472.924327750989,No Residencial
BUIN - PAINE - LINDEROS - MAIPO - ALTO JAHUEL;AGUAS ANDINAS;Institucional,2028-04-01,637.0698987086666,No Residencial
BUIN - PAINE - LINDEROS - MAIPO - ALTO JAHUEL;AGUAS ANDINAS;Institucional,2028-05-01,4504.94049611307,No Residencial
BUIN - PAINE - LINDEROS - MAIPO - ALTO JAHUEL;AGUAS ANDINAS;Institucional,2028-06-01,669.0860670707484,No Residencial
BUIN - PAINE - LINDEROS - MAIPO - ALTO JAHUEL;AGUAS ANDINAS;Institucional,2028-07-01,4536.956664475152,No Residencial
BUIN - PAINE - LINDEROS - MAIPO - ALTO JAHUEL;AGUAS ANDINAS;Institucional,2028-08-01,701.1022354328302,No Residencial
BUIN - PAINE - LINDEROS - MAIPO - ALTO JAHUEL;AGUAS ANDINAS;Institucional,2028-09-01,4568.972832837234,No Residencial
BUIN - PAINE - LINDEROS - MAIPO - ALTO JAHUEL;AGUAS ANDINAS;Institucional,2028-10-01,733.118403794912,No Residencial
BUIN - PAINE - LINDEROS - MAIPO - ALTO JAHUEL;AGUAS ANDINAS;Institucional,2028-11-01,4600.989001199316,No Residencial
BUIN - PAINE - LINDEROS - MAIPO - ALTO JAHUEL;AGUAS ANDINAS;Institucional,2028-12-01,765.1345721569937,No Residencial
BUIN - PAINE - LINDEROS - MAIPO - ALTO JAHUEL;AGUAS ANDINAS;Institucional,2029-01-01,4633.005169561397,No Residencial
BUIN - PAINE - LINDEROS - MAIPO - ALTO JAHUEL;AGUAS ANDINAS;Institucional,2029-02-01,797.1507405190755,No Residencial
BUIN - PAINE - LINDEROS - MAIPO - ALTO JAHUEL;AGUAS ANDINAS;Institucional,2029-03-01,4665.021337923479,No Residencial
BUIN - PAINE - LINDEROS - MAIPO - ALTO JAHUEL;AGUAS ANDINAS;Institucional,2029-04-01,829.1669088811573,No Residencial
BUIN - PAINE - LINDEROS - MAIPO - ALTO JAHUEL;AGUAS ANDINAS;Institucional,2029-05-01,4697.037506285561,No Residencial
BUIN - PAINE - LINDEROS - MAIPO - ALTO JAHUEL;AGUAS ANDINAS;Institucional,2029-06-01,861.183077243239,No Residencial
BUIN - PAINE - LINDEROS - MAIPO - ALTO JAHUEL;AGUAS ANDINAS;Institucional,2029-07-01,4729.053674647643,No Residencial
BUIN - PAINE - LINDEROS - MAIPO - ALTO JAHUEL;AGUAS ANDINAS;Institucional,2029-08-01,893.1992456053208,No Residencial
BUIN - PAINE - LINDEROS - MAIPO - ALTO JAHUEL;AGUAS ANDINAS;Institucional,2029-09-01,4761.0698430097245,No Residencial
BUIN - PAINE - LINDEROS - MAIPO - ALTO JAHUEL;AGUAS ANDINAS;Institucional,2029-10-01,925.2154139674026,No Residencial
BUIN - PAINE - LINDEROS - MAIPO - ALTO JAHUEL;AGUAS ANDINAS;Institucional,2029-11-01,4793.086011371806,No Residencial
BUIN - PAINE - LINDEROS - MAIPO - ALTO JAHUEL;AGUAS ANDINAS;Institucional,2029-12-01,957.2315823294844,No Residencial
BUIN - PAINE - LINDEROS - MAIPO - ALTO JAHUEL;AGUAS ANDINAS;Industrial,2025-01-01,21689.75200411058,No Residencial
BUIN - PAINE - LINDEROS - MAIPO - ALTO JAHUEL;AGUAS ANDINAS;Industrial,2025-02-01,21684.743804116053,No Residencial
BUIN - PAINE - LINDEROS - MAIPO - ALTO JAHUEL;AGUAS ANDINAS;Industrial,2025-03-01,22626.85564507956,No Residencial
BUIN - PAINE - LINDEROS - MAIPO - ALTO JAHUEL;AGUAS ANDINAS;Industrial,2025-04-01,22171.88953130261,No Residencial
BUIN - PAINE - LINDEROS - MAIPO - ALTO JAHUEL;AGUAS ANDINAS;Industrial,2025-05-01,20665.571317713937,No Residencial
BUIN - PAINE - LINDEROS - MAIPO - ALTO JAHUEL;AGUAS ANDINAS;Industrial,2025-06-01,19709.129539656744,No Residencial
BUIN - PAINE - LINDEROS - MAIPO - ALTO JAHUEL;AGUAS ANDINAS;Industrial,2025-07-01,19776.087776279062,No Residencial
BUIN - PAINE - LINDEROS - MAIPO - ALTO JAHUEL;AGUAS ANDINAS;Industrial,2025-08-01,18701.414090658694,No Residencial
BUIN - PAINE - LINDEROS - MAIPO - ALTO JAHUEL;AGUAS ANDINAS;Industrial,2025-09-01,17681.35238953876,No Residencial
BUIN - PAINE - LINDEROS - MAIPO - ALTO JAHUEL;AGUAS ANDINAS;Industrial,2025-10-01,16894.623475331,No Residencial
BUIN - PAINE - LINDEROS - MAIPO - ALTO JAHUEL;AGUAS ANDINAS;Industrial,2025-11-01,17967.62621955423,No Residencial
BUIN - PAINE - LINDEROS - MAIPO - ALTO JAHUEL;AGUAS ANDINAS;Industrial,2025-12-01,20342.811590646364,No Residencial
BUIN - PAINE - LINDEROS - MAIPO - ALTO JAHUEL;AGUAS ANDINAS;Industrial,2026-01-01,19818.21737029783,No Residencial
BUIN - PAINE - LINDEROS - MAIPO - ALTO JAHUEL;AGUAS ANDINAS;Industrial,2026-02-01,20128.945655985557,No Residencial
BUIN - PAINE - LINDEROS - MAIPO - ALTO JAHUEL;AGUAS ANDINAS;Industrial,2026-03-01,21398.17051152231,No Residencial
BUIN - PAINE - LINDEROS - MAIPO - ALTO JAHUEL;AGUAS ANDINAS;Industrial,2026-04-01,21725.857623454325,No Residencial
BUIN - PAINE - LINDEROS - MAIPO - ALTO JAHUEL;AGUAS ANDINAS;Industrial,2026-05-01,21117.91361124994,No Residencial
BUIN - PAINE - LINDEROS - MAIPO - ALTO JAHUEL;AGUAS ANDINAS;Industrial,2026-06-01,20910.15569580462,No Residencial
BUIN - PAINE - LINDEROS - MAIPO - ALTO JAHUEL;AGUAS ANDINAS;Industrial,2026-07-01,20301.82636515943,No Residencial
BUIN - PAINE - LINDEROS - MAIPO - ALTO JAHUEL;AGUAS ANDINAS;Industrial,2026-08-01,20739.309488510997,No Residencial
BUIN - PAINE - LINDEROS - MAIPO - ALTO JAHUEL;AGUAS ANDINAS;Industrial,2026-09-01,19407.077066952967,No Residencial
BUIN - PAINE - LINDEROS - MAIPO - ALTO JAHUEL;AGUAS ANDINAS;Industrial,2026-10-01,19349.765053866387,No Residencial
BUIN - PAINE - LINDEROS - MAIPO - ALTO JAHUEL;AGUAS ANDINAS;Industrial,2026-11-01,20581.074676753924,No Residencial
BUIN - PAINE - LINDEROS - MAIPO - ALTO JAHUEL;AGUAS ANDINAS;Industrial,2026-12-01,21788.064431633917,No Residencial
BUIN - PAINE - LINDEROS - MAIPO - ALTO JAHUEL;AGUAS ANDINAS;Industrial,2027-01-01,22108.722400519724,No Residencial
BUIN - PAINE - LINDEROS - MAIPO - ALTO JAHUEL;AGUAS ANDINAS;Industrial,2027-02-01,23581.678815704643,No Residencial
BUIN - PAINE - LINDEROS - MAIPO - ALTO JAHUEL;AGUAS ANDINAS;Industrial,2027-03-01,23848.523470908505,No Residencial
BUIN - PAINE - LINDEROS - MAIPO - ALTO JAHUEL;AGUAS ANDINAS;Industrial,2027-04-01,22634.04184985363,No Residencial
BUIN - PAINE - LINDEROS - MAIPO - ALTO JAHUEL;AGUAS ANDINAS;Industrial,2027-05-01,21483.23020204792,No Residencial
BUIN - PAINE - LINDEROS - MAIPO - ALTO JAHUEL;AGUAS ANDINAS;Industrial,2027-06-01,20655.327032972837,No Residencial
BUIN - PAINE - LINDEROS - MAIPO - ALTO JAHUEL;AGUAS ANDINAS;Industrial,2027-07-01,21622.020228795303,No Residencial
BUIN - PAINE - LINDEROS - MAIPO - ALTO JAHUEL;AGUAS ANDINAS;Industrial,2027-08-01,21146.443569558294,No Residencial
BUIN - PAINE - LINDEROS - MAIPO - ALTO JAHUEL;AGUAS ANDINAS;Industrial,2027-09-01,20901.791508706665,No Residencial
BUIN - PAINE - LINDEROS - MAIPO - ALTO JAHUEL;AGUAS ANDINAS;Industrial,2027-10-01,20257.99956729664,No Residencial
BUIN - PAINE - LINDEROS - MAIPO - ALTO JAHUEL;AGUAS ANDINAS;Industrial,2027-11-01,22205.76336707759,No Residencial
BUIN - PAINE - LINDEROS - MAIPO - ALTO JAHUEL;AGUAS ANDINAS;Industrial,2027-12-01,22437.429820532343,No Residencial
BUIN - PAINE - LINDEROS - MAIPO - ALTO JAHUEL;AGUAS ANDINAS;Industrial,2028-01-01,23895.289862995785,No Residencial
BUIN - PAINE - LINDEROS - MAIPO - ALTO JAHUEL;AGUAS ANDINAS;Industrial,2028-02-01,24881.34968133339,No Residencial
BUIN - PAINE - LINDEROS - MAIPO - ALTO JAHUEL;AGUAS ANDINAS;Industrial,2028-03-01,24997.541577791497,No Residencial
BUIN - PAINE - LINDEROS - MAIPO - ALTO JAHUEL;AGUAS ANDINAS;Industrial,2028-04-01,23723.88744220538,No Residencial
BUIN - PAINE - LINDEROS - MAIPO - ALTO JAHUEL;AGUAS ANDINAS;Industrial,2028-05-01,22109.26659338241,No Residencial
BUIN - PAINE - LINDEROS - MAIPO - ALTO JAHUEL;AGUAS ANDINAS;Industrial,2028-06-01,22308.225966441685,No Residencial
BUIN - PAINE - LINDEROS - MAIPO - ALTO JAHUEL;AGUAS ANDINAS;Industrial,2028-07-01,21644.056029027997,No Residencial
BUIN - PAINE - LINDEROS - MAIPO - ALTO JAHUEL;AGUAS ANDINAS;Industrial,2028-08-01,21653.665562879127,No Residencial
BUIN - PAINE - LINDEROS - MAIPO - ALTO JAHUEL;AGUAS ANDINAS;Industrial,2028-09-01,21015.24019255887,No Residencial
BUIN - PAINE - LINDEROS - MAIPO - ALTO JAHUEL;AGUAS ANDINAS;Industrial,2028-10-01,22303.21722852564,No Residencial
BUIN - PAINE - LINDEROS - MAIPO - ALTO JAHUEL;AGUAS ANDINAS;Industrial,2028-11-01,24228.651741310063,No Residencial
BUIN - PAINE - LINDEROS - MAIPO - ALTO JAHUEL;AGUAS ANDINAS;Industrial,2028-12-01,24022.80893733877,No Residencial
BUIN - PAINE - LINDEROS - MAIPO - ALTO JAHUEL;AGUAS ANDINAS;Industrial,2029-01-01,24134.629761503635,No Residencial
BUIN - PAINE - LINDEROS - MAIPO - ALTO JAHUEL;AGUAS ANDINAS;Industrial,2029-02-01,25679.14123383321,No Residencial
BUIN - PAINE - LINDEROS - MAIPO - ALTO JAHUEL;AGUAS ANDINAS;Industrial,2029-03-01,26877.99704026531,No Residencial
BUIN - PAINE - LINDEROS - MAIPO - ALTO JAHUEL;AGUAS ANDINAS;Industrial,2029-04-01,24991.90035118125,No Residencial
BUIN - PAINE - LINDEROS - MAIPO - ALTO JAHUEL;AGUAS ANDINAS;Industrial,2029-05-01,24323.95286001253,No Residencial
BUIN - PAINE - LINDEROS - MAIPO - ALTO JAHUEL;AGUAS ANDINAS;Industrial,2029-06-01,23597.73930591202,No Residencial
BUIN - PAINE - LINDEROS - MAIPO - ALTO JAHUEL;AGUAS ANDINAS;Industrial,2029-07-01,23590.06823773177,No Residencial
BUIN - PAINE - LINDEROS - MAIPO - ALTO JAHUEL;AGUAS ANDINAS;Industrial,2029-08-01,22678.39387703126,No Residencial
BUIN - PAINE - LINDEROS - MAIPO - ALTO JAHUEL;AGUAS ANDINAS;Industrial,2029-09-01,21142.16504498808,No Residencial
BUIN - PAINE - LINDEROS - MAIPO - ALTO JAHUEL;AGUAS ANDINAS;Industrial,2029-10-01,22831.53837063793,No Residencial
BUIN - PAINE - LINDEROS - MAIPO - ALTO JAHUEL;AGUAS ANDINAS;Industrial,2029-11-01,24533.711056870623,No Residencial
BUIN - PAINE - LINDEROS - MAIPO - ALTO JAHUEL;AGUAS ANDINAS;Industrial,2029-12-01,25316.909247353276,No Residencial
