id_combinacion,Fecha,y_pred
BUIN - PAINE - LINDEROS - MAIPO - ALTO JAHUEL;AGUAS ANDINAS;Comercial,2025-01-01,179599.35683350745
BUIN - PAINE - LINDEROS - MAIPO - ALTO JAHUEL;AGUAS ANDINAS;Comercial,2025-02-01,182522.84382886402
BUIN - PAINE - LINDEROS - MAIPO - ALTO JAHUEL;AGUAS ANDINAS;Comercial,2025-03-01,190138.317443184
BUIN - PAINE - LINDEROS - MAIPO - ALTO JAHUEL;AGUAS ANDINAS;Comercial,2025-04-01,177097.91530061787
BUIN - PAINE - LINDEROS - MAIPO - ALTO JAHUEL;AGUAS ANDINAS;Comercial,2025-05-01,163751.4065784499
BUIN - PAINE - LINDEROS - MAIPO - ALTO JAHUEL;AGUAS ANDINAS;Comercial,2025-06-01,151287.8255264785
BUIN - PAINE - LINDEROS - MAIPO - ALTO JAHUEL;AGUAS ANDINAS;Comercial,2025-07-01,145169.3226156993
BUIN - PAINE - LINDEROS - MAIPO - ALTO JAHUEL;AGUAS ANDINAS;Comercial,2025-08-01,139980.01805444004
BUIN - PAINE - LINDEROS - MAIPO - ALTO JAHUEL;AGUAS ANDINAS;Comercial,2025-09-01,150410.03237280177
BUIN - PAINE - LINDEROS - MAIPO - ALTO JAHUEL;AGUAS ANDINAS;Comercial,2025-10-01,160071.75971057237
BUIN - PAINE - LINDEROS - MAIPO - ALTO JAHUEL;AGUAS ANDINAS;Comercial,2025-11-01,171324.80501348988
BUIN - PAINE - LINDEROS - MAIPO - ALTO JAHUEL;AGUAS ANDINAS;Comercial,2025-12-01,182269.59121292556
BUIN - PAINE - LINDEROS - MAIPO - ALTO JAHUEL;AGUAS ANDINAS;Comercial,2026-01-01,177501.0014674429
BUIN - PAINE - LINDEROS - MAIPO - ALTO JAHUEL;AGUAS ANDINAS;Comercial,2026-02-01,174155.367799391
BUIN - PAINE - LINDEROS - MAIPO - ALTO JAHUEL;AGUAS ANDINAS;Comercial,2026-03-01,178478.3112003969
BUIN - PAINE - LINDEROS - MAIPO - ALTO JAHUEL;AGUAS ANDINAS;Comercial,2026-04-01,166103.96990210284
BUIN - PAINE - LINDEROS - MAIPO - ALTO JAHUEL;AGUAS ANDINAS;Comercial,2026-05-01,159978.4120562925
BUIN - PAINE - LINDEROS - MAIPO - ALTO JAHUEL;AGUAS ANDINAS;Comercial,2026-06-01,154018.61707663775
BUIN - PAINE - LINDEROS - MAIPO - ALTO JAHUEL;AGUAS ANDINAS;Comercial,2026-07-01,148204.48737452712
BUIN - PAINE - LINDEROS - MAIPO - ALTO JAHUEL;AGUAS ANDINAS;Comercial,2026-08-01,142922.3931668772
BUIN - PAINE - LINDEROS - MAIPO - ALTO JAHUEL;AGUAS ANDINAS;Comercial,2026-09-01,149593.9751553615
BUIN - PAINE - LINDEROS - MAIPO - ALTO JAHUEL;AGUAS ANDINAS;Comercial,2026-10-01,161640.33268417037
BUIN - PAINE - LINDEROS - MAIPO - ALTO JAHUEL;AGUAS ANDINAS;Comercial,2026-11-01,176299.41410045113
BUIN - PAINE - LINDEROS - MAIPO - ALTO JAHUEL;AGUAS ANDINAS;Comercial,2026-12-01,192680.6085629076
BUIN - PAINE - LINDEROS - MAIPO - ALTO JAHUEL;AGUAS ANDINAS;Comercial,2027-01-01,190602.63947306745
BUIN - PAINE - LINDEROS - MAIPO - ALTO JAHUEL;AGUAS ANDINAS;Comercial,2027-02-01,189006.51806993855
BUIN - PAINE - LINDEROS - MAIPO - ALTO JAHUEL;AGUAS ANDINAS;Comercial,2027-03-01,198362.71280851425
BUIN - PAINE - LINDEROS - MAIPO - ALTO JAHUEL;AGUAS ANDINAS;Comercial,2027-04-01,185033.93566191848
BUIN - PAINE - LINDEROS - MAIPO - ALTO JAHUEL;AGUAS ANDINAS;Comercial,2027-05-01,171611.82363952385
BUIN - PAINE - LINDEROS - MAIPO - ALTO JAHUEL;AGUAS ANDINAS;Comercial,2027-06-01,164786.4061062397
BUIN - PAINE - LINDEROS - MAIPO - ALTO JAHUEL;AGUAS ANDINAS;Comercial,2027-07-01,158656.89643794726
BUIN - PAINE - LINDEROS - MAIPO - ALTO JAHUEL;AGUAS ANDINAS;Comercial,2027-08-01,155969.6227520661
BUIN - PAINE - LINDEROS - MAIPO - ALTO JAHUEL;AGUAS ANDINAS;Comercial,2027-09-01,163002.68225337323
BUIN - PAINE - LINDEROS - MAIPO - ALTO JAHUEL;AGUAS ANDINAS;Comercial,2027-10-01,172770.11625202143
BUIN - PAINE - LINDEROS - MAIPO - ALTO JAHUEL;AGUAS ANDINAS;Comercial,2027-11-01,182587.6760285664
BUIN - PAINE - LINDEROS - MAIPO - ALTO JAHUEL;AGUAS ANDINAS;Comercial,2027-12-01,193868.0447310793
BUIN - PAINE - LINDEROS - MAIPO - ALTO JAHUEL;AGUAS ANDINAS;Comercial,2028-01-01,188434.36069897198
BUIN - PAINE - LINDEROS - MAIPO - ALTO JAHUEL;AGUAS ANDINAS;Comercial,2028-02-01,187746.51570113955
BUIN - PAINE - LINDEROS - MAIPO - ALTO JAHUEL;AGUAS ANDINAS;Comercial,2028-03-01,190955.57077694224
BUIN - PAINE - LINDEROS - MAIPO - ALTO JAHUEL;AGUAS ANDINAS;Comercial,2028-04-01,177588.5778037901
BUIN - PAINE - LINDEROS - MAIPO - ALTO JAHUEL;AGUAS ANDINAS;Comercial,2028-05-01,165060.13988022634
BUIN - PAINE - LINDEROS - MAIPO - ALTO JAHUEL;AGUAS ANDINAS;Comercial,2028-06-01,159128.39644577308
BUIN - PAINE - LINDEROS - MAIPO - ALTO JAHUEL;AGUAS ANDINAS;Comercial,2028-07-01,153338.21484725398
BUIN - PAINE - LINDEROS - MAIPO - ALTO JAHUEL;AGUAS ANDINAS;Comercial,2028-08-01,150615.11135023393
BUIN - PAINE - LINDEROS - MAIPO - ALTO JAHUEL;AGUAS ANDINAS;Comercial,2028-09-01,160243.72892186212
BUIN - PAINE - LINDEROS - MAIPO - ALTO JAHUEL;AGUAS ANDINAS;Comercial,2028-10-01,170667.34867776782
BUIN - PAINE - LINDEROS - MAIPO - ALTO JAHUEL;AGUAS ANDINAS;Comercial,2028-11-01,184952.2449305635
BUIN - PAINE - LINDEROS - MAIPO - ALTO JAHUEL;AGUAS ANDINAS;Comercial,2028-12-01,201177.8078216946
BUIN - PAINE - LINDEROS - MAIPO - ALTO JAHUEL;AGUAS ANDINAS;Comercial,2029-01-01,195679.9413369609
BUIN - PAINE - LINDEROS - MAIPO - ALTO JAHUEL;AGUAS ANDINAS;Comercial,2029-02-01,193937.7260625216
BUIN - PAINE - LINDEROS - MAIPO - ALTO JAHUEL;AGUAS ANDINAS;Comercial,2029-03-01,207482.89868837874
BUIN - PAINE - LINDEROS - MAIPO - ALTO JAHUEL;AGUAS ANDINAS;Comercial,2029-04-01,192405.99490619745
BUIN - PAINE - LINDEROS - MAIPO - ALTO JAHUEL;AGUAS ANDINAS;Comercial,2029-05-01,178968.46939907136
BUIN - PAINE - LINDEROS - MAIPO - ALTO JAHUEL;AGUAS ANDINAS;Comercial,2029-06-01,173041.46003977206
BUIN - PAINE - LINDEROS - MAIPO - ALTO JAHUEL;AGUAS ANDINAS;Comercial,2029-07-01,166922.95712899286
BUIN - PAINE - LINDEROS - MAIPO - ALTO JAHUEL;AGUAS ANDINAS;Comercial,2029-08-01,164329.84680152102
BUIN - PAINE - LINDEROS - MAIPO - ALTO JAHUEL;AGUAS ANDINAS;Comercial,2029-09-01,174059.6553084797
BUIN - PAINE - LINDEROS - MAIPO - ALTO JAHUEL;AGUAS ANDINAS;Comercial,2029-10-01,184080.94395125285
BUIN - PAINE - LINDEROS - MAIPO - ALTO JAHUEL;AGUAS ANDINAS;Comercial,2029-11-01,193695.5003132346
BUIN - PAINE - LINDEROS - MAIPO - ALTO JAHUEL;AGUAS ANDINAS;Comercial,2029-12-01,205012.08881068198
BUIN - PAINE - LINDEROS - MAIPO - ALTO JAHUEL;AGUAS ANDINAS;No Asociado a Inmueble,2025-01-01,51966.15016570238
BUIN - PAINE - LINDEROS - MAIPO - ALTO JAHUEL;AGUAS ANDINAS;No Asociado a Inmueble,2025-02-01,56306.47868191643
BUIN - PAINE - LINDEROS - MAIPO - ALTO JAHUEL;AGUAS ANDINAS;No Asociado a Inmueble,2025-03-01,54876.30381392164
BUIN - PAINE - LINDEROS - MAIPO - ALTO JAHUEL;AGUAS ANDINAS;No Asociado a Inmueble,2025-04-01,49652.68135414636
BUIN - PAINE - LINDEROS - MAIPO - ALTO JAHUEL;AGUAS ANDINAS;No Asociado a Inmueble,2025-05-01,42471.49024997277
BUIN - PAINE - LINDEROS - MAIPO - ALTO JAHUEL;AGUAS ANDINAS;No Asociado a Inmueble,2025-06-01,39304.80281838127
BUIN - PAINE - LINDEROS - MAIPO - ALTO JAHUEL;AGUAS ANDINAS;No Asociado a Inmueble,2025-07-01,30272.829438576373
BUIN - PAINE - LINDEROS - MAIPO - ALTO JAHUEL;AGUAS ANDINAS;No Asociado a Inmueble,2025-08-01,31442.619558511436
BUIN - PAINE - LINDEROS - MAIPO - ALTO JAHUEL;AGUAS ANDINAS;No Asociado a Inmueble,2025-09-01,34186.74192112253
BUIN - PAINE - LINDEROS - MAIPO - ALTO JAHUEL;AGUAS ANDINAS;No Asociado a Inmueble,2025-10-01,37025.928567013514
BUIN - PAINE - LINDEROS - MAIPO - ALTO JAHUEL;AGUAS ANDINAS;No Asociado a Inmueble,2025-11-01,43323.56777332412
BUIN - PAINE - LINDEROS - MAIPO - ALTO JAHUEL;AGUAS ANDINAS;No Asociado a Inmueble,2025-12-01,50531.24895956307
BUIN - PAINE - LINDEROS - MAIPO - ALTO JAHUEL;AGUAS ANDINAS;No Asociado a Inmueble,2026-01-01,53687.54387938509
BUIN - PAINE - LINDEROS - MAIPO - ALTO JAHUEL;AGUAS ANDINAS;No Asociado a Inmueble,2026-02-01,56688.49576663475
BUIN - PAINE - LINDEROS - MAIPO - ALTO JAHUEL;AGUAS ANDINAS;No Asociado a Inmueble,2026-03-01,56737.09919261046
BUIN - PAINE - LINDEROS - MAIPO - ALTO JAHUEL;AGUAS ANDINAS;No Asociado a Inmueble,2026-04-01,50869.0721205511
BUIN - PAINE - LINDEROS - MAIPO - ALTO JAHUEL;AGUAS ANDINAS;No Asociado a Inmueble,2026-05-01,45074.10067615976
BUIN - PAINE - LINDEROS - MAIPO - ALTO JAHUEL;AGUAS ANDINAS;No Asociado a Inmueble,2026-06-01,39606.67704609107
BUIN - PAINE - LINDEROS - MAIPO - ALTO JAHUEL;AGUAS ANDINAS;No Asociado a Inmueble,2026-07-01,39253.497277408984
BUIN - PAINE - LINDEROS - MAIPO - ALTO JAHUEL;AGUAS ANDINAS;No Asociado a Inmueble,2026-08-01,33717.8428643182
BUIN - PAINE - LINDEROS - MAIPO - ALTO JAHUEL;AGUAS ANDINAS;No Asociado a Inmueble,2026-09-01,34820.72398028613
BUIN - PAINE - LINDEROS - MAIPO - ALTO JAHUEL;AGUAS ANDINAS;No Asociado a Inmueble,2026-10-01,39512.606690555185
BUIN - PAINE - LINDEROS - MAIPO - ALTO JAHUEL;AGUAS ANDINAS;No Asociado a Inmueble,2026-11-01,46099.753340596864
BUIN - PAINE - LINDEROS - MAIPO - ALTO JAHUEL;AGUAS ANDINAS;No Asociado a Inmueble,2026-12-01,53690.04899966411
BUIN - PAINE - LINDEROS - MAIPO - ALTO JAHUEL;AGUAS ANDINAS;No Asociado a Inmueble,2027-01-01,59073.34615032816
BUIN - PAINE - LINDEROS - MAIPO - ALTO JAHUEL;AGUAS ANDINAS;No Asociado a Inmueble,2027-02-01,63444.329113393134
BUIN - PAINE - LINDEROS - MAIPO - ALTO JAHUEL;AGUAS ANDINAS;No Asociado a Inmueble,2027-03-01,60219.43075071508
BUIN - PAINE - LINDEROS - MAIPO - ALTO JAHUEL;AGUAS ANDINAS;No Asociado a Inmueble,2027-04-01,53907.657242333895
BUIN - PAINE - LINDEROS - MAIPO - ALTO JAHUEL;AGUAS ANDINAS;No Asociado a Inmueble,2027-05-01,46408.74828257473
BUIN - PAINE - LINDEROS - MAIPO - ALTO JAHUEL;AGUAS ANDINAS;No Asociado a Inmueble,2027-06-01,41819.044527710605
BUIN - PAINE - LINDEROS - MAIPO - ALTO JAHUEL;AGUAS ANDINAS;No Asociado a Inmueble,2027-07-01,38018.99297752644
BUIN - PAINE - LINDEROS - MAIPO - ALTO JAHUEL;AGUAS ANDINAS;No Asociado a Inmueble,2027-08-01,40245.456228196315
BUIN - PAINE - LINDEROS - MAIPO - ALTO JAHUEL;AGUAS ANDINAS;No Asociado a Inmueble,2027-09-01,40230.60803810117
BUIN - PAINE - LINDEROS - MAIPO - ALTO JAHUEL;AGUAS ANDINAS;No Asociado a Inmueble,2027-10-01,42983.46585574453
BUIN - PAINE - LINDEROS - MAIPO - ALTO JAHUEL;AGUAS ANDINAS;No Asociado a Inmueble,2027-11-01,50828.85193260439
BUIN - PAINE - LINDEROS - MAIPO - ALTO JAHUEL;AGUAS ANDINAS;No Asociado a Inmueble,2027-12-01,57373.279297893125
BUIN - PAINE - LINDEROS - MAIPO - ALTO JAHUEL;AGUAS ANDINAS;No Asociado a Inmueble,2028-01-01,61112.02514650999
BUIN - PAINE - LINDEROS - MAIPO - ALTO JAHUEL;AGUAS ANDINAS;No Asociado a Inmueble,2028-02-01,64085.0802070855
BUIN - PAINE - LINDEROS - MAIPO - ALTO JAHUEL;AGUAS ANDINAS;No Asociado a Inmueble,2028-03-01,63891.95816138557
BUIN - PAINE - LINDEROS - MAIPO - ALTO JAHUEL;AGUAS ANDINAS;No Asociado a Inmueble,2028-04-01,57264.877057856545
BUIN - PAINE - LINDEROS - MAIPO - ALTO JAHUEL;AGUAS ANDINAS;No Asociado a Inmueble,2028-05-01,50734.632900178636
BUIN - PAINE - LINDEROS - MAIPO - ALTO JAHUEL;AGUAS ANDINAS;No Asociado a Inmueble,2028-06-01,44398.16716223659
BUIN - PAINE - LINDEROS - MAIPO - ALTO JAHUEL;AGUAS ANDINAS;No Asociado a Inmueble,2028-07-01,43379.314527085444
BUIN - PAINE - LINDEROS - MAIPO - ALTO JAHUEL;AGUAS ANDINAS;No Asociado a Inmueble,2028-08-01,45178.95369266866
BUIN - PAINE - LINDEROS - MAIPO - ALTO JAHUEL;AGUAS ANDINAS;No Asociado a Inmueble,2028-09-01,47419.37462540977
BUIN - PAINE - LINDEROS - MAIPO - ALTO JAHUEL;AGUAS ANDINAS;No Asociado a Inmueble,2028-10-01,48656.352751857565
BUIN - PAINE - LINDEROS - MAIPO - ALTO JAHUEL;AGUAS ANDINAS;No Asociado a Inmueble,2028-11-01,56162.43376449898
BUIN - PAINE - LINDEROS - MAIPO - ALTO JAHUEL;AGUAS ANDINAS;No Asociado a Inmueble,2028-12-01,63507.457275401815
BUIN - PAINE - LINDEROS - MAIPO - ALTO JAHUEL;AGUAS ANDINAS;No Asociado a Inmueble,2029-01-01,68922.73707843613
BUIN - PAINE - LINDEROS - MAIPO - ALTO JAHUEL;AGUAS ANDINAS;No Asociado a Inmueble,2029-02-01,71264.48232916961
BUIN - PAINE - LINDEROS - MAIPO - ALTO JAHUEL;AGUAS ANDINAS;No Asociado a Inmueble,2029-03-01,68564.75936864014
BUIN - PAINE - LINDEROS - MAIPO - ALTO JAHUEL;AGUAS ANDINAS;No Asociado a Inmueble,2029-04-01,63002.56196791727
BUIN - PAINE - LINDEROS - MAIPO - ALTO JAHUEL;AGUAS ANDINAS;No Asociado a Inmueble,2029-05-01,52391.08422800197
BUIN - PAINE - LINDEROS - MAIPO - ALTO JAHUEL;AGUAS ANDINAS;No Asociado a Inmueble,2029-06-01,48748.0249813723
BUIN - PAINE - LINDEROS - MAIPO - ALTO JAHUEL;AGUAS ANDINAS;No Asociado a Inmueble,2029-07-01,47355.49040260886
BUIN - PAINE - LINDEROS - MAIPO - ALTO JAHUEL;AGUAS ANDINAS;No Asociado a Inmueble,2029-08-01,49900.490110506405
BUIN - PAINE - LINDEROS - MAIPO - ALTO JAHUEL;AGUAS ANDINAS;No Asociado a Inmueble,2029-09-01,51611.241830365
BUIN - PAINE - LINDEROS - MAIPO - ALTO JAHUEL;AGUAS ANDINAS;No Asociado a Inmueble,2029-10-01,55553.051511639394
BUIN - PAINE - LINDEROS - MAIPO - ALTO JAHUEL;AGUAS ANDINAS;No Asociado a Inmueble,2029-11-01,61680.98930122763
BUIN - PAINE - LINDEROS - MAIPO - ALTO JAHUEL;AGUAS ANDINAS;No Asociado a Inmueble,2029-12-01,69128.47246149514
BUIN - PAINE - LINDEROS - MAIPO - ALTO JAHUEL;AGUAS ANDINAS;Residencial,2025-01-01,785603.5767330776
BUIN - PAINE - LINDEROS - MAIPO - ALTO JAHUEL;AGUAS ANDINAS;Residencial,2025-02-01,797323.5755641055
BUIN - PAINE - LINDEROS - MAIPO - ALTO JAHUEL;AGUAS ANDINAS;Residencial,2025-03-01,787256.9611242465
BUIN - PAINE - LINDEROS - MAIPO - ALTO JAHUEL;AGUAS ANDINAS;Residencial,2025-04-01,759322.5483311323
BUIN - PAINE - LINDEROS - MAIPO - ALTO JAHUEL;AGUAS ANDINAS;Residencial,2025-05-01,726645.5045148232
BUIN - PAINE - LINDEROS - MAIPO - ALTO JAHUEL;AGUAS ANDINAS;Residencial,2025-06-01,695543.4746020874
BUIN - PAINE - LINDEROS - MAIPO - ALTO JAHUEL;AGUAS ANDINAS;Residencial,2025-07-01,676394.9502039951
BUIN - PAINE - LINDEROS - MAIPO - ALTO JAHUEL;AGUAS ANDINAS;Residencial,2025-08-01,669225.8871928314
BUIN - PAINE - LINDEROS - MAIPO - ALTO JAHUEL;AGUAS ANDINAS;Residencial,2025-09-01,672640.6511658232
BUIN - PAINE - LINDEROS - MAIPO - ALTO JAHUEL;AGUAS ANDINAS;Residencial,2025-10-01,694556.2283585861
BUIN - PAINE - LINDEROS - MAIPO - ALTO JAHUEL;AGUAS ANDINAS;Residencial,2025-11-01,732140.2131084178
BUIN - PAINE - LINDEROS - MAIPO - ALTO JAHUEL;AGUAS ANDINAS;Residencial,2025-12-01,766158.1749128965
BUIN - PAINE - LINDEROS - MAIPO - ALTO JAHUEL;AGUAS ANDINAS;Residencial,2026-01-01,797618.9532586744
BUIN - PAINE - LINDEROS - MAIPO - ALTO JAHUEL;AGUAS ANDINAS;Residencial,2026-02-01,802973.9253483438
BUIN - PAINE - LINDEROS - MAIPO - ALTO JAHUEL;AGUAS ANDINAS;Residencial,2026-03-01,790799.8872355311
BUIN - PAINE - LINDEROS - MAIPO - ALTO JAHUEL;AGUAS ANDINAS;Residencial,2026-04-01,761635.053417597
BUIN - PAINE - LINDEROS - MAIPO - ALTO JAHUEL;AGUAS ANDINAS;Residencial,2026-05-01,729292.182543201
BUIN - PAINE - LINDEROS - MAIPO - ALTO JAHUEL;AGUAS ANDINAS;Residencial,2026-06-01,698456.5758900424
BUIN - PAINE - LINDEROS - MAIPO - ALTO JAHUEL;AGUAS ANDINAS;Residencial,2026-07-01,679604.2603494842
BUIN - PAINE - LINDEROS - MAIPO - ALTO JAHUEL;AGUAS ANDINAS;Residencial,2026-08-01,673501.5985040967
BUIN - PAINE - LINDEROS - MAIPO - ALTO JAHUEL;AGUAS ANDINAS;Residencial,2026-09-01,678532.2437627839
BUIN - PAINE - LINDEROS - MAIPO - ALTO JAHUEL;AGUAS ANDINAS;Residencial,2026-10-01,704130.4917765369
BUIN - PAINE - LINDEROS - MAIPO - ALTO JAHUEL;AGUAS ANDINAS;Residencial,2026-11-01,742733.1911563501
BUIN - PAINE - LINDEROS - MAIPO - ALTO JAHUEL;AGUAS ANDINAS;Residencial,2026-12-01,777088.0169226563
BUIN - PAINE - LINDEROS - MAIPO - ALTO JAHUEL;AGUAS ANDINAS;Residencial,2027-01-01,808480.6808402932
BUIN - PAINE - LINDEROS - MAIPO - ALTO JAHUEL;AGUAS ANDINAS;Residencial,2027-02-01,821488.0260571149
BUIN - PAINE - LINDEROS - MAIPO - ALTO JAHUEL;AGUAS ANDINAS;Residencial,2027-03-01,810203.2339313359
BUIN - PAINE - LINDEROS - MAIPO - ALTO JAHUEL;AGUAS ANDINAS;Residencial,2027-04-01,780290.170816413
BUIN - PAINE - LINDEROS - MAIPO - ALTO JAHUEL;AGUAS ANDINAS;Residencial,2027-05-01,747947.2999420171
BUIN - PAINE - LINDEROS - MAIPO - ALTO JAHUEL;AGUAS ANDINAS;Residencial,2027-06-01,717467.9800189597
BUIN - PAINE - LINDEROS - MAIPO - ALTO JAHUEL;AGUAS ANDINAS;Residencial,2027-07-01,698615.6644784014
BUIN - PAINE - LINDEROS - MAIPO - ALTO JAHUEL;AGUAS ANDINAS;Residencial,2027-08-01,692513.0026330141
BUIN - PAINE - LINDEROS - MAIPO - ALTO JAHUEL;AGUAS ANDINAS;Residencial,2027-09-01,697543.6478917012
BUIN - PAINE - LINDEROS - MAIPO - ALTO JAHUEL;AGUAS ANDINAS;Residencial,2027-10-01,723141.8959054543
BUIN - PAINE - LINDEROS - MAIPO - ALTO JAHUEL;AGUAS ANDINAS;Residencial,2027-11-01,761744.5952852675
BUIN - PAINE - LINDEROS - MAIPO - ALTO JAHUEL;AGUAS ANDINAS;Residencial,2027-12-01,796099.4210515736
BUIN - PAINE - LINDEROS - MAIPO - ALTO JAHUEL;AGUAS ANDINAS;Residencial,2028-01-01,827492.0849692106
BUIN - PAINE - LINDEROS - MAIPO - ALTO JAHUEL;AGUAS ANDINAS;Residencial,2028-02-01,840499.4301860322
BUIN - PAINE - LINDEROS - MAIPO - ALTO JAHUEL;AGUAS ANDINAS;Residencial,2028-03-01,829214.6380602532
BUIN - PAINE - LINDEROS - MAIPO - ALTO JAHUEL;AGUAS ANDINAS;Residencial,2028-04-01,799301.5749453303
BUIN - PAINE - LINDEROS - MAIPO - ALTO JAHUEL;AGUAS ANDINAS;Residencial,2028-05-01,766958.7040709343
BUIN - PAINE - LINDEROS - MAIPO - ALTO JAHUEL;AGUAS ANDINAS;Residencial,2028-06-01,736479.3841478771
BUIN - PAINE - LINDEROS - MAIPO - ALTO JAHUEL;AGUAS ANDINAS;Residencial,2028-07-01,717627.0686073188
BUIN - PAINE - LINDEROS - MAIPO - ALTO JAHUEL;AGUAS ANDINAS;Residencial,2028-08-01,711524.4067619315
BUIN - PAINE - LINDEROS - MAIPO - ALTO JAHUEL;AGUAS ANDINAS;Residencial,2028-09-01,716555.0520206186
BUIN - PAINE - LINDEROS - MAIPO - ALTO JAHUEL;AGUAS ANDINAS;Residencial,2028-10-01,740243.0863394488
BUIN - PAINE - LINDEROS - MAIPO - ALTO JAHUEL;AGUAS ANDINAS;Residencial,2028-11-01,778845.785719262
BUIN - PAINE - LINDEROS - MAIPO - ALTO JAHUEL;AGUAS ANDINAS;Residencial,2028-12-01,813200.6114855682
BUIN - PAINE - LINDEROS - MAIPO - ALTO JAHUEL;AGUAS ANDINAS;Residencial,2029-01-01,844593.2754032051
BUIN - PAINE - LINDEROS - MAIPO - ALTO JAHUEL;AGUAS ANDINAS;Residencial,2029-02-01,857600.6206200268
BUIN - PAINE - LINDEROS - MAIPO - ALTO JAHUEL;AGUAS ANDINAS;Residencial,2029-03-01,846315.8284942477
BUIN - PAINE - LINDEROS - MAIPO - ALTO JAHUEL;AGUAS ANDINAS;Residencial,2029-04-01,816402.7653793249
BUIN - PAINE - LINDEROS - MAIPO - ALTO JAHUEL;AGUAS ANDINAS;Residencial,2029-05-01,783531.4583382817
BUIN - PAINE - LINDEROS - MAIPO - ALTO JAHUEL;AGUAS ANDINAS;Residencial,2029-06-01,753052.1384152245
BUIN - PAINE - LINDEROS - MAIPO - ALTO JAHUEL;AGUAS ANDINAS;Residencial,2029-07-01,734199.8228746662
BUIN - PAINE - LINDEROS - MAIPO - ALTO JAHUEL;AGUAS ANDINAS;Residencial,2029-08-01,728097.1610292789
BUIN - PAINE - LINDEROS - MAIPO - ALTO JAHUEL;AGUAS ANDINAS;Residencial,2029-09-01,733127.806287966
BUIN - PAINE - LINDEROS - MAIPO - ALTO JAHUEL;AGUAS ANDINAS;Residencial,2029-10-01,756815.8406067963
BUIN - PAINE - LINDEROS - MAIPO - ALTO JAHUEL;AGUAS ANDINAS;Residencial,2029-11-01,795418.5399866095
BUIN - PAINE - LINDEROS - MAIPO - ALTO JAHUEL;AGUAS ANDINAS;Residencial,2029-12-01,829773.3657529156
BUIN - PAINE - LINDEROS - MAIPO - ALTO JAHUEL;AGUAS ANDINAS;Institucional,2025-01-01,3867.8705974044037
BUIN - PAINE - LINDEROS - MAIPO - ALTO JAHUEL;AGUAS ANDINAS;Institucional,2025-02-01,32.01616836208177
BUIN - PAINE - LINDEROS - MAIPO - ALTO JAHUEL;AGUAS ANDINAS;Institucional,2025-03-01,3899.8867657664855
BUIN - PAINE - LINDEROS - MAIPO - ALTO JAHUEL;AGUAS ANDINAS;Institucional,2025-04-01,64.03233672416354
BUIN - PAINE - LINDEROS - MAIPO - ALTO JAHUEL;AGUAS ANDINAS;Institucional,2025-05-01,3931.9029341285673
BUIN - PAINE - LINDEROS - MAIPO - ALTO JAHUEL;AGUAS ANDINAS;Institucional,2025-06-01,96.04850508624531
BUIN - PAINE - LINDEROS - MAIPO - ALTO JAHUEL;AGUAS ANDINAS;Institucional,2025-07-01,3963.919102490649
BUIN - PAINE - LINDEROS - MAIPO - ALTO JAHUEL;AGUAS ANDINAS;Institucional,2025-08-01,128.06467344832708
BUIN - PAINE - LINDEROS - MAIPO - ALTO JAHUEL;AGUAS ANDINAS;Institucional,2025-09-01,3995.935270852731
BUIN - PAINE - LINDEROS - MAIPO - ALTO JAHUEL;AGUAS ANDINAS;Institucional,2025-10-01,156.82737327744007
BUIN - PAINE - LINDEROS - MAIPO - ALTO JAHUEL;AGUAS ANDINAS;Institucional,2025-11-01,4024.697970681844
BUIN - PAINE - LINDEROS - MAIPO - ALTO JAHUEL;AGUAS ANDINAS;Institucional,2025-12-01,188.84354163952185
BUIN - PAINE - LINDEROS - MAIPO - ALTO JAHUEL;AGUAS ANDINAS;Institucional,2026-01-01,4056.7141390439256
BUIN - PAINE - LINDEROS - MAIPO - ALTO JAHUEL;AGUAS ANDINAS;Institucional,2026-02-01,220.85971000160362
BUIN - PAINE - LINDEROS - MAIPO - ALTO JAHUEL;AGUAS ANDINAS;Institucional,2026-03-01,4088.7303074060073
BUIN - PAINE - LINDEROS - MAIPO - ALTO JAHUEL;AGUAS ANDINAS;Institucional,2026-04-01,252.8758783636854
BUIN - PAINE - LINDEROS - MAIPO - ALTO JAHUEL;AGUAS ANDINAS;Institucional,2026-05-01,4120.746475768089
BUIN - PAINE - LINDEROS - MAIPO - ALTO JAHUEL;AGUAS ANDINAS;Institucional,2026-06-01,284.89204672576716
BUIN - PAINE - LINDEROS - MAIPO - ALTO JAHUEL;AGUAS ANDINAS;Institucional,2026-07-01,4152.762644130171
BUIN - PAINE - LINDEROS - MAIPO - ALTO JAHUEL;AGUAS ANDINAS;Institucional,2026-08-01,316.90821508784893
BUIN - PAINE - LINDEROS - MAIPO - ALTO JAHUEL;AGUAS ANDINAS;Institucional,2026-09-01,4184.778812492253
BUIN - PAINE - LINDEROS - MAIPO - ALTO JAHUEL;AGUAS ANDINAS;Institucional,2026-10-01,348.9243834499307
BUIN - PAINE - LINDEROS - MAIPO - ALTO JAHUEL;AGUAS ANDINAS;Institucional,2026-11-01,4216.794980854334
BUIN - PAINE - LINDEROS - MAIPO - ALTO JAHUEL;AGUAS ANDINAS;Institucional,2026-12-01,380.9405518120125
BUIN - PAINE - LINDEROS - MAIPO - ALTO JAHUEL;AGUAS ANDINAS;Institucional,2027-01-01,4248.811149216416
BUIN - PAINE - LINDEROS - MAIPO - ALTO JAHUEL;AGUAS ANDINAS;Institucional,2027-02-01,412.95672017409424
BUIN - PAINE - LINDEROS - MAIPO - ALTO JAHUEL;AGUAS ANDINAS;Institucional,2027-03-01,4280.827317578498
BUIN - PAINE - LINDEROS - MAIPO - ALTO JAHUEL;AGUAS ANDINAS;Institucional,2027-04-01,444.972888536176
BUIN - PAINE - LINDEROS - MAIPO - ALTO JAHUEL;AGUAS ANDINAS;Institucional,2027-05-01,4312.84348594058
BUIN - PAINE - LINDEROS - MAIPO - ALTO JAHUEL;AGUAS ANDINAS;Institucional,2027-06-01,476.9890568982578
BUIN - PAINE - LINDEROS - MAIPO - ALTO JAHUEL;AGUAS ANDINAS;Institucional,2027-07-01,4344.8596543026615
BUIN - PAINE - LINDEROS - MAIPO - ALTO JAHUEL;AGUAS ANDINAS;Institucional,2027-08-01,509.00522526033956
BUIN - PAINE - LINDEROS - MAIPO - ALTO JAHUEL;AGUAS ANDINAS;Institucional,2027-09-01,4376.875822664743
BUIN - PAINE - LINDEROS - MAIPO - ALTO JAHUEL;AGUAS ANDINAS;Institucional,2027-10-01,541.0213936224213
BUIN - PAINE - LINDEROS - MAIPO - ALTO JAHUEL;AGUAS ANDINAS;Institucional,2027-11-01,4408.891991026825
BUIN - PAINE - LINDEROS - MAIPO - ALTO JAHUEL;AGUAS ANDINAS;Institucional,2027-12-01,573.0375619845031
BUIN - PAINE - LINDEROS - MAIPO - ALTO JAHUEL;AGUAS ANDINAS;Institucional,2028-01-01,4440.908159388907
BUIN - PAINE - LINDEROS - MAIPO - ALTO JAHUEL;AGUAS ANDINAS;Institucional,2028-02-01,605.0537303465849
BUIN - PAINE - LINDEROS - MAIPO - ALTO JAHUEL;AGUAS ANDINAS;Institucional,2028-03-01,4472.924327750989
BUIN - PAINE - LINDEROS - MAIPO - ALTO JAHUEL;AGUAS ANDINAS;Institucional,2028-04-01,637.0698987086666
BUIN - PAINE - LINDEROS - MAIPO - ALTO JAHUEL;AGUAS ANDINAS;Institucional,2028-05-01,4504.94049611307
BUIN - PAINE - LINDEROS - MAIPO - ALTO JAHUEL;AGUAS ANDINAS;Institucional,2028-06-01,669.0860670707484
BUIN - PAINE - LINDEROS - MAIPO - ALTO JAHUEL;AGUAS ANDINAS;Institucional,2028-07-01,4536.956664475152
BUIN - PAINE - LINDEROS - MAIPO - ALTO JAHUEL;AGUAS ANDINAS;Institucional,2028-08-01,701.1022354328302
BUIN - PAINE - LINDEROS - MAIPO - ALTO JAHUEL;AGUAS ANDINAS;Institucional,2028-09-01,4568.972832837234
BUIN - PAINE - LINDEROS - MAIPO - ALTO JAHUEL;AGUAS ANDINAS;Institucional,2028-10-01,733.118403794912
BUIN - PAINE - LINDEROS - MAIPO - ALTO JAHUEL;AGUAS ANDINAS;Institucional,2028-11-01,4600.989001199316
BUIN - PAINE - LINDEROS - MAIPO - ALTO JAHUEL;AGUAS ANDINAS;Institucional,2028-12-01,765.1345721569937
BUIN - PAINE - LINDEROS - MAIPO - ALTO JAHUEL;AGUAS ANDINAS;Institucional,2029-01-01,4633.005169561397
BUIN - PAINE - LINDEROS - MAIPO - ALTO JAHUEL;AGUAS ANDINAS;Institucional,2029-02-01,797.1507405190755
BUIN - PAINE - LINDEROS - MAIPO - ALTO JAHUEL;AGUAS ANDINAS;Institucional,2029-03-01,4665.021337923479
BUIN - PAINE - LINDEROS - MAIPO - ALTO JAHUEL;AGUAS ANDINAS;Institucional,2029-04-01,829.1669088811573
BUIN - PAINE - LINDEROS - MAIPO - ALTO JAHUEL;AGUAS ANDINAS;Institucional,2029-05-01,4697.037506285561
BUIN - PAINE - LINDEROS - MAIPO - ALTO JAHUEL;AGUAS ANDINAS;Institucional,2029-06-01,861.183077243239
BUIN - PAINE - LINDEROS - MAIPO - ALTO JAHUEL;AGUAS ANDINAS;Institucional,2029-07-01,4729.053674647643
BUIN - PAINE - LINDEROS - MAIPO - ALTO JAHUEL;AGUAS ANDINAS;Institucional,2029-08-01,893.1992456053208
BUIN - PAINE - LINDEROS - MAIPO - ALTO JAHUEL;AGUAS ANDINAS;Institucional,2029-09-01,4761.0698430097245
BUIN - PAINE - LINDEROS - MAIPO - ALTO JAHUEL;AGUAS ANDINAS;Institucional,2029-10-01,925.2154139674026
BUIN - PAINE - LINDEROS - MAIPO - ALTO JAHUEL;AGUAS ANDINAS;Institucional,2029-11-01,4793.086011371806
BUIN - PAINE - LINDEROS - MAIPO - ALTO JAHUEL;AGUAS ANDINAS;Institucional,2029-12-01,957.2315823294844
BUIN - PAINE - LINDEROS - MAIPO - ALTO JAHUEL;AGUAS ANDINAS;Industrial,2025-01-01,21689.75200411058
BUIN - PAINE - LINDEROS - MAIPO - ALTO JAHUEL;AGUAS ANDINAS;Industrial,2025-02-01,21684.743804116053
BUIN - PAINE - LINDEROS - MAIPO - ALTO JAHUEL;AGUAS ANDINAS;Industrial,2025-03-01,22626.85564507956
BUIN - PAINE - LINDEROS - MAIPO - ALTO JAHUEL;AGUAS ANDINAS;Industrial,2025-04-01,22171.889531302615
BUIN - PAINE - LINDEROS - MAIPO - ALTO JAHUEL;AGUAS ANDINAS;Industrial,2025-05-01,20665.571317713937
BUIN - PAINE - LINDEROS - MAIPO - ALTO JAHUEL;AGUAS ANDINAS;Industrial,2025-06-01,19709.129539656744
BUIN - PAINE - LINDEROS - MAIPO - ALTO JAHUEL;AGUAS ANDINAS;Industrial,2025-07-01,19776.087776279062
BUIN - PAINE - LINDEROS - MAIPO - ALTO JAHUEL;AGUAS ANDINAS;Industrial,2025-08-01,18701.414090658698
BUIN - PAINE - LINDEROS - MAIPO - ALTO JAHUEL;AGUAS ANDINAS;Industrial,2025-09-01,17681.35238953876
BUIN - PAINE - LINDEROS - MAIPO - ALTO JAHUEL;AGUAS ANDINAS;Industrial,2025-10-01,16894.623475331
BUIN - PAINE - LINDEROS - MAIPO - ALTO JAHUEL;AGUAS ANDINAS;Industrial,2025-11-01,17967.62621955423
BUIN - PAINE - LINDEROS - MAIPO - ALTO JAHUEL;AGUAS ANDINAS;Industrial,2025-12-01,20342.811590646364
BUIN - PAINE - LINDEROS - MAIPO - ALTO JAHUEL;AGUAS ANDINAS;Industrial,2026-01-01,19818.21737029783
BUIN - PAINE - LINDEROS - MAIPO - ALTO JAHUEL;AGUAS ANDINAS;Industrial,2026-02-01,20128.945655985553
BUIN - PAINE - LINDEROS - MAIPO - ALTO JAHUEL;AGUAS ANDINAS;Industrial,2026-03-01,21398.17051152231
BUIN - PAINE - LINDEROS - MAIPO - ALTO JAHUEL;AGUAS ANDINAS;Industrial,2026-04-01,21725.857623454325
BUIN - PAINE - LINDEROS - MAIPO - ALTO JAHUEL;AGUAS ANDINAS;Industrial,2026-05-01,21117.91361124994
BUIN - PAINE - LINDEROS - MAIPO - ALTO JAHUEL;AGUAS ANDINAS;Industrial,2026-06-01,20910.15569580462
BUIN - PAINE - LINDEROS - MAIPO - ALTO JAHUEL;AGUAS ANDINAS;Industrial,2026-07-01,20301.82636515943
BUIN - PAINE - LINDEROS - MAIPO - ALTO JAHUEL;AGUAS ANDINAS;Industrial,2026-08-01,20739.309488510993
BUIN - PAINE - LINDEROS - MAIPO - ALTO JAHUEL;AGUAS ANDINAS;Industrial,2026-09-01,19407.077066952967
BUIN - PAINE - LINDEROS - MAIPO - ALTO JAHUEL;AGUAS ANDINAS;Industrial,2026-10-01,19349.765053866387
BUIN - PAINE - LINDEROS - MAIPO - ALTO JAHUEL;AGUAS ANDINAS;Industrial,2026-11-01,20581.074676753924
BUIN - PAINE - LINDEROS - MAIPO - ALTO JAHUEL;AGUAS ANDINAS;Industrial,2026-12-01,21788.064431633913
BUIN - PAINE - LINDEROS - MAIPO - ALTO JAHUEL;AGUAS ANDINAS;Industrial,2027-01-01,22108.722400519724
BUIN - PAINE - LINDEROS - MAIPO - ALTO JAHUEL;AGUAS ANDINAS;Industrial,2027-02-01,23581.678815704643
BUIN - PAINE - LINDEROS - MAIPO - ALTO JAHUEL;AGUAS ANDINAS;Industrial,2027-03-01,23848.523470908505
BUIN - PAINE - LINDEROS - MAIPO - ALTO JAHUEL;AGUAS ANDINAS;Industrial,2027-04-01,22634.04184985363
BUIN - PAINE - LINDEROS - MAIPO - ALTO JAHUEL;AGUAS ANDINAS;Industrial,2027-05-01,21483.230202047922
BUIN - PAINE - LINDEROS - MAIPO - ALTO JAHUEL;AGUAS ANDINAS;Industrial,2027-06-01,20655.327032972833
BUIN - PAINE - LINDEROS - MAIPO - ALTO JAHUEL;AGUAS ANDINAS;Industrial,2027-07-01,21622.020228795303
BUIN - PAINE - LINDEROS - MAIPO - ALTO JAHUEL;AGUAS ANDINAS;Industrial,2027-08-01,21146.443569558298
BUIN - PAINE - LINDEROS - MAIPO - ALTO JAHUEL;AGUAS ANDINAS;Industrial,2027-09-01,20901.791508706665
BUIN - PAINE - LINDEROS - MAIPO - ALTO JAHUEL;AGUAS ANDINAS;Industrial,2027-10-01,20257.999567296636
BUIN - PAINE - LINDEROS - MAIPO - ALTO JAHUEL;AGUAS ANDINAS;Industrial,2027-11-01,22205.76336707759
BUIN - PAINE - LINDEROS - MAIPO - ALTO JAHUEL;AGUAS ANDINAS;Industrial,2027-12-01,22437.429820532343
BUIN - PAINE - LINDEROS - MAIPO - ALTO JAHUEL;AGUAS ANDINAS;Industrial,2028-01-01,23895.289862995785
BUIN - PAINE - LINDEROS - MAIPO - ALTO JAHUEL;AGUAS ANDINAS;Industrial,2028-02-01,24881.34968133339
BUIN - PAINE - LINDEROS - MAIPO - ALTO JAHUEL;AGUAS ANDINAS;Industrial,2028-03-01,24997.541577791497
BUIN - PAINE - LINDEROS - MAIPO - ALTO JAHUEL;AGUAS ANDINAS;Industrial,2028-04-01,23723.88744220538
BUIN - PAINE - LINDEROS - MAIPO - ALTO JAHUEL;AGUAS ANDINAS;Industrial,2028-05-01,22109.26659338241
BUIN - PAINE - LINDEROS - MAIPO - ALTO JAHUEL;AGUAS ANDINAS;Industrial,2028-06-01,22308.225966441685
BUIN - PAINE - LINDEROS - MAIPO - ALTO JAHUEL;AGUAS ANDINAS;Industrial,2028-07-01,21644.056029027994
BUIN - PAINE - LINDEROS - MAIPO - ALTO JAHUEL;AGUAS ANDINAS;Industrial,2028-08-01,21653.665562879127
BUIN - PAINE - LINDEROS - MAIPO - ALTO JAHUEL;AGUAS ANDINAS;Industrial,2028-09-01,21015.24019255887
BUIN - PAINE - LINDEROS - MAIPO - ALTO JAHUEL;AGUAS ANDINAS;Industrial,2028-10-01,22303.217228525642
BUIN - PAINE - LINDEROS - MAIPO - ALTO JAHUEL;AGUAS ANDINAS;Industrial,2028-11-01,24228.651741310066
BUIN - PAINE - LINDEROS - MAIPO - ALTO JAHUEL;AGUAS ANDINAS;Industrial,2028-12-01,24022.808937338774
BUIN - PAINE - LINDEROS - MAIPO - ALTO JAHUEL;AGUAS ANDINAS;Industrial,2029-01-01,24134.629761503635
BUIN - PAINE - LINDEROS - MAIPO - ALTO JAHUEL;AGUAS ANDINAS;Industrial,2029-02-01,25679.141233833212
BUIN - PAINE - LINDEROS - MAIPO - ALTO JAHUEL;AGUAS ANDINAS;Industrial,2029-03-01,26877.99704026531
BUIN - PAINE - LINDEROS - MAIPO - ALTO JAHUEL;AGUAS ANDINAS;Industrial,2029-04-01,24991.90035118125
BUIN - PAINE - LINDEROS - MAIPO - ALTO JAHUEL;AGUAS ANDINAS;Industrial,2029-05-01,24323.95286001253
BUIN - PAINE - LINDEROS - MAIPO - ALTO JAHUEL;AGUAS ANDINAS;Industrial,2029-06-01,23597.73930591202
BUIN - PAINE - LINDEROS - MAIPO - ALTO JAHUEL;AGUAS ANDINAS;Industrial,2029-07-01,23590.06823773177
BUIN - PAINE - LINDEROS - MAIPO - ALTO JAHUEL;AGUAS ANDINAS;Industrial,2029-08-01,22678.39387703126
BUIN - PAINE - LINDEROS - MAIPO - ALTO JAHUEL;AGUAS ANDINAS;Industrial,2029-09-01,21142.165044988076
BUIN - PAINE - LINDEROS - MAIPO - ALTO JAHUEL;AGUAS ANDINAS;Industrial,2029-10-01,22831.53837063793
BUIN - PAINE - LINDEROS - MAIPO - ALTO JAHUEL;AGUAS ANDINAS;Industrial,2029-11-01,24533.711056870623
BUIN - PAINE - LINDEROS - MAIPO - ALTO JAHUEL;AGUAS ANDINAS;Industrial,2029-12-01,25316.909247353273
