,id_combinacion,Unnamed: 0,lags,params,mape,rmspe,rmse,max_depth,num_leaves,boosting_type,n_estimators,min_data_in_leaf,min_child_samples,min_data_in_bin,learning_rate,feature_fraction,max_bin,reg_alpha,reg_lambda,linear_tree,MAPE_val,RMSE_val,RMSPE_val,MAPE_test,RMSE_test,RMSPE_test
0,BUIN - PAINE - LINDEROS - MAIPO - ALTO JAHUEL;AGUAS ANDINAS;Comercial,,[ 1  2  3  4  5  6  7  8  9 10 11 12 13 14 15 16 17],"{'max_depth': 6, 'num_leaves': 16, 'boosting_type': 'gbdt', 'n_estimators': 3, 'max_bin': 19, 'min_data_in_leaf': 6, 'min_child_samples': 12, 'min_data_in_bin': 4, 'learning_rate': 0.0008608586343569348, 'feature_fraction': 0.05, 'reg_alpha': 0.6, 'reg_lambda': 0.8, 'linear_tree': True}",0.0680328076289943,0.0808141911268504,13318.903770058048,6,16,gbdt,3,6,12,4,0.0008608586343569,0.05,19,0.6,0.8,True,0.0680328076289943,13318.903770058048,0.0808141911268504,0.0851775413579123,14702.02744779827,0.1023428706802512
1,LO AGUIRRE;EMAPAL;Comercial,,[ 1  2  3  4  5  6  7  8  9 10 11 12 13],"{'max_depth': 1, 'num_leaves': 2, 'boosting_type': 'rf', 'n_estimators': 10, 'max_bin': 22, 'min_data_in_leaf': 12, 'min_child_samples': 15, 'min_data_in_bin': 17, 'learning_rate': 0.0003601753082854849, 'feature_fraction': 0.55, 'reg_alpha': 0.8, 'reg_lambda': 0.1, 'linear_tree': True}",0.9999999108770766,0.9999999108770792,107.53929179872073,1,2,rf,10,12,15,17,0.0003601753082854,0.55,22,0.8,0.1,True,0.9999999108770766,107.53929179872073,0.9999999108770792,0.6669745774931599,572.823910796848,0.7102738352456691
2,LO AGUIRRE;EMAPAL;No Asociado a Inmueble,,[ 1  2  3  4  5  6  7  8  9 10 11 12 13 14 15 16 17 18 19 20 21 22],"{'max_depth': 2, 'num_leaves': 3, 'boosting_type': 'rf', 'n_estimators': 10, 'max_bin': 6, 'min_data_in_leaf': 3, 'min_child_samples': 3, 'min_data_in_bin': 7, 'learning_rate': 9.233466349749839e-05, 'feature_fraction': 0.45, 'reg_alpha': 0.6, 'reg_lambda': 0.30000000000000004, 'linear_tree': True}",2.19981036377543,5.479819226865621,1029.8730616940074,2,3,rf,10,3,3,7,9.23346634974984e-05,0.45,6,0.6,0.3,True,2.19981036377543,1029.8730616940074,5.479819226865621,0.9954912001904488,919.0925565854162,1.792544851572818
3,LO AGUIRRE;EMAPAL;Residencial,,[ 1  2  3  4  5  6  7  8  9 10 11 12 13 14 15 16 17 18],"{'max_depth': 2, 'num_leaves': 3, 'boosting_type': 'gbdt', 'n_estimators': 6, 'max_bin': 15, 'min_data_in_leaf': 4, 'min_child_samples': 15, 'min_data_in_bin': 3, 'learning_rate': 0.0006292096596944878, 'feature_fraction': 0.05, 'reg_alpha': 0.9, 'reg_lambda': 0.7000000000000001, 'linear_tree': True}",0.1263853445011611,0.1561103373401666,4780.947412756499,2,3,gbdt,6,4,15,3,0.0006292096596944,0.05,15,0.9,0.7000000000000001,True,0.1263853445011611,4780.947412756499,0.1561103373401666,0.1779132902596727,7628.631914278857,0.217555871550742
4,QUILICURA;ESSA;Comercial,,[ 1  2  3  4  5  6  7  8  9 10 11 12],"{'max_depth': 2, 'num_leaves': 3, 'boosting_type': 'gbdt', 'n_estimators': 6, 'max_bin': 5, 'min_data_in_leaf': 9, 'min_child_samples': 13, 'min_data_in_bin': 7, 'learning_rate': 0.0004906179896534998, 'feature_fraction': 0.55, 'reg_alpha': 0.5, 'reg_lambda': 0.8, 'linear_tree': True}",6.431862110149235,9.99429224948863,4038.273373849765,2,3,gbdt,6,9,13,7,0.0004906179896534,0.55,5,0.5,0.8,True,6.431862110149235,4038.273373849765,9.99429224948863,0.390789729826885,11858.592052179403,0.4204093219177182
5,QUILICURA;ESSA;Industrial,,[ 1  2  3  4  5  6  7  8  9 10 11 12 13],"{'max_depth': 2, 'num_leaves': 3, 'boosting_type': 'rf', 'n_estimators': 5, 'max_bin': 26, 'min_data_in_leaf': 3, 'min_child_samples': 18, 'min_data_in_bin': 14, 'learning_rate': 0.0009964834054319368, 'feature_fraction': 0.15000000000000002, 'reg_alpha': 0.9, 'reg_lambda': 0.1, 'linear_tree': True}",0.074202540237688,0.0948623878601458,22312.78586671368,2,3,rf,5,3,18,14,0.0009964834054319,0.15,26,0.9,0.1,True,0.074202540237688,22312.78586671368,0.0948623878601458,0.255657735536198,49796.46259456211,0.4978774208932279
6,IZARRA DE LO AGUIRRE;IZARRA DE LO AGUIRRE;Industrial,,[ 1  2  3  4  5  6  7  8  9 10 11 12 13 14 15 16 17 18 19 20 21 22 23 24 25 26 27 28 29 30 31 32 33 34],"{'max_depth': 1, 'num_leaves': 2, 'boosting_type': 'dart', 'n_estimators': 2, 'max_bin': 22, 'min_data_in_leaf': 24, 'min_child_samples': 21, 'min_data_in_bin': 14, 'learning_rate': 0.0006195004124253574, 'feature_fraction': 0.35000000000000003, 'reg_alpha': 0.9, 'reg_lambda': 0.1, 'linear_tree': False}",0.3391890256149229,0.4537447557485962,4074.4219815003617,1,2,dart,2,24,21,14,0.0006195004124253,0.35,22,0.9,0.1,False,0.3391890256149229,4074.4219815003617,0.4537447557485962,0.5400521503239715,8081.843704858072,0.5450338556962857
7,JARDINES DE LA ESTACION;LA ESTACION;Residencial,,[ 1  2  3  4  5  6  7  8  9 10 11 12 13 14],"{'max_depth': 1, 'num_leaves': 2, 'boosting_type': 'gbdt', 'n_estimators': 6, 'max_bin': 25, 'min_data_in_leaf': 6, 'min_child_samples': 15, 'min_data_in_bin': 3, 'learning_rate': 0.0006853616813150322, 'feature_fraction': 0.5, 'reg_alpha': 0.8, 'reg_lambda': 0.4, 'linear_tree': False}",0.0648459650273785,0.077973983616107,156.10001792480105,1,2,gbdt,6,6,15,3,0.000685361681315,0.5,25,0.8,0.4,False,0.0648459650273785,156.10001792480105,0.077973983616107,0.0372925147559937,98.35709296889738,0.0476408210793299
8,LA LEONERA;LA LEONERA;Comercial,,[ 1  2  3  4  5  6  7  8  9 10 11 12 13 14 15 16 17 18 19 20 21 22 23 24 25 26 27],"{'max_depth': 3, 'num_leaves': 6, 'boosting_type': 'rf', 'n_estimators': 7, 'max_bin': 9, 'min_data_in_leaf': 2, 'min_child_samples': 26, 'min_data_in_bin': 26, 'learning_rate': 2.2467086941642254e-05, 'feature_fraction': 0.45, 'reg_alpha': 0.1, 'reg_lambda': 0.9, 'linear_tree': True}",0.5588763410118982,1.4434832859316362,564.9042830513429,3,6,rf,7,2,26,26,2.246708694164225e-05,0.45,9,0.1,0.9,True,0.5588763410118982,564.9042830513429,1.4434832859316362,3.3253708657083862,1231.3698009929385,5.117245629267968
9,LA LEONERA;LA LEONERA;Residencial,,[ 1  2  3  4  5  6  7  8  9 10 11 12],"{'max_depth': 3, 'num_leaves': 4, 'boosting_type': 'gbdt', 'n_estimators': 4, 'max_bin': 10, 'min_data_in_leaf': 6, 'min_child_samples': 7, 'min_data_in_bin': 13, 'learning_rate': 0.0003565313158271038, 'feature_fraction': 0.8, 'reg_alpha': 0.8, 'reg_lambda': 0.30000000000000004, 'linear_tree': True}",0.6073820650477191,0.8976304416833495,669.2331357692718,3,4,gbdt,4,6,7,13,0.0003565313158271,0.8,10,0.8,0.3,True,0.6073820650477191,669.2331357692718,0.8976304416833495,1.5650337303358788,1193.7654850559509,2.287627401459229
10,COSSBO;COSSBO;Residencial,,[ 1  2  3  4  5  6  7  8  9 10 11 12 13 14 15 16 17 18 19 20 21 22 23 24 25 26 27 28 29 30],"{'max_depth': 3, 'num_leaves': 6, 'boosting_type': 'gbdt', 'n_estimators': 6, 'max_bin': 14, 'min_data_in_leaf': 23, 'min_child_samples': 18, 'min_data_in_bin': 3, 'learning_rate': 0.00035816512556193143, 'feature_fraction': 0.35000000000000003, 'reg_alpha': 0.5, 'reg_lambda': 0.4, 'linear_tree': True}",0.1368647323284526,0.1650662564020984,5252.115760444655,3,6,gbdt,6,23,18,3,0.0003581651255619,0.35,14,0.5,0.4,True,0.1368647323284526,5252.115760444655,0.1650662564020984,0.1729621086343593,5518.976296880904,0.2143032775757979
11,VALLE GRANDE;NOVAGUAS;Residencial,,[ 1  2  3  4  5  6  7  8  9 10 11 12 13 14 15 16 17 18 19 20 21 22 23 24 25 26 27 28 29 30 31 32 33 34 35],"{'max_depth': 3, 'num_leaves': 7, 'boosting_type': 'dart', 'n_estimators': 8, 'max_bin': 24, 'min_data_in_leaf': 10, 'min_child_samples': 20, 'min_data_in_bin': 9, 'learning_rate': 0.0001770408458378414, 'feature_fraction': 0.45, 'reg_alpha': 0.8, 'reg_lambda': 0.2, 'linear_tree': False}",0.1794105773381494,0.2076297232249196,19940.45043151816,3,7,dart,8,10,20,9,0.0001770408458378,0.45,24,0.8,0.2,False,0.1794105773381494,19940.45043151816,0.2076297232249196,0.8026516383028004,96159.34856008703,0.8038379775235327
12,COSSBO;COSSBO;No Asociado a Inmueble,,[1 2 3 4 5 6 7 8 9],"{'max_depth': 5, 'num_leaves': 22, 'boosting_type': 'rf', 'n_estimators': 8, 'max_bin': 17, 'min_data_in_leaf': 2, 'min_child_samples': 20, 'min_data_in_bin': 8, 'learning_rate': 0.0007544033862480528, 'feature_fraction': 0.4, 'reg_alpha': 0.5, 'reg_lambda': 0.2, 'linear_tree': False}",0.6795693988881871,1.414909854473252,348.47387702372777,5,22,rf,8,2,20,8,0.000754403386248,0.4,17,0.5,0.2,False,0.6795693988881871,348.47387702372777,1.414909854473252,15.399649056182954,422.4134874887648,90.83323661523232
13,COSSBO;COSSBO;Industrial,,[ 1  2  3  4  5  6  7  8  9 10 11 12 13 14 15 16 17 18 19 20 21 22 23 24 25],"{'max_depth': 3, 'num_leaves': 5, 'boosting_type': 'rf', 'n_estimators': 9, 'max_bin': 23, 'min_data_in_leaf': 4, 'min_child_samples': 3, 'min_data_in_bin': 17, 'learning_rate': 0.0005619733687435072, 'feature_fraction': 0.4, 'reg_alpha': 0.2, 'reg_lambda': 0.5, 'linear_tree': True}",0.098262838884899,0.138168559465251,747.1922717706412,3,5,rf,9,4,3,17,0.0005619733687435,0.4,23,0.2,0.5,True,0.098262838884899,747.1922717706412,0.138168559465251,0.173072324870343,1083.4010749567497,0.218391356899086
14,EL CHAMISERO;AGUAS MANQUEHUE;Comercial,,[ 1  2  3  4  5  6  7  8  9 10 11 12 13 14 15 16 17 18 19 20 21 22 23 24 25],"{'max_depth': 3, 'num_leaves': 8, 'boosting_type': 'rf', 'n_estimators': 2, 'max_bin': 2, 'min_data_in_leaf': 2, 'min_child_samples': 25, 'min_data_in_bin': 8, 'learning_rate': 0.0007434054513448064, 'feature_fraction': 0.3, 'reg_alpha': 0.30000000000000004, 'reg_lambda': 0.7000000000000001, 'linear_tree': False}",0.3185735338801097,0.4025853857667223,4546.932480272356,3,8,rf,2,2,25,8,0.0007434054513448,0.3,2,0.3,0.7000000000000001,False,0.3185735338801097,4546.932480272356,0.4025853857667223,0.4361661924405421,10553.744311077831,0.4659516624614826
15,EL CHAMISERO;AGUAS MANQUEHUE;No Asociado a Inmueble,,[ 1  2  3  4  5  6  7  8  9 10 11 12 13 14 15 16 17 18 19 20 21 22 23 24 25 26],"{'max_depth': 3, 'num_leaves': 7, 'boosting_type': 'gbdt', 'n_estimators': 7, 'max_bin': 9, 'min_data_in_leaf': 3, 'min_child_samples': 13, 'min_data_in_bin': 7, 'learning_rate': 0.0009641829635965468, 'feature_fraction': 0.8, 'reg_alpha': 0.1, 'reg_lambda': 0.9, 'linear_tree': False}",0.3521974605912141,0.4394954690424758,3318.7579960183607,3,7,gbdt,7,3,13,7,0.0009641829635965,0.8,9,0.1,0.9,False,0.3521974605912141,3318.7579960183607,0.4394954690424758,0.2250523020628006,1716.9706298098868,0.3521680172169877
16,EL CHAMISERO;AGUAS MANQUEHUE;Residencial,,[ 1  2  3  4  5  6  7  8  9 10 11 12],"{'max_depth': 3, 'num_leaves': 4, 'boosting_type': 'gbdt', 'n_estimators': 6, 'max_bin': 15, 'min_data_in_leaf': 4, 'min_child_samples': 23, 'min_data_in_bin': 10, 'learning_rate': 0.0009865171504999037, 'feature_fraction': 0.35000000000000003, 'reg_alpha': 0.4, 'reg_lambda': 0.30000000000000004, 'linear_tree': True}",0.3160189759169456,0.3605238296917059,36468.19137369434,3,4,gbdt,6,4,23,10,0.0009865171504999,0.35,15,0.4,0.3,True,0.3160189759169456,36468.19137369434,0.3605238296917059,0.122069209582986,19077.02076541439,0.1323903120786716
17,LOS TRAPENSES;AGUAS MANQUEHUE;Comercial,,[ 1  2  3  4  5  6  7  8  9 10 11 12 13 14 15 16],"{'max_depth': 2, 'num_leaves': 3, 'boosting_type': 'gbdt', 'n_estimators': 8, 'max_bin': 9, 'min_data_in_leaf': 8, 'min_child_samples': 10, 'min_data_in_bin': 3, 'learning_rate': 0.0009764905895445202, 'feature_fraction': 0.7000000000000001, 'reg_alpha': 0.30000000000000004, 'reg_lambda': 0.7000000000000001, 'linear_tree': False}",0.1113610012288804,0.1496724867753478,9411.38650967889,2,3,gbdt,8,8,10,3,0.0009764905895445,0.7000000000000001,9,0.3,0.7000000000000001,False,0.1113610012288804,9411.38650967889,0.1496724867753478,0.1377226148676877,9801.240874109732,0.1731478536954159
18,LOS TRAPENSES;AGUAS MANQUEHUE;No Asociado a Inmueble,,[ 1  2  3  4  5  6  7  8  9 10 11 12 13 14 15],"{'max_depth': 3, 'num_leaves': 8, 'boosting_type': 'rf', 'n_estimators': 3, 'max_bin': 9, 'min_data_in_leaf': 2, 'min_child_samples': 4, 'min_data_in_bin': 9, 'learning_rate': 0.000942232872396141, 'feature_fraction': 0.15000000000000002, 'reg_alpha': 0.30000000000000004, 'reg_lambda': 0.5, 'linear_tree': False}",0.2552909199093287,0.3444551886927072,11143.825829388945,3,8,rf,3,2,4,9,0.0009422328723961,0.15,9,0.3,0.5,False,0.2552909199093287,11143.825829388945,0.3444551886927072,0.4729143970092921,11609.66088934787,0.8314145575340104
19,LOS TRAPENSES;AGUAS MANQUEHUE;Residencial,,[ 1  2  3  4  5  6  7  8  9 10 11 12],"{'max_depth': 2, 'num_leaves': 3, 'boosting_type': 'gbdt', 'n_estimators': 7, 'max_bin': 9, 'min_data_in_leaf': 7, 'min_child_samples': 16, 'min_data_in_bin': 12, 'learning_rate': 0.0009988419660672857, 'feature_fraction': 0.8, 'reg_alpha': 0.8, 'reg_lambda': 0.2, 'linear_tree': False}",0.1098056819174838,0.1337885303207076,39644.98248832375,2,3,gbdt,7,7,16,12,0.0009988419660672,0.8,9,0.8,0.2,False,0.1098056819174838,39644.98248832375,0.1337885303207076,0.0683749154800525,27737.36010570361,0.0882137804862841
20,SANTA MARIA DE MANQUEHUE;AGUAS MANQUEHUE;Comercial,,[ 1  2  3  4  5  6  7  8  9 10 11 12 13 14 15 16 17 18 19],"{'max_depth': 1, 'num_leaves': 2, 'boosting_type': 'gbdt', 'n_estimators': 2, 'max_bin': 10, 'min_data_in_leaf': 7, 'min_child_samples': 13, 'min_data_in_bin': 2, 'learning_rate': 0.0009233128384285765, 'feature_fraction': 0.55, 'reg_alpha': 0.30000000000000004, 'reg_lambda': 0.2, 'linear_tree': True}",0.1243830816271879,0.160024753715102,4839.724343381014,1,2,gbdt,2,7,13,2,0.0009233128384285,0.55,10,0.3,0.2,True,0.1243830816271879,4839.724343381014,0.160024753715102,0.1464756641881327,7847.227781220894,0.1734657633178895
21,SANTA MARIA DE MANQUEHUE;AGUAS MANQUEHUE;No Asociado a Inmueble,,[ 1  2  3  4  5  6  7  8  9 10 11 12 13 14 15],"{'max_depth': 2, 'num_leaves': 4, 'boosting_type': 'gbdt', 'n_estimators': 3, 'max_bin': 12, 'min_data_in_leaf': 5, 'min_child_samples': 24, 'min_data_in_bin': 7, 'learning_rate': 0.0007510652668125146, 'feature_fraction': 0.7500000000000001, 'reg_alpha': 0.7000000000000001, 'reg_lambda': 0.4, 'linear_tree': False}",0.4248590818343184,0.7284707379374924,13208.147961875671,2,4,gbdt,3,5,24,7,0.0007510652668125,0.7500000000000001,12,0.7000000000000001,0.4,False,0.4248590818343184,13208.147961875671,0.7284707379374924,0.4518510216066921,13007.985170578968,0.6686460415323082
22,SANTA MARIA DE MANQUEHUE;AGUAS MANQUEHUE;Residencial,,[ 1  2  3  4  5  6  7  8  9 10 11 12],"{'max_depth': 2, 'num_leaves': 3, 'boosting_type': 'rf', 'n_estimators': 8, 'max_bin': 9, 'min_data_in_leaf': 6, 'min_child_samples': 26, 'min_data_in_bin': 2, 'learning_rate': 0.0005551153973882234, 'feature_fraction': 0.55, 'reg_alpha': 0.9, 'reg_lambda': 0.6, 'linear_tree': True}",0.0867634284717381,0.1123097072227502,17433.1711736919,2,3,rf,8,6,26,2,0.0005551153973882,0.55,9,0.9,0.6,True,0.0867634284717381,17433.1711736919,0.1123097072227502,0.1274280432191534,19958.76610645233,0.1789938551350604
23,AP BARRANCAS;AGUAS SANTIAGO PONIENTE;Comercial,,[ 1  2  3  4  5  6  7  8  9 10 11 12 13 14 15 16 17 18 19 20 21 22 23 24 25 26 27 28 29 30 31 32 33 34],"{'max_depth': 1, 'num_leaves': 2, 'boosting_type': 'dart', 'n_estimators': 2, 'max_bin': 22, 'min_data_in_leaf': 24, 'min_child_samples': 21, 'min_data_in_bin': 14, 'learning_rate': 0.0006195004124253574, 'feature_fraction': 0.35000000000000003, 'reg_alpha': 0.9, 'reg_lambda': 0.1, 'linear_tree': False}",0.1924035812908522,0.2484553107658905,16386.03995462885,1,2,dart,2,24,21,14,0.0006195004124253,0.35,22,0.9,0.1,False,0.1924035812908522,16386.03995462885,0.2484553107658905,0.5000634900440581,46970.83103481808,0.5083986173297476
24,AP BARRANCAS;AGUAS SANTIAGO PONIENTE;Industrial,,[ 1  2  3  4  5  6  7  8  9 10 11 12 13 14 15 16 17 18 19 20 21 22 23 24 25 26 27 28 29 30 31 32 33 34],"{'max_depth': 2, 'num_leaves': 4, 'boosting_type': 'dart', 'n_estimators': 6, 'max_bin': 2, 'min_data_in_leaf': 3, 'min_child_samples': 22, 'min_data_in_bin': 24, 'learning_rate': 0.0009956527322500287, 'feature_fraction': 0.5, 'reg_alpha': 0.8, 'reg_lambda': 0.5, 'linear_tree': True}",0.23026018223214,0.2601065667052953,6098.87739670179,2,4,dart,6,3,22,24,0.00099565273225,0.5,2,0.8,0.5,True,0.23026018223214,6098.87739670179,0.2601065667052953,1.0092159979547763,23197.33417842206,1.0134085715753178
25,AP BARRANCAS;AGUAS SANTIAGO PONIENTE;No Asociado a Inmueble,,[ 1  2  3  4  5  6  7  8  9 10 11 12 13],"{'max_depth': 2, 'num_leaves': 2, 'boosting_type': 'rf', 'n_estimators': 9, 'max_bin': 26, 'min_data_in_leaf': 6, 'min_child_samples': 7, 'min_data_in_bin': 10, 'learning_rate': 0.0007307124250692746, 'feature_fraction': 0.4, 'reg_alpha': 0.8, 'reg_lambda': 0.1, 'linear_tree': True}",0.3183976374729615,0.6861713649531107,4339.424107844729,2,2,rf,9,6,7,10,0.0007307124250692,0.4,26,0.8,0.1,True,0.3183976374729615,4339.424107844729,0.6861713649531107,0.3476907654416251,3758.4442932516527,0.6307352353840334
26,AP BARRANCAS;AGUAS SANTIAGO PONIENTE;Residencial,,[ 1  2  3  4  5  6  7  8  9 10 11 12],"{'max_depth': 2, 'num_leaves': 3, 'boosting_type': 'rf', 'n_estimators': 2, 'max_bin': 11, 'min_data_in_leaf': 7, 'min_child_samples': 22, 'min_data_in_bin': 4, 'learning_rate': 0.0005812109224153253, 'feature_fraction': 0.6000000000000001, 'reg_alpha': 0.4, 'reg_lambda': 0.6, 'linear_tree': True}",0.0533495445851589,0.0674298134506907,3602.911204005736,2,3,rf,2,7,22,4,0.0005812109224153,0.6000000000000001,11,0.4,0.6,True,0.0533495445851589,3602.911204005736,0.0674298134506907,0.0447045220935684,2898.873361294687,0.0565746510539803
27,COSSBO;COSSBO;Comercial,,[ 1  2  3  4  5  6  7  8  9 10 11 12],"{'max_depth': 1, 'num_leaves': 2, 'boosting_type': 'gbdt', 'n_estimators': 9, 'max_bin': 25, 'min_data_in_leaf': 7, 'min_child_samples': 14, 'min_data_in_bin': 14, 'learning_rate': 0.00030994357874038864, 'feature_fraction': 0.5, 'reg_alpha': 0.9, 'reg_lambda': 0.30000000000000004, 'linear_tree': False}",0.1274305498195352,0.2865822262512745,121.3423598992908,1,2,gbdt,9,7,14,14,0.0003099435787403,0.5,25,0.9,0.3,False,0.1274305498195352,121.3423598992908,0.2865822262512745,1.3931131936537058,331.329373698514,5.002679779194446
28,COSSBO;COSSBO;Institucional,,[ 1  2  3  4  5  6  7  8  9 10 11 12 13 14 15 16 17 18 19 20 21 22 23 24 25 26 27 28 29 30 31 32 33 34],"{'max_depth': 3, 'num_leaves': 6, 'boosting_type': 'gbdt', 'n_estimators': 6, 'max_bin': 3, 'min_data_in_leaf': 4, 'min_child_samples': 13, 'min_data_in_bin': 23, 'learning_rate': 0.000925999866298747, 'feature_fraction': 0.4, 'reg_alpha': 0.9, 'reg_lambda': 0.2, 'linear_tree': False}",0.2497088236187954,0.34371816469717,2763.1993564224304,3,6,gbdt,6,4,13,23,0.0009259998662987,0.4,3,0.9,0.2,False,0.2497088236187954,2763.1993564224304,0.34371816469717,0.9480619691874472,3256.9998769643403,1.120486961300997
29,AYRES DE CHICUREO;SACYR AGUA CHACABUCO;Institucional,,[ 1  2  3  4  5  6  7  8  9 10 11 12 13 14 15 16 17 18 19 20 21 22 23],"{'max_depth': 2, 'num_leaves': 3, 'boosting_type': 'gbdt', 'n_estimators': 7, 'max_bin': 16, 'min_data_in_leaf': 24, 'min_child_samples': 16, 'min_data_in_bin': 22, 'learning_rate': 0.0009314835571776727, 'feature_fraction': 0.7000000000000001, 'reg_alpha': 0.1, 'reg_lambda': 0.2, 'linear_tree': False}",0.6875577045155694,0.9080591632022844,2400.929406067558,2,3,gbdt,7,24,16,22,0.0009314835571776,0.7000000000000001,16,0.1,0.2,False,0.6875577045155694,2400.929406067558,0.9080591632022844,0.8498268864457501,1825.94298196696,1.2533026072620943
30,AYRES DE CHICUREO;SACYR AGUA CHACABUCO;Residencial,,[ 1  2  3  4  5  6  7  8  9 10 11 12],"{'max_depth': 2, 'num_leaves': 3, 'boosting_type': 'gbdt', 'n_estimators': 10, 'max_bin': 7, 'min_data_in_leaf': 4, 'min_child_samples': 13, 'min_data_in_bin': 7, 'learning_rate': 0.00039155099041251784, 'feature_fraction': 0.7000000000000001, 'reg_alpha': 0.9, 'reg_lambda': 0.7000000000000001, 'linear_tree': True}",0.1179013301040089,0.1522065135786193,3059.612424366401,2,3,gbdt,10,4,13,7,0.0003915509904125,0.7000000000000001,7,0.9,0.7000000000000001,True,0.1179013301040089,3059.612424366401,0.1522065135786193,0.1780148695857604,8917.308636009155,0.2090140844742714
31,COLINA - ESMERALDA;SACYR AGUA CHACABUCO;Comercial,,[ 1  2  3  4  5  6  7  8  9 10 11 12 13 14 15 16 17],"{'max_depth': 2, 'num_leaves': 3, 'boosting_type': 'gbdt', 'n_estimators': 7, 'max_bin': 15, 'min_data_in_leaf': 3, 'min_child_samples': 22, 'min_data_in_bin': 6, 'learning_rate': 0.0008920141507696447, 'feature_fraction': 0.35000000000000003, 'reg_alpha': 0.5, 'reg_lambda': 0.1, 'linear_tree': True}",0.0844665889770487,0.1093349977499902,1243.3822685804123,2,3,gbdt,7,3,22,6,0.0008920141507696,0.35,15,0.5,0.1,True,0.0844665889770487,1243.3822685804123,0.1093349977499902,0.1939939268659862,2227.9895431875107,0.2390951447709596
32,SANTA ROSA DEL PERAL;SANTA ROSA DEL PERAL;Residencial,,[ 1  2  3  4  5  6  7  8  9 10 11 12],"{'max_depth': 3, 'num_leaves': 3, 'boosting_type': 'gbdt', 'n_estimators': 7, 'max_bin': 10, 'min_data_in_leaf': 2, 'min_child_samples': 19, 'min_data_in_bin': 5, 'learning_rate': 0.00066780810224361, 'feature_fraction': 0.5, 'reg_alpha': 0.9, 'reg_lambda': 0.5, 'linear_tree': True}",0.0958642799265273,0.1215685110405546,1730.8360449902093,3,3,gbdt,7,2,19,5,0.0006678081022436,0.5,10,0.9,0.5,True,0.0958642799265273,1730.8360449902093,0.1215685110405546,0.0784177177676237,1482.8338748221145,0.0958873641544619
33,LARAPINTA;SELAR;Comercial,,[ 1  2  3  4  5  6  7  8  9 10 11 12 13 14 15 16 17 18 19 20 21 22 23 24 25 26 27 28 29 30 31 32 33 34],"{'max_depth': 2, 'num_leaves': 4, 'boosting_type': 'dart', 'n_estimators': 6, 'max_bin': 2, 'min_data_in_leaf': 3, 'min_child_samples': 22, 'min_data_in_bin': 24, 'learning_rate': 0.0009956527322500287, 'feature_fraction': 0.5, 'reg_alpha': 0.8, 'reg_lambda': 0.5, 'linear_tree': True}",0.3320055491311843,0.4951367859860646,1308.5520050804248,2,4,dart,6,3,22,24,0.00099565273225,0.5,2,0.8,0.5,True,0.3320055491311843,1308.5520050804248,0.4951367859860646,1.1056078417062865,2451.2963691224754,1.152159783603984
34,LARAPINTA;SELAR;Institucional,,[ 1  2  3  4  5  6  7  8  9 10 11 12 13 14 15 16 17 18 19 20 21 22 23 24 25 26 27 28 29 30 31 32 33 34 35],"{'max_depth': 2, 'num_leaves': 3, 'boosting_type': 'dart', 'n_estimators': 10, 'max_bin': 6, 'min_data_in_leaf': 18, 'min_child_samples': 4, 'min_data_in_bin': 14, 'learning_rate': 6.943886204732254e-05, 'feature_fraction': 0.5, 'reg_alpha': 0.7000000000000001, 'reg_lambda': 0.5, 'linear_tree': False}",1.274874517954,3.875784158773485,1124.975792332143,2,3,dart,10,18,4,14,6.943886204732254e-05,0.5,6,0.7000000000000001,0.5,False,1.274874517954,1124.975792332143,3.875784158773485,0.9121248106355542,4702.197169566986,0.9133389845421336
35,LARAPINTA;SELAR;No Asociado a Inmueble,,[ 1  2  3  4  5  6  7  8  9 10 11 12 13 14 15],"{'max_depth': 2, 'num_leaves': 3, 'boosting_type': 'gbdt', 'n_estimators': 2, 'max_bin': 9, 'min_data_in_leaf': 5, 'min_child_samples': 11, 'min_data_in_bin': 8, 'learning_rate': 0.0008286342259616809, 'feature_fraction': 0.1, 'reg_alpha': 0.2, 'reg_lambda': 0.7000000000000001, 'linear_tree': False}",0.1872854687997115,0.2574422500274451,2062.36754118564,2,3,gbdt,2,5,11,8,0.0008286342259616,0.1,9,0.2,0.7000000000000001,False,0.1872854687997115,2062.36754118564,0.2574422500274451,0.1399080156437796,1543.208355383695,0.1655381452446748
36,LARAPINTA;SELAR;Residencial,,[ 1  2  3  4  5  6  7  8  9 10 11 12 13 14 15 16 17 18 19 20 21 22 23 24 25 26 27 28 29 30 31 32 33 34 35],"{'max_depth': 2, 'num_leaves': 3, 'boosting_type': 'gbdt', 'n_estimators': 5, 'max_bin': 7, 'min_data_in_leaf': 3, 'min_child_samples': 17, 'min_data_in_bin': 7, 'learning_rate': 0.0007212026081560209, 'feature_fraction': 0.45, 'reg_alpha': 0.6, 'reg_lambda': 0.9, 'linear_tree': True}",0.1172373737150393,0.1401863397603504,10764.266145394828,2,3,gbdt,5,3,17,7,0.000721202608156,0.45,7,0.6,0.9,True,0.1172373737150393,10764.266145394828,0.1401863397603504,0.0728254353714379,7731.159675954822,0.0895823014510532
37,LO PRADO;SEPRA;Comercial,,[ 1  2  3  4  5  6  7  8  9 10 11 12 13 14 15 16 17 18 19 20 21 22 23 24 25 26 27 28 29 30 31 32 33 34 35],"{'max_depth': 1, 'num_leaves': 2, 'boosting_type': 'gbdt', 'n_estimators': 8, 'max_bin': 17, 'min_data_in_leaf': 6, 'min_child_samples': 17, 'min_data_in_bin': 14, 'learning_rate': 0.0008190330785116036, 'feature_fraction': 0.25, 'reg_alpha': 0.1, 'reg_lambda': 0.1, 'linear_tree': False}",0.2496670192982526,0.3061048448345573,6225.667628187893,1,2,gbdt,8,6,17,14,0.0008190330785116,0.25,17,0.1,0.1,False,0.2496670192982526,6225.667628187893,0.3061048448345573,0.2355586974572173,5281.979496941119,0.301978447031498
38,LO PRADO;SEPRA;No Asociado a Inmueble,,[ 1  2  3  4  5  6  7  8  9 10 11 12 13 14 15 16 17 18 19 20 21 22 23 24 25 26 27 28 29 30 31 32 33 34 35],"{'max_depth': 3, 'num_leaves': 6, 'boosting_type': 'dart', 'n_estimators': 5, 'max_bin': 9, 'min_data_in_leaf': 13, 'min_child_samples': 4, 'min_data_in_bin': 26, 'learning_rate': 1.195522379920656e-05, 'feature_fraction': 0.05, 'reg_alpha': 0.8, 'reg_lambda': 0.4, 'linear_tree': False}",21.329736037951115,45.5798357750669,7762.410754183694,3,6,dart,5,13,4,26,1.195522379920656e-05,0.05,9,0.8,0.4,False,21.329736037951115,7762.410754183694,45.5798357750669,0.9394074462330428,12308.584794910172,0.9409220620931378
39,LO PRADO;SEPRA;Residencial,,[ 1  2  3  4  5  6  7  8  9 10 11 12 13 14 15 16 17],"{'max_depth': 3, 'num_leaves': 5, 'boosting_type': 'rf', 'n_estimators': 8, 'max_bin': 25, 'min_data_in_leaf': 8, 'min_child_samples': 10, 'min_data_in_bin': 11, 'learning_rate': 0.0002966551064651139, 'feature_fraction': 0.5, 'reg_alpha': 0.1, 'reg_lambda': 0.2, 'linear_tree': True}",0.0962990242082681,0.134127801734897,12461.467967312576,3,5,rf,8,8,10,11,0.0002966551064651,0.5,25,0.1,0.2,True,0.0962990242082681,12461.467967312576,0.134127801734897,0.0639455052918896,8083.074249540508,0.0814423730860993
40,LAS LOMAS DE MAIPU;SMAPA;Residencial,,[ 1  2  3  4  5  6  7  8  9 10 11 12 13 14 15 16 17 18 19 20 21 22 23 24 25 26 27 28 29 30 31 32],"{'max_depth': 3, 'num_leaves': 3, 'boosting_type': 'gbdt', 'n_estimators': 9, 'max_bin': 6, 'min_data_in_leaf': 2, 'min_child_samples': 26, 'min_data_in_bin': 5, 'learning_rate': 0.000277141962976555, 'feature_fraction': 0.35000000000000003, 'reg_alpha': 0.7000000000000001, 'reg_lambda': 0.9, 'linear_tree': True}",0.059191608893234,0.0744705135060131,1129.6339293290268,3,3,gbdt,9,2,26,5,0.0002771419629765,0.35,6,0.7000000000000001,0.9,True,0.059191608893234,1129.6339293290268,0.0744705135060131,0.065050973785648,1273.0993079960017,0.0958152663022751
41,LOS BOSQUINOS;SMAPA;Residencial,,[ 1  2  3  4  5  6  7  8  9 10 11 12 13 14 15 16 17 18 19 20 21 22 23 24 25 26 27 28 29 30 31 32 33 34],"{'max_depth': 1, 'num_leaves': 2, 'boosting_type': 'dart', 'n_estimators': 2, 'max_bin': 22, 'min_data_in_leaf': 24, 'min_child_samples': 21, 'min_data_in_bin': 14, 'learning_rate': 0.0006195004124253574, 'feature_fraction': 0.35000000000000003, 'reg_alpha': 0.9, 'reg_lambda': 0.1, 'linear_tree': False}",0.1292017692694629,0.1469959701088492,6795.130958599324,1,2,dart,2,24,21,14,0.0006195004124253,0.35,22,0.9,0.1,False,0.1292017692694629,6795.130958599324,0.1469959701088492,0.5622318148389265,33850.78498103915,0.5657468455373458
42,MAIPU;SMAPA;Comercial,,[ 1  2  3  4  5  6  7  8  9 10 11 12 13 14 15 16 17 18 19 20 21 22],"{'max_depth': 3, 'num_leaves': 7, 'boosting_type': 'rf', 'n_estimators': 3, 'max_bin': 14, 'min_data_in_leaf': 2, 'min_child_samples': 24, 'min_data_in_bin': 8, 'learning_rate': 0.0006658970615104422, 'feature_fraction': 0.25, 'reg_alpha': 0.5, 'reg_lambda': 0.5, 'linear_tree': False}",0.0786905788052429,0.105198619887285,40056.68962025122,3,7,rf,3,2,24,8,0.0006658970615104,0.25,14,0.5,0.5,False,0.0786905788052429,40056.68962025122,0.105198619887285,0.0989042684989488,39524.78962046789,0.1377035115659188
43,MAIPU;SMAPA;Industrial,,[ 1  2  3  4  5  6  7  8  9 10 11 12 13 14 15 16 17 18 19 20 21],"{'max_depth': 3, 'num_leaves': 4, 'boosting_type': 'rf', 'n_estimators': 3, 'max_bin': 13, 'min_data_in_leaf': 3, 'min_child_samples': 7, 'min_data_in_bin': 10, 'learning_rate': 1.801286091445097e-05, 'feature_fraction': 0.6000000000000001, 'reg_alpha': 0.9, 'reg_lambda': 0.6, 'linear_tree': True}",0.0827091291930359,0.0985023145511191,25826.930436811446,3,4,rf,3,3,7,10,1.801286091445097e-05,0.6000000000000001,13,0.9,0.6,True,0.0827091291930359,25826.930436811446,0.0985023145511191,0.1939194765706217,53298.74704035601,0.2298905001832737
44,MAIPU;SMAPA;Institucional,,[ 1  2  3  4  5  6  7  8  9 10 11 12 13 14 15 16 17 18 19 20],"{'max_depth': 2, 'num_leaves': 3, 'boosting_type': 'gbdt', 'n_estimators': 2, 'max_bin': 23, 'min_data_in_leaf': 3, 'min_child_samples': 18, 'min_data_in_bin': 13, 'learning_rate': 0.0006427666884700488, 'feature_fraction': 0.2, 'reg_alpha': 0.2, 'reg_lambda': 0.9, 'linear_tree': False}",0.059111999051319,0.083890292097111,24109.01652314596,2,3,gbdt,2,3,18,13,0.00064276668847,0.2,23,0.2,0.9,False,0.059111999051319,24109.01652314596,0.083890292097111,0.079784463977357,21632.27427885252,0.0992857411171775
45,MAIPU;SMAPA;Residencial,,[ 1  2  3  4  5  6  7  8  9 10 11 12 13 14 15 16 17 18 19 20 21 22 23 24 25],"{'max_depth': 3, 'num_leaves': 8, 'boosting_type': 'gbdt', 'n_estimators': 2, 'max_bin': 23, 'min_data_in_leaf': 2, 'min_child_samples': 9, 'min_data_in_bin': 9, 'learning_rate': 0.0009517455509522318, 'feature_fraction': 0.15000000000000002, 'reg_alpha': 0.1, 'reg_lambda': 0.6, 'linear_tree': True}",0.0229033191987441,0.0291976390223091,96981.35329777488,3,8,gbdt,2,2,9,9,0.0009517455509522,0.15,23,0.1,0.6,True,0.0229033191987441,96981.35329777488,0.0291976390223091,0.0575905183523207,226719.23687889063,0.0722871882617866
46,VALLE ESCONDIDO;SACYR AGUA SANTIAGO;Residencial,,[ 1  2  3  4  5  6  7  8  9 10 11 12 13 14 15 16 17],"{'max_depth': 1, 'num_leaves': 2, 'boosting_type': 'gbdt', 'n_estimators': 5, 'max_bin': 23, 'min_data_in_leaf': 4, 'min_child_samples': 3, 'min_data_in_bin': 13, 'learning_rate': 0.0006183667206396019, 'feature_fraction': 0.8, 'reg_alpha': 0.9, 'reg_lambda': 0.30000000000000004, 'linear_tree': True}",0.189356704039704,0.217432814523478,3311.0786885607845,1,2,gbdt,5,4,3,13,0.0006183667206396,0.8,23,0.9,0.3,True,0.189356704039704,3311.0786885607845,0.217432814523478,0.1758036814810785,4083.1210129441033,0.2046092707927697
47,VALLE ESCONDIDO;SACYR AGUA SANTIAGO;No Asociado a Inmueble,,[ 1  2  3  4  5  6  7  8  9 10 11 12 13],"{'max_depth': 3, 'num_leaves': 8, 'boosting_type': 'rf', 'n_estimators': 2, 'max_bin': 21, 'min_data_in_leaf': 5, 'min_child_samples': 8, 'min_data_in_bin': 10, 'learning_rate': 0.0007486562926599285, 'feature_fraction': 0.5, 'reg_alpha': 0.1, 'reg_lambda': 0.5, 'linear_tree': True}",0.3927998862219239,0.6421724742475388,846.6148285548286,3,8,rf,2,5,8,10,0.0007486562926599,0.5,21,0.1,0.5,True,0.3927998862219239,846.6148285548286,0.6421724742475388,0.6476195502625209,1367.3039233616705,1.3535809634450335
48,VALLE ESCONDIDO;SACYR AGUA SANTIAGO;Comercial,,[ 1  2  3  4  5  6  7  8  9 10 11 12 13 14 15 16 17],"{'max_depth': 1, 'num_leaves': 2, 'boosting_type': 'gbdt', 'n_estimators': 5, 'max_bin': 17, 'min_data_in_leaf': 9, 'min_child_samples': 19, 'min_data_in_bin': 8, 'learning_rate': 0.0005569335071744928, 'feature_fraction': 0.2, 'reg_alpha': 0.1, 'reg_lambda': 0.2, 'linear_tree': False}",0.3495632194709362,0.4401491125021409,1004.5011120571836,1,2,gbdt,5,9,19,8,0.0005569335071744,0.2,17,0.1,0.2,False,0.3495632194709362,1004.5011120571836,0.4401491125021409,0.5430933888773057,1064.3567256107035,1.1643996842342934
49,COLINA - ESMERALDA;SACYR AGUA CHACABUCO;Institucional,,[ 1  2  3  4  5  6  7  8  9 10 11 12 13 14 15 16 17 18 19 20 21 22 23 24 25 26 27 28 29 30 31 32 33],"{'max_depth': 2, 'num_leaves': 3, 'boosting_type': 'dart', 'n_estimators': 5, 'max_bin': 17, 'min_data_in_leaf': 19, 'min_child_samples': 7, 'min_data_in_bin': 3, 'learning_rate': 0.0009039851204186341, 'feature_fraction': 0.35000000000000003, 'reg_alpha': 0.30000000000000004, 'reg_lambda': 0.8, 'linear_tree': False}",0.0645001476807766,0.0783172217946181,9736.970863957413,2,3,dart,5,19,7,3,0.0009039851204186,0.35,17,0.3,0.8,False,0.0645001476807766,9736.970863957413,0.0783172217946181,1.0314396909383068,107892.52329362796,1.03154224066828
50,COLINA - ESMERALDA;SACYR AGUA CHACABUCO;No Asociado a Inmueble,,[ 1  2  3  4  5  6  7  8  9 10 11 12 13],"{'max_depth': 2, 'num_leaves': 3, 'boosting_type': 'gbdt', 'n_estimators': 10, 'max_bin': 14, 'min_data_in_leaf': 9, 'min_child_samples': 4, 'min_data_in_bin': 3, 'learning_rate': 0.0009984121277576764, 'feature_fraction': 0.25, 'reg_alpha': 0.2, 'reg_lambda': 0.9, 'linear_tree': True}",0.1194567762259181,0.1525759840385281,2309.961011226703,2,3,gbdt,10,9,4,3,0.0009984121277576,0.25,14,0.2,0.9,True,0.1194567762259181,2309.961011226703,0.1525759840385281,0.1456777904278901,3125.5699595269675,0.1832212674858823
51,COLINA - ESMERALDA;SACYR AGUA CHACABUCO;Residencial,,[ 1  2  3  4  5  6  7  8  9 10 11 12 13 14 15 16 17 18 19 20 21 22 23 24 25 26 27 28 29 30 31 32 33 34],"{'max_depth': 2, 'num_leaves': 3, 'boosting_type': 'dart', 'n_estimators': 4, 'max_bin': 2, 'min_data_in_leaf': 3, 'min_child_samples': 23, 'min_data_in_bin': 3, 'learning_rate': 0.0009785163482067833, 'feature_fraction': 0.45, 'reg_alpha': 0.9, 'reg_lambda': 0.5, 'linear_tree': True}",0.0703510195753258,0.0862101318204819,29255.307502291435,2,3,dart,4,3,23,3,0.0009785163482067,0.45,2,0.9,0.5,True,0.0703510195753258,29255.307502291435,0.0862101318204819,1.0201422751102784,368551.66229366494,1.0210631318357677
52,LAMPA;SACYR AGUA LAMPA;Comercial,,[ 1  2  3  4  5  6  7  8  9 10 11 12 13],"{'max_depth': 2, 'num_leaves': 3, 'boosting_type': 'rf', 'n_estimators': 10, 'max_bin': 26, 'min_data_in_leaf': 3, 'min_child_samples': 15, 'min_data_in_bin': 20, 'learning_rate': 0.000949517497106816, 'feature_fraction': 0.25, 'reg_alpha': 0.7000000000000001, 'reg_lambda': 0.6, 'linear_tree': True}",0.1426082799763105,0.1743186408130394,654.6868375342609,2,3,rf,10,3,15,20,0.0009495174971068,0.25,26,0.7000000000000001,0.6,True,0.1426082799763105,654.6868375342609,0.1743186408130394,0.1507598500591968,1047.7310954944162,0.2006806109708368
53,LAMPA;SACYR AGUA LAMPA;Institucional,,[ 1  2  3  4  5  6  7  8  9 10 11 12 13 14 15 16 17 18 19 20],"{'max_depth': 2, 'num_leaves': 2, 'boosting_type': 'gbdt', 'n_estimators': 2, 'max_bin': 15, 'min_data_in_leaf': 6, 'min_child_samples': 24, 'min_data_in_bin': 10, 'learning_rate': 0.00034444546576943157, 'feature_fraction': 0.1, 'reg_alpha': 0.8, 'reg_lambda': 0.5, 'linear_tree': True}",0.1151055498659421,0.1434089058924522,2883.672617968654,2,2,gbdt,2,6,24,10,0.0003444454657694,0.1,15,0.8,0.5,True,0.1151055498659421,2883.672617968654,0.1434089058924522,0.4687147495981673,7157.29418713991,0.6057430357629413
54,LAMPA;SACYR AGUA LAMPA;No Asociado a Inmueble,,[ 1  2  3  4  5  6  7  8  9 10 11 12 13],"{'max_depth': 2, 'num_leaves': 3, 'boosting_type': 'rf', 'n_estimators': 2, 'max_bin': 24, 'min_data_in_leaf': 3, 'min_child_samples': 9, 'min_data_in_bin': 15, 'learning_rate': 0.00012637726038187096, 'feature_fraction': 0.4, 'reg_alpha': 0.6, 'reg_lambda': 0.5, 'linear_tree': True}",0.1767570220078367,0.2323317104104636,1764.5844597303249,2,3,rf,2,3,9,15,0.0001263772603818,0.4,24,0.6,0.5,True,0.1767570220078367,1764.5844597303249,0.2323317104104636,0.4106305105363456,3943.1546537673134,0.4430762905541517
55,LAMPA;SACYR AGUA LAMPA;Residencial,,[ 1  2  3  4  5  6  7  8  9 10 11 12 13 14 15 16 17],"{'max_depth': 3, 'num_leaves': 7, 'boosting_type': 'gbdt', 'n_estimators': 8, 'max_bin': 12, 'min_data_in_leaf': 4, 'min_child_samples': 22, 'min_data_in_bin': 12, 'learning_rate': 0.000940818686672154, 'feature_fraction': 0.7500000000000001, 'reg_alpha': 0.5, 'reg_lambda': 0.4, 'linear_tree': True}",0.0838735101853593,0.1066674322925873,16302.228650591776,3,7,gbdt,8,4,22,12,0.0009408186866721,0.7500000000000001,12,0.5,0.4,True,0.0838735101853593,16302.228650591776,0.1066674322925873,0.0582352183127499,10510.545357266095,0.0706859609414466
56,CHICUREO;AGUAS MANQUEHUE;Residencial,,[ 1  2  3  4  5  6  7  8  9 10 11 12 13 14],"{'max_depth': 2, 'num_leaves': 3, 'boosting_type': 'rf', 'n_estimators': 2, 'max_bin': 14, 'min_data_in_leaf': 10, 'min_child_samples': 10, 'min_data_in_bin': 11, 'learning_rate': 6.0033100085294395e-05, 'feature_fraction': 0.8, 'reg_alpha': 0.6, 'reg_lambda': 0.1, 'linear_tree': True}",0.1356856908209009,0.16956384234334,42416.01242382881,2,3,rf,2,10,10,11,6.00331000852944e-05,0.8,14,0.6,0.1,True,0.1356856908209009,42416.01242382881,0.16956384234334,0.0878325968059197,32603.47764900908,0.1075933736111938
57,LO BARNECHEA;SACYR AGUA SANTIAGO;Comercial,,[ 1  2  3  4  5  6  7  8  9 10 11 12 13 14 15 16 17 18 19 20 21 22 23 24 25 26 27 28 29 30 31 32],"{'max_depth': 2, 'num_leaves': 2, 'boosting_type': 'gbdt', 'n_estimators': 2, 'max_bin': 3, 'min_data_in_leaf': 2, 'min_child_samples': 21, 'min_data_in_bin': 3, 'learning_rate': 0.00099991409811835, 'feature_fraction': 0.7500000000000001, 'reg_alpha': 0.7000000000000001, 'reg_lambda': 0.9, 'linear_tree': True}",0.5347759457985674,0.9083187999017563,828.8434780573862,2,2,gbdt,2,2,21,3,0.0009999140981183,0.7500000000000001,3,0.7000000000000001,0.9,True,0.5347759457985674,828.8434780573862,0.9083187999017563,0.8514623366298141,1090.0017311137497,1.2850469749629347
58,LO BARNECHEA;SACYR AGUA SANTIAGO;No Asociado a Inmueble,,[ 1  2  3  4  5  6  7  8  9 10 11 12 13 14 15 16 17 18],"{'max_depth': 2, 'num_leaves': 2, 'boosting_type': 'gbdt', 'n_estimators': 2, 'max_bin': 21, 'min_data_in_leaf': 3, 'min_child_samples': 6, 'min_data_in_bin': 20, 'learning_rate': 0.0004848617372356583, 'feature_fraction': 0.8, 'reg_alpha': 0.4, 'reg_lambda': 0.5, 'linear_tree': True}",0.4646043953084326,0.7295451572545884,3727.0222554624233,2,2,gbdt,2,3,6,20,0.0004848617372356,0.8,21,0.4,0.5,True,0.4646043953084326,3727.0222554624233,0.7295451572545884,0.3266108178473976,2868.976249413468,0.5579800344604033
59,LO BARNECHEA;SACYR AGUA SANTIAGO;Residencial,,[ 1  2  3  4  5  6  7  8  9 10 11 12 13 14 15 16 17 18 19],"{'max_depth': 2, 'num_leaves': 3, 'boosting_type': 'gbdt', 'n_estimators': 10, 'max_bin': 6, 'min_data_in_leaf': 5, 'min_child_samples': 20, 'min_data_in_bin': 5, 'learning_rate': 0.0009811366861840508, 'feature_fraction': 0.5, 'reg_alpha': 0.1, 'reg_lambda': 0.7000000000000001, 'linear_tree': False}",0.0901274877595642,0.1159766147462966,13506.349870107078,2,3,gbdt,10,5,20,5,0.000981136686184,0.5,6,0.1,0.7000000000000001,False,0.0901274877595642,13506.349870107078,0.1159766147462966,0.0842443925824756,14362.59217737464,0.1051543009812001
60,LOS ALAMOS DE COLINA;SACYR AGUA SANTIAGO;Institucional,,[ 1  2  3  4  5  6  7  8  9 10 11 12 13 14 15 16 17 18 19 20 21 22 23 24 25 26 27 28 29 30 31 32 33 34],"{'max_depth': 2, 'num_leaves': 4, 'boosting_type': 'dart', 'n_estimators': 4, 'max_bin': 2, 'min_data_in_leaf': 2, 'min_child_samples': 10, 'min_data_in_bin': 22, 'learning_rate': 0.0008512783294256108, 'feature_fraction': 0.6500000000000001, 'reg_alpha': 0.7000000000000001, 'reg_lambda': 0.5, 'linear_tree': True}",1.7677580938165558,3.704580698807632,1668.6751581219555,2,4,dart,4,2,10,22,0.0008512783294256,0.6500000000000001,2,0.7000000000000001,0.5,True,1.7677580938165558,1668.6751581219555,3.704580698807632,0.5086231581211261,2704.624205684292,0.5504520691128171
61,LOS ALAMOS DE COLINA;SACYR AGUA SANTIAGO;No Asociado a Inmueble,,[ 1  2  3  4  5  6  7  8  9 10 11 12 13 14 15 16 17 18],"{'max_depth': 3, 'num_leaves': 5, 'boosting_type': 'gbdt', 'n_estimators': 4, 'max_bin': 13, 'min_data_in_leaf': 2, 'min_child_samples': 13, 'min_data_in_bin': 10, 'learning_rate': 0.0009738396509134171, 'feature_fraction': 0.6500000000000001, 'reg_alpha': 0.6, 'reg_lambda': 0.6, 'linear_tree': True}",0.3920422772161011,0.5395925651262697,937.3820595977292,3,5,gbdt,4,2,13,10,0.0009738396509134,0.6500000000000001,13,0.6,0.6,True,0.3920422772161011,937.3820595977292,0.5395925651262697,0.5079123142606614,1099.6237202959448,0.8790151248715972
62,LOS ALAMOS DE COLINA;SACYR AGUA SANTIAGO;Residencial,,[ 1  2  3  4  5  6  7  8  9 10 11 12 13 14],"{'max_depth': 3, 'num_leaves': 5, 'boosting_type': 'rf', 'n_estimators': 2, 'max_bin': 20, 'min_data_in_leaf': 6, 'min_child_samples': 12, 'min_data_in_bin': 4, 'learning_rate': 0.00031102788618860363, 'feature_fraction': 0.6000000000000001, 'reg_alpha': 0.1, 'reg_lambda': 0.5, 'linear_tree': True}",0.0983389501746756,0.1167541235269349,2368.8669213430308,3,5,rf,2,6,12,4,0.0003110278861886,0.6000000000000001,20,0.1,0.5,True,0.0983389501746756,2368.8669213430308,0.1167541235269349,0.2155309835227288,9094.516321680185,0.2858466954938869
63,PAN DE AZUCAR;SACYR AGUA SANTIAGO;Comercial,,[ 1  2  3  4  5  6  7  8  9 10 11 12 13 14 15 16 17 18 19 20 21 22 23 24 25 26 27 28 29 30 31 32 33 34 35],"{'max_depth': 3, 'num_leaves': 6, 'boosting_type': 'dart', 'n_estimators': 5, 'max_bin': 9, 'min_data_in_leaf': 13, 'min_child_samples': 4, 'min_data_in_bin': 26, 'learning_rate': 1.195522379920656e-05, 'feature_fraction': 0.05, 'reg_alpha': 0.8, 'reg_lambda': 0.4, 'linear_tree': False}",0.6594059227634796,0.6778625297814375,2120.6465130552365,3,6,dart,5,13,4,26,1.195522379920656e-05,0.05,9,0.8,0.4,False,0.6594059227634796,2120.6465130552365,0.6778625297814375,1.0316888091583158,3918.144759245608,1.0317586754517831
64,PAN DE AZUCAR;SACYR AGUA SANTIAGO;Institucional,,[ 1  2  3  4  5  6  7  8  9 10 11 12 13 14 15 16],"{'max_depth': 2, 'num_leaves': 3, 'boosting_type': 'gbdt', 'n_estimators': 10, 'max_bin': 2, 'min_data_in_leaf': 2, 'min_child_samples': 19, 'min_data_in_bin': 26, 'learning_rate': 0.0008929997230124602, 'feature_fraction': 0.15000000000000002, 'reg_alpha': 0.30000000000000004, 'reg_lambda': 0.30000000000000004, 'linear_tree': True}",0.8966984269474371,2.098802463042725,704.4542955004837,2,3,gbdt,10,2,19,26,0.0008929997230124,0.15,2,0.3,0.3,True,0.8966984269474371,704.4542955004837,2.098802463042725,0.5671023149785964,863.1250844065872,1.23522627965824
65,PAN DE AZUCAR;SACYR AGUA SANTIAGO;No Asociado a Inmueble,,[ 1  2  3  4  5  6  7  8  9 10 11 12 13 14],"{'max_depth': 3, 'num_leaves': 8, 'boosting_type': 'gbdt', 'n_estimators': 2, 'max_bin': 5, 'min_data_in_leaf': 5, 'min_child_samples': 17, 'min_data_in_bin': 8, 'learning_rate': 0.0009436408389701077, 'feature_fraction': 0.55, 'reg_alpha': 0.2, 'reg_lambda': 0.30000000000000004, 'linear_tree': False}",0.3408211560161906,0.410105396698796,499.539488456663,3,8,gbdt,2,5,17,8,0.0009436408389701,0.55,5,0.2,0.3,False,0.3408211560161906,499.539488456663,0.410105396698796,0.5266493134611416,564.7510125932906,0.7654043723206703
66,PAN DE AZUCAR;SACYR AGUA SANTIAGO;Residencial,,[ 1  2  3  4  5  6  7  8  9 10 11 12 13 14 15 16 17],"{'max_depth': 3, 'num_leaves': 3, 'boosting_type': 'rf', 'n_estimators': 8, 'max_bin': 21, 'min_data_in_leaf': 7, 'min_child_samples': 20, 'min_data_in_bin': 11, 'learning_rate': 0.0006359827722876437, 'feature_fraction': 0.55, 'reg_alpha': 0.5, 'reg_lambda': 0.1, 'linear_tree': True}",0.1371913971006687,0.1865214200071682,6429.841739698843,3,3,rf,8,7,20,11,0.0006359827722876,0.55,21,0.5,0.1,True,0.1371913971006687,6429.841739698843,0.1865214200071682,0.1124213817764525,7934.620062200773,0.13648931893312
67,LO BARNECHEA;SACYR AGUA SANTIAGO;Institucional,,[ 1  2  3  4  5  6  7  8  9 10 11 12 13 14 15 16 17 18 19 20],"{'max_depth': 3, 'num_leaves': 6, 'boosting_type': 'gbdt', 'n_estimators': 5, 'max_bin': 26, 'min_data_in_leaf': 2, 'min_child_samples': 23, 'min_data_in_bin': 11, 'learning_rate': 0.0006300368481207681, 'feature_fraction': 0.35000000000000003, 'reg_alpha': 0.2, 'reg_lambda': 0.1, 'linear_tree': False}",0.3803067018292084,0.5070661124668862,1180.2089557902689,3,6,gbdt,5,2,23,11,0.0006300368481207,0.35,26,0.2,0.1,False,0.3803067018292084,1180.2089557902689,0.5070661124668862,0.3854278505974916,4148.457867822873,0.4449378400115047
68,CHICUREO;AGUAS MANQUEHUE;No Asociado a Inmueble,,[ 1  2  3  4  5  6  7  8  9 10 11 12 13 14 15 16 17 18 19 20 21 22 23 24 25],"{'max_depth': 1, 'num_leaves': 2, 'boosting_type': 'rf', 'n_estimators': 10, 'max_bin': 13, 'min_data_in_leaf': 5, 'min_child_samples': 18, 'min_data_in_bin': 2, 'learning_rate': 0.0009319680579123145, 'feature_fraction': 0.25, 'reg_alpha': 0.30000000000000004, 'reg_lambda': 0.8, 'linear_tree': True}",0.2587984426898098,0.3157633678298941,18316.32454497179,1,2,rf,10,5,18,2,0.0009319680579123,0.25,13,0.3,0.8,True,0.2587984426898098,18316.32454497179,0.3157633678298941,0.5250095932302213,29619.09477872988,0.7591937061659251
69,AYRES DE CHICUREO;SACYR AGUA CHACABUCO;No Asociado a Inmueble,,[ 1  2  3  4  5  6  7  8  9 10 11 12 13 14 15 16 17 18 19 20 21 22 23 24 25],"{'max_depth': 1, 'num_leaves': 2, 'boosting_type': 'gbdt', 'n_estimators': 9, 'max_bin': 10, 'min_data_in_leaf': 5, 'min_child_samples': 9, 'min_data_in_bin': 4, 'learning_rate': 0.0007277252713738709, 'feature_fraction': 0.05, 'reg_alpha': 0.9, 'reg_lambda': 0.8, 'linear_tree': True}",0.7503916961700999,1.2601881372737291,863.6907535236058,1,2,gbdt,9,5,9,4,0.0007277252713738,0.05,10,0.9,0.8,True,0.7503916961700999,863.6907535236058,1.2601881372737291,0.5145312002707106,4937.865510713893,0.5609211885839538
70,VILLA LOS DOMINICOS;AGUAS CORDILLERA;Residencial,,[ 1  2  3  4  5  6  7  8  9 10 11 12 13 14 15 16 17 18 19 20 21],"{'max_depth': 1, 'num_leaves': 2, 'boosting_type': 'gbdt', 'n_estimators': 9, 'max_bin': 25, 'min_data_in_leaf': 2, 'min_child_samples': 17, 'min_data_in_bin': 2, 'learning_rate': 0.0007272961147878754, 'feature_fraction': 0.55, 'reg_alpha': 0.2, 'reg_lambda': 0.8, 'linear_tree': True}",0.0997553552204714,0.1334827794385851,38569.71703311381,1,2,gbdt,9,2,17,2,0.0007272961147878,0.55,25,0.2,0.8,True,0.0997553552204714,38569.71703311381,0.1334827794385851,0.1361419562134209,46707.45922339902,0.1714139339181005
71,ISLA DE MAIPO;AGUAS ANDINAS;Comercial,,[ 1  2  3  4  5  6  7  8  9 10 11 12 13 14 15 16 17 18 19 20 21 22 23 24 25 26 27 28 29 30 31 32 33 34 35],"{'max_depth': 3, 'num_leaves': 6, 'boosting_type': 'dart', 'n_estimators': 5, 'max_bin': 9, 'min_data_in_leaf': 13, 'min_child_samples': 4, 'min_data_in_bin': 26, 'learning_rate': 1.195522379920656e-05, 'feature_fraction': 0.05, 'reg_alpha': 0.8, 'reg_lambda': 0.4, 'linear_tree': False}",0.1503807239610707,0.1993318144576811,2141.810395638613,3,6,dart,5,13,4,26,1.195522379920656e-05,0.05,9,0.8,0.4,False,0.1503807239610707,2141.810395638613,0.1993318144576811,1.0598855876767732,12121.07338889755,1.059971165089428
72,ISLA DE MAIPO;AGUAS ANDINAS;Industrial,,[ 1  2  3  4  5  6  7  8  9 10 11 12 13 14 15 16 17 18 19 20 21 22 23 24 25 26 27 28 29 30 31 32 33 34],"{'max_depth': 1, 'num_leaves': 2, 'boosting_type': 'gbdt', 'n_estimators': 3, 'max_bin': 14, 'min_data_in_leaf': 4, 'min_child_samples': 20, 'min_data_in_bin': 7, 'learning_rate': 0.0005851977897748447, 'feature_fraction': 0.35000000000000003, 'reg_alpha': 0.1, 'reg_lambda': 0.4, 'linear_tree': False}",0.5645937883213523,1.1470162387698923,112.3897978762604,1,2,gbdt,3,4,20,7,0.0005851977897748,0.35,14,0.1,0.4,False,0.5645937883213523,112.3897978762604,1.1470162387698923,0.7622135910257052,102.40391654355687,1.0362328038177433
73,ISLA DE MAIPO;AGUAS ANDINAS;No Asociado a Inmueble,,[ 1  2  3  4  5  6  7  8  9 10 11 12 13 14 15 16],"{'max_depth': 1, 'num_leaves': 2, 'boosting_type': 'gbdt', 'n_estimators': 2, 'max_bin': 13, 'min_data_in_leaf': 7, 'min_child_samples': 20, 'min_data_in_bin': 12, 'learning_rate': 0.0008771848435753976, 'feature_fraction': 0.2, 'reg_alpha': 0.9, 'reg_lambda': 0.8, 'linear_tree': True}",0.7855671490742255,1.936855750274724,365.3344994628503,1,2,gbdt,2,7,20,12,0.0008771848435753,0.2,13,0.9,0.8,True,0.7855671490742255,365.3344994628503,1.936855750274724,0.3967506886542316,1038.3252896175884,0.5168914894412848
74,ISLA DE MAIPO;AGUAS ANDINAS;Residencial,,[ 1  2  3  4  5  6  7  8  9 10 11 12 13],"{'max_depth': 3, 'num_leaves': 7, 'boosting_type': 'rf', 'n_estimators': 2, 'max_bin': 2, 'min_data_in_leaf': 4, 'min_child_samples': 5, 'min_data_in_bin': 24, 'learning_rate': 0.0005183716610145175, 'feature_fraction': 0.6000000000000001, 'reg_alpha': 0.5, 'reg_lambda': 0.1, 'linear_tree': True}",0.0583000700514995,0.0701331849926368,4349.608901731697,3,7,rf,2,4,5,24,0.0005183716610145,0.6000000000000001,2,0.5,0.1,True,0.0583000700514995,4349.608901731697,0.0701331849926368,0.1163517879905946,10020.211061485646,0.1408083109853403
75,LA RINCONADA;AGUAS ANDINAS;Comercial,,[ 1  2  3  4  5  6  7  8  9 10 11 12 13 14],"{'max_depth': 2, 'num_leaves': 3, 'boosting_type': 'rf', 'n_estimators': 4, 'max_bin': 26, 'min_data_in_leaf': 11, 'min_child_samples': 12, 'min_data_in_bin': 10, 'learning_rate': 0.0003874129388534381, 'feature_fraction': 0.6000000000000001, 'reg_alpha': 0.4, 'reg_lambda': 0.6, 'linear_tree': False}",0.2072308907864172,0.3083482252193235,813.9560833118848,2,3,rf,4,11,12,10,0.0003874129388534,0.6000000000000001,26,0.4,0.6,False,0.2072308907864172,813.9560833118848,0.3083482252193235,0.6663228655480335,1427.3437574235406,0.8940346734976887
76,LA RINCONADA;AGUAS ANDINAS;No Asociado a Inmueble,,[ 1  2  3  4  5  6  7  8  9 10 11 12 13 14 15 16 17 18 19 20 21 22 23 24 25 26 27 28 29 30],"{'max_depth': 1, 'num_leaves': 2, 'boosting_type': 'gbdt', 'n_estimators': 9, 'max_bin': 26, 'min_data_in_leaf': 6, 'min_child_samples': 10, 'min_data_in_bin': 10, 'learning_rate': 0.0004096179141641645, 'feature_fraction': 0.4, 'reg_alpha': 0.7000000000000001, 'reg_lambda': 0.7000000000000001, 'linear_tree': True}",0.4225133243299043,0.5752718273396755,3294.5884914170656,1,2,gbdt,9,6,10,10,0.0004096179141641,0.4,26,0.7000000000000001,0.7000000000000001,True,0.4225133243299043,3294.5884914170656,0.5752718273396755,0.3416248141500087,1551.5278542204358,0.3953885840982484
77,LA RINCONADA;AGUAS ANDINAS;Residencial,,[ 1  2  3  4  5  6  7  8  9 10 11 12 13 14 15 16 17 18 19 20 21 22 23 24 25 26 27 28 29 30 31 32 33 34 35],"{'max_depth': 3, 'num_leaves': 6, 'boosting_type': 'dart', 'n_estimators': 5, 'max_bin': 9, 'min_data_in_leaf': 13, 'min_child_samples': 4, 'min_data_in_bin': 26, 'learning_rate': 1.195522379920656e-05, 'feature_fraction': 0.05, 'reg_alpha': 0.8, 'reg_lambda': 0.4, 'linear_tree': False}",0.0660567596580743,0.080214359246551,6904.543058999685,3,6,dart,5,13,4,26,1.195522379920656e-05,0.05,9,0.8,0.4,False,0.0660567596580743,6904.543058999685,0.080214359246551,1.0500652654273903,86241.25274189789,1.0500707176433264
78,LAS VERTIENTES - EL CANELO - LA OBRA;AGUAS ANDINAS;Comercial,,[ 1  2  3  4  5  6  7  8  9 10 11 12 13 14 15 16 17 18 19 20 21],"{'max_depth': 3, 'num_leaves': 8, 'boosting_type': 'rf', 'n_estimators': 6, 'max_bin': 24, 'min_data_in_leaf': 3, 'min_child_samples': 26, 'min_data_in_bin': 10, 'learning_rate': 0.0007717943735567262, 'feature_fraction': 0.3, 'reg_alpha': 0.9, 'reg_lambda': 0.1, 'linear_tree': False}",0.1887946049889761,0.250684756736745,1441.755620592483,3,8,rf,6,3,26,10,0.0007717943735567,0.3,24,0.9,0.1,False,0.1887946049889761,1441.755620592483,0.250684756736745,0.3393875744437125,1843.671228285943,0.393434455346536
79,LAS VERTIENTES - EL CANELO - LA OBRA;AGUAS ANDINAS;Residencial,,[ 1  2  3  4  5  6  7  8  9 10 11 12 13 14 15],"{'max_depth': 2, 'num_leaves': 3, 'boosting_type': 'gbdt', 'n_estimators': 10, 'max_bin': 19, 'min_data_in_leaf': 4, 'min_child_samples': 11, 'min_data_in_bin': 10, 'learning_rate': 0.0006678213695117638, 'feature_fraction': 0.05, 'reg_alpha': 0.9, 'reg_lambda': 0.1, 'linear_tree': False}",0.1321251271868902,0.191379556579657,4690.72167590971,2,3,gbdt,10,4,11,10,0.0006678213695117,0.05,19,0.9,0.1,False,0.1321251271868902,4690.72167590971,0.191379556579657,0.0855634165196927,3016.688307640697,0.1092723887701535
80,MALLOCO - PEAFLOR;AGUAS ANDINAS;Comercial,,[ 1  2  3  4  5  6  7  8  9 10 11 12 13 14 15 16 17],"{'max_depth': 3, 'num_leaves': 4, 'boosting_type': 'gbdt', 'n_estimators': 9, 'max_bin': 15, 'min_data_in_leaf': 3, 'min_child_samples': 17, 'min_data_in_bin': 10, 'learning_rate': 0.0004485492616529276, 'feature_fraction': 0.6500000000000001, 'reg_alpha': 0.8, 'reg_lambda': 0.2, 'linear_tree': True}",0.0669415623430174,0.0847082778783676,5300.620909348847,3,4,gbdt,9,3,17,10,0.0004485492616529,0.6500000000000001,15,0.8,0.2,True,0.0669415623430174,5300.620909348847,0.0847082778783676,0.255080260041972,23677.04812088515,0.3464667233982123
81,MALLOCO - PEAFLOR;AGUAS ANDINAS;Industrial,,[1 2 3 4],"{'max_depth': 2, 'num_leaves': 4, 'boosting_type': 'dart', 'n_estimators': 2, 'max_bin': 23, 'min_data_in_leaf': 17, 'min_child_samples': 19, 'min_data_in_bin': 2, 'learning_rate': 0.0009702107536403744, 'feature_fraction': 0.7000000000000001, 'reg_alpha': 0.2, 'reg_lambda': 0.2, 'linear_tree': False}",0.7734312548156205,0.816312468664087,5466.642693068621,2,4,dart,2,17,19,2,0.0009702107536403,0.7000000000000001,23,0.2,0.2,False,0.7734312548156205,5466.642693068621,0.816312468664087,0.6313109601406853,5369.982059105053,0.6404691454744096
82,MALLOCO - PEAFLOR;AGUAS ANDINAS;No Asociado a Inmueble,,[ 1  2  3  4  5  6  7  8  9 10 11 12 13 14 15 16 17 18 19 20 21 22 23 24],"{'max_depth': 1, 'num_leaves': 2, 'boosting_type': 'gbdt', 'n_estimators': 9, 'max_bin': 12, 'min_data_in_leaf': 2, 'min_child_samples': 22, 'min_data_in_bin': 2, 'learning_rate': 0.0009375475546789398, 'feature_fraction': 0.25, 'reg_alpha': 0.9, 'reg_lambda': 0.7000000000000001, 'linear_tree': False}",0.2008604710383947,0.2910912019487884,4304.063040133055,1,2,gbdt,9,2,22,2,0.0009375475546789,0.25,12,0.9,0.7000000000000001,False,0.2008604710383947,4304.063040133055,0.2910912019487884,0.1572643257581312,4201.9121385984245,0.19161864543124
83,MALLOCO - PEAFLOR;AGUAS ANDINAS;Residencial,,[ 1  2  3  4  5  6  7  8  9 10 11 12 13 14 15],"{'max_depth': 2, 'num_leaves': 3, 'boosting_type': 'gbdt', 'n_estimators': 8, 'max_bin': 15, 'min_data_in_leaf': 8, 'min_child_samples': 11, 'min_data_in_bin': 2, 'learning_rate': 0.0008191691946380708, 'feature_fraction': 0.8, 'reg_alpha': 0.5, 'reg_lambda': 0.2, 'linear_tree': True}",0.0425692396947665,0.0509360564419996,21578.028378727395,2,3,gbdt,8,8,11,2,0.000819169194638,0.8,15,0.5,0.2,True,0.0425692396947665,21578.028378727395,0.0509360564419996,0.0385748806081021,21028.44949467248,0.0461759737429592
84,MELIPILLA;AGUAS ANDINAS;Comercial,,[ 1  2  3  4  5  6  7  8  9 10 11 12 13 14 15 16 17 18 19 20 21 22 23 24 25 26 27 28 29 30 31 32 33 34 35],"{'max_depth': 3, 'num_leaves': 6, 'boosting_type': 'dart', 'n_estimators': 5, 'max_bin': 9, 'min_data_in_leaf': 13, 'min_child_samples': 4, 'min_data_in_bin': 26, 'learning_rate': 1.195522379920656e-05, 'feature_fraction': 0.05, 'reg_alpha': 0.8, 'reg_lambda': 0.4, 'linear_tree': False}",0.0794301002348044,0.0965270154330488,6633.025838542171,3,6,dart,5,13,4,26,1.195522379920656e-05,0.05,9,0.8,0.4,False,0.0794301002348044,6633.025838542171,0.0965270154330488,1.0506073517332262,68353.97495610177,1.0506203862008336
85,MELIPILLA;AGUAS ANDINAS;Industrial,,[ 1  2  3  4  5  6  7  8  9 10 11 12],"{'max_depth': 1, 'num_leaves': 2, 'boosting_type': 'dart', 'n_estimators': 9, 'max_bin': 9, 'min_data_in_leaf': 21, 'min_child_samples': 21, 'min_data_in_bin': 19, 'learning_rate': 0.00039276712281509444, 'feature_fraction': 0.3, 'reg_alpha': 0.7000000000000001, 'reg_lambda': 0.8, 'linear_tree': True}",0.1805385354006309,0.2168546903477205,163.97982599494773,1,2,dart,9,21,21,19,0.000392767122815,0.3,9,0.7000000000000001,0.8,True,0.1805385354006309,163.97982599494773,0.2168546903477205,1.0896563771719991,634.1796671943179,1.0900445697019587
86,GRAN SANTIAGO;AGUAS ANDINAS;No Asociado a Inmueble,,[ 1  2  3  4  5  6  7  8  9 10 11 12 13 14 15 16],"{'max_depth': 2, 'num_leaves': 3, 'boosting_type': 'rf', 'n_estimators': 10, 'max_bin': 22, 'min_data_in_leaf': 7, 'min_child_samples': 11, 'min_data_in_bin': 3, 'learning_rate': 0.0009998559734948065, 'feature_fraction': 0.6500000000000001, 'reg_alpha': 0.5, 'reg_lambda': 0.7000000000000001, 'linear_tree': True}",0.1465777790631915,0.2085539216711575,195801.31451324205,2,3,rf,10,7,11,3,0.0009998559734948,0.6500000000000001,22,0.5,0.7000000000000001,True,0.1465777790631915,195801.31451324205,0.2085539216711575,0.1386965114464243,219083.6789751025,0.1714563673920869
87,GRAN SANTIAGO;AGUAS ANDINAS;Industrial,,[ 1  2  3  4  5  6  7  8  9 10 11 12 13 14 15 16 17 18 19 20 21 22 23 24 25 26 27 28 29 30 31],"{'max_depth': 2, 'num_leaves': 3, 'boosting_type': 'rf', 'n_estimators': 5, 'max_bin': 12, 'min_data_in_leaf': 2, 'min_child_samples': 18, 'min_data_in_bin': 25, 'learning_rate': 8.959357470042067e-05, 'feature_fraction': 0.5, 'reg_alpha': 0.1, 'reg_lambda': 0.1, 'linear_tree': True}",0.1265924463747871,0.1645117823688334,89923.70396077808,2,3,rf,5,2,18,25,8.959357470042067e-05,0.5,12,0.1,0.1,True,0.1265924463747871,89923.70396077808,0.1645117823688334,0.2186153019195331,144593.84892470477,0.2700491313582802
88,GRAN SANTIAGO;AGUAS ANDINAS;Comercial,,[ 1  2  3  4  5  6  7  8  9 10 11 12 13 14 15 16 17 18 19 20 21 22],"{'max_depth': 2, 'num_leaves': 3, 'boosting_type': 'gbdt', 'n_estimators': 3, 'max_bin': 23, 'min_data_in_leaf': 2, 'min_child_samples': 3, 'min_data_in_bin': 4, 'learning_rate': 0.000697836987815571, 'feature_fraction': 0.8, 'reg_alpha': 0.4, 'reg_lambda': 0.1, 'linear_tree': True}",0.031252947496363,0.0372474579589928,253963.00719087303,2,3,gbdt,3,2,3,4,0.0006978369878155,0.8,23,0.4,0.1,True,0.031252947496363,253963.00719087303,0.0372474579589928,0.1837655529878979,1126484.9513933095,0.2073862297389768
89,CHICUREO;AGUAS MANQUEHUE;Comercial,,[ 1  2  3  4  5  6  7  8  9 10 11 12 13 14 15 16 17 18 19 20 21 22 23 24],"{'max_depth': 3, 'num_leaves': 5, 'boosting_type': 'gbdt', 'n_estimators': 9, 'max_bin': 10, 'min_data_in_leaf': 5, 'min_child_samples': 17, 'min_data_in_bin': 12, 'learning_rate': 0.0006323807457612992, 'feature_fraction': 0.2, 'reg_alpha': 0.4, 'reg_lambda': 0.9, 'linear_tree': True}",0.1246641532166246,0.1500214757322261,6370.014726372959,3,5,gbdt,9,5,17,12,0.0006323807457612,0.2,10,0.4,0.9,True,0.1246641532166246,6370.014726372959,0.1500214757322261,0.6768962439243286,29519.951566744738,1.1819736844298487
90,BUIN - PAINE - LINDEROS - MAIPO - ALTO JAHUEL;AGUAS ANDINAS;Industrial,,[ 1  2  3  4  5  6  7  8  9 10 11 12 13],"{'max_depth': 5, 'num_leaves': 18, 'boosting_type': 'rf', 'n_estimators': 5, 'max_bin': 19, 'min_data_in_leaf': 4, 'min_child_samples': 14, 'min_data_in_bin': 13, 'learning_rate': 0.0005225180709136898, 'feature_fraction': 0.55, 'reg_alpha': 0.8, 'reg_lambda': 0.1, 'linear_tree': False}",0.0882869556515234,0.1143930705470126,1509.6972599008436,5,18,rf,5,4,14,13,0.0005225180709136,0.55,19,0.8,0.1,False,0.0882869556515234,1509.6972599008436,0.1143930705470126,0.232894002022253,4520.006960439253,0.2594177689520164
91,BUIN - PAINE - LINDEROS - MAIPO - ALTO JAHUEL;AGUAS ANDINAS;No Asociado a Inmueble,,"[ 1  2  3  4  5  6  7  8  9 10 11 12 13 14 15 16 17 18 19 20 21 22 23 24 25 26]","{'max_depth': 1, 'num_leaves': 2, 'boosting_type': 'gbdt', 'n_estimators': 10, 'max_bin': 17, 'min_data_in_leaf': 2, 'min_child_samples': 26, 'min_data_in_bin': 5, 'learning_rate': 0.0008027660559293271, 'feature_fraction': 0.1, 'reg_alpha': 0.2, 'reg_lambda': 0.8, 'linear_tree': True}",0.1572234708747814,0.2005105864278039,3780.60900186872,1,2,gbdt,10,2,26,5,0.0008027660559293,0.1,17,0.2,0.8,True,0.1572234708747814,3780.60900186872,0.2005105864278039,0.1330458920437129,6740.478597548501,0.1537377235987334
92,BUIN - PAINE - LINDEROS - MAIPO - ALTO JAHUEL;AGUAS ANDINAS;Residencial,,[ 1  2  3  4  5  6  7  8  9 10 11 12 13 14 15 16 17 18 19 20 21 22 23],"{'max_depth': 6, 'num_leaves': 5, 'boosting_type': 'rf', 'n_estimators': 14, 'max_bin': 16, 'min_data_in_leaf': 6, 'min_child_samples': 26, 'min_data_in_bin': 5, 'learning_rate': 0.0002505612029806286, 'feature_fraction': 0.55, 'reg_alpha': 0.5, 'reg_lambda': 0.7000000000000001, 'linear_tree': True}",0.0577875396926339,0.0712016377584152,42564.965255511794,6,5,rf,14,6,26,5,0.0002505612029806,0.55,16,0.5,0.7000000000000001,True,0.0577875396926339,42564.965255511794,0.0712016377584152,0.0403878869245052,33804.342108439305,0.0482252103202398
93,CALERA DE TANGO;AGUAS ANDINAS;Comercial,,[ 1  2  3  4  5  6  7  8  9 10 11 12 13 14],"{'max_depth': 1, 'num_leaves': 2, 'boosting_type': 'gbdt', 'n_estimators': 7, 'max_bin': 6, 'min_data_in_leaf': 10, 'min_child_samples': 7, 'min_data_in_bin': 11, 'learning_rate': 0.0004426776319649103, 'feature_fraction': 0.7000000000000001, 'reg_alpha': 0.8, 'reg_lambda': 0.5, 'linear_tree': True}",0.0704886787037431,0.0817008778605568,3644.989188333981,1,2,gbdt,7,10,7,11,0.0004426776319649,0.7000000000000001,6,0.8,0.5,True,0.0704886787037431,3644.989188333981,0.0817008778605568,0.0676506720115047,4520.519154811837,0.0911623780719544
94,CALERA DE TANGO;AGUAS ANDINAS;Industrial,,[ 1  2  3  4  5  6  7  8  9 10 11 12 13 14 15],"{'max_depth': 2, 'num_leaves': 4, 'boosting_type': 'dart', 'n_estimators': 2, 'max_bin': 23, 'min_data_in_leaf': 17, 'min_child_samples': 19, 'min_data_in_bin': 2, 'learning_rate': 0.0009702107536403744, 'feature_fraction': 0.7000000000000001, 'reg_alpha': 0.2, 'reg_lambda': 0.2, 'linear_tree': False}",0.3607427606316216,0.4574872428733595,243.86284759137487,2,4,dart,2,17,19,2,0.0009702107536403,0.7000000000000001,23,0.2,0.2,False,0.3607427606316216,243.86284759137487,0.4574872428733595,0.4836165668966957,1037.1450743919345,0.5196707230000844
95,CALERA DE TANGO;AGUAS ANDINAS;No Asociado a Inmueble,,[ 1  2  3  4  5  6  7  8  9 10 11 12 13 14 15],"{'max_depth': 3, 'num_leaves': 6, 'boosting_type': 'gbdt', 'n_estimators': 2, 'max_bin': 15, 'min_data_in_leaf': 2, 'min_child_samples': 26, 'min_data_in_bin': 4, 'learning_rate': 0.0005207571710650247, 'feature_fraction': 0.3, 'reg_alpha': 0.1, 'reg_lambda': 0.6, 'linear_tree': False}",0.4213888096854791,0.7498552672744851,401.0021259036843,3,6,gbdt,2,2,26,4,0.000520757171065,0.3,15,0.1,0.6,False,0.4213888096854791,401.0021259036843,0.7498552672744851,0.2348379269649391,691.2081898725686,0.3221279754369742
96,CALERA DE TANGO;AGUAS ANDINAS;Residencial,,[ 1  2  3  4  5  6  7  8  9 10 11 12 13 14 15 16 17],"{'max_depth': 3, 'num_leaves': 7, 'boosting_type': 'rf', 'n_estimators': 8, 'max_bin': 13, 'min_data_in_leaf': 2, 'min_child_samples': 20, 'min_data_in_bin': 8, 'learning_rate': 0.0001905473502325073, 'feature_fraction': 0.55, 'reg_alpha': 0.6, 'reg_lambda': 0.2, 'linear_tree': True}",0.0398134942690636,0.0533424054005119,5535.324785697098,3,7,rf,8,2,20,8,0.0001905473502325,0.55,13,0.6,0.2,True,0.0398134942690636,5535.324785697098,0.0533424054005119,0.0565505307692489,7609.639310940491,0.0738686922525838
97,CURACAVI;AGUAS ANDINAS;No Asociado a Inmueble,,[ 1  2  3  4  5  6  7  8  9 10 11 12 13 14],"{'max_depth': 1, 'num_leaves': 2, 'boosting_type': 'gbdt', 'n_estimators': 2, 'max_bin': 24, 'min_data_in_leaf': 7, 'min_child_samples': 12, 'min_data_in_bin': 21, 'learning_rate': 0.0009764489211689431, 'feature_fraction': 0.8, 'reg_alpha': 0.7000000000000001, 'reg_lambda': 0.6, 'linear_tree': True}",0.2838453846747343,0.3914916850842027,686.5142919062474,1,2,gbdt,2,7,12,21,0.0009764489211689,0.8,24,0.7000000000000001,0.6,True,0.2838453846747343,686.5142919062474,0.3914916850842027,0.2886238058952958,972.61903881703,0.3717827440073499
98,CURACAVI;AGUAS ANDINAS;Residencial,,[ 1  2  3  4  5  6  7  8  9 10 11 12 13 14 15 16 17 18 19 20],"{'max_depth': 3, 'num_leaves': 4, 'boosting_type': 'gbdt', 'n_estimators': 8, 'max_bin': 19, 'min_data_in_leaf': 5, 'min_child_samples': 12, 'min_data_in_bin': 11, 'learning_rate': 0.0009747034216015793, 'feature_fraction': 0.3, 'reg_alpha': 0.30000000000000004, 'reg_lambda': 0.6, 'linear_tree': False}",0.0634596646995393,0.0737686459320138,6946.576852811548,3,4,gbdt,8,5,12,11,0.0009747034216015,0.3,19,0.3,0.6,False,0.0634596646995393,6946.576852811548,0.0737686459320138,0.0480511970455904,5613.348406126899,0.0575739749108104
99,EL MONTE - EL PAICO;AGUAS ANDINAS;Comercial,,[ 1  2  3  4  5  6  7  8  9 10 11 12 13 14],"{'max_depth': 3, 'num_leaves': 5, 'boosting_type': 'rf', 'n_estimators': 3, 'max_bin': 3, 'min_data_in_leaf': 8, 'min_child_samples': 18, 'min_data_in_bin': 6, 'learning_rate': 0.0005490677437698671, 'feature_fraction': 0.8, 'reg_alpha': 0.4, 'reg_lambda': 0.4, 'linear_tree': False}",0.0980516438044089,0.1301409615838187,2773.0051753137227,3,5,rf,3,8,18,6,0.0005490677437698,0.8,3,0.4,0.4,False,0.0980516438044089,2773.0051753137227,0.1301409615838187,0.1821928678782285,3112.205376659575,0.2163513331223291
100,EL MONTE - EL PAICO;AGUAS ANDINAS;Industrial,,[ 1  2  3  4  5  6  7  8  9 10 11 12 13 14 15 16 17 18 19 20 21 22 23 24 25 26 27 28 29 30 31 32 33],"{'max_depth': 2, 'num_leaves': 3, 'boosting_type': 'dart', 'n_estimators': 5, 'max_bin': 17, 'min_data_in_leaf': 19, 'min_child_samples': 7, 'min_data_in_bin': 3, 'learning_rate': 0.0009039851204186341, 'feature_fraction': 0.35000000000000003, 'reg_alpha': 0.30000000000000004, 'reg_lambda': 0.8, 'linear_tree': False}",0.1756786368504932,0.2096670053549545,707.5111188761158,2,3,dart,5,19,7,3,0.0009039851204186,0.35,17,0.3,0.8,False,0.1756786368504932,707.5111188761158,0.2096670053549545,1.0657496904200667,3893.96022646438,1.0674253485320242
101,EL MONTE - EL PAICO;AGUAS ANDINAS;No Asociado a Inmueble,,[ 1  2  3  4  5  6  7  8  9 10 11 12 13 14 15 16 17 18 19 20 21 22 23 24],"{'max_depth': 3, 'num_leaves': 5, 'boosting_type': 'gbdt', 'n_estimators': 8, 'max_bin': 26, 'min_data_in_leaf': 3, 'min_child_samples': 14, 'min_data_in_bin': 7, 'learning_rate': 0.0008372218754200594, 'feature_fraction': 0.6000000000000001, 'reg_alpha': 0.7000000000000001, 'reg_lambda': 0.1, 'linear_tree': False}",0.1884572468524337,0.2174467127920527,839.8969516715488,3,5,gbdt,8,3,14,7,0.00083722187542,0.6000000000000001,26,0.7000000000000001,0.1,False,0.1884572468524337,839.8969516715488,0.2174467127920527,0.3247788640182338,1360.256707844636,0.4022485307993553
102,EL MONTE - EL PAICO;AGUAS ANDINAS;Residencial,,[ 1  2  3  4  5  6  7  8  9 10 11 12 13 14 15 16 17 18 19 20 21 22 23 24 25 26 27 28 29 30 31 32 33 34],"{'max_depth': 3, 'num_leaves': 7, 'boosting_type': 'gbdt', 'n_estimators': 10, 'max_bin': 12, 'min_data_in_leaf': 10, 'min_child_samples': 22, 'min_data_in_bin': 7, 'learning_rate': 0.0004379609994918686, 'feature_fraction': 0.1, 'reg_alpha': 0.1, 'reg_lambda': 0.6, 'linear_tree': False}",0.0948414073972834,0.1109608742116006,14009.84221812733,3,7,gbdt,10,10,22,7,0.0004379609994918,0.1,12,0.1,0.6,False,0.0948414073972834,14009.84221812733,0.1109608742116006,0.0426627839089367,7403.690824116604,0.0519338827928502
103,CURACAVI;AGUAS ANDINAS;Comercial,,[ 1  2  3  4  5  6  7  8  9 10 11 12 13 14 15 16],"{'max_depth': 2, 'num_leaves': 3, 'boosting_type': 'gbdt', 'n_estimators': 8, 'max_bin': 13, 'min_data_in_leaf': 9, 'min_child_samples': 10, 'min_data_in_bin': 2, 'learning_rate': 0.0003705380490183848, 'feature_fraction': 0.3, 'reg_alpha': 0.8, 'reg_lambda': 0.4, 'linear_tree': False}",0.0707616829271193,0.0886593078028685,1161.3029090705754,2,3,gbdt,8,9,10,2,0.0003705380490183,0.3,13,0.8,0.4,False,0.0707616829271193,1161.3029090705754,0.0886593078028685,0.1620670182882095,3068.785128867076,0.1861635239934392
104,MELIPILLA;AGUAS ANDINAS;No Asociado a Inmueble,,[ 1  2  3  4  5  6  7  8  9 10 11 12 13 14 15 16 17 18 19 20 21 22],"{'max_depth': 3, 'num_leaves': 8, 'boosting_type': 'rf', 'n_estimators': 4, 'max_bin': 10, 'min_data_in_leaf': 4, 'min_child_samples': 21, 'min_data_in_bin': 5, 'learning_rate': 0.0009871831015662977, 'feature_fraction': 0.55, 'reg_alpha': 0.9, 'reg_lambda': 0.1, 'linear_tree': True}",0.265233363110781,0.3543309196354097,1872.365309281492,3,8,rf,4,4,21,5,0.0009871831015662,0.55,10,0.9,0.1,True,0.265233363110781,1872.365309281492,0.3543309196354097,1.1257677651744096,13429.860047246351,2.008178434248181
105,GRAN SANTIAGO;AGUAS ANDINAS;Residencial,,[ 1  2  3  4  5  6  7  8  9 10 11 12 13 14 15],"{'max_depth': 3, 'num_leaves': 8, 'boosting_type': 'gbdt', 'n_estimators': 7, 'max_bin': 12, 'min_data_in_leaf': 3, 'min_child_samples': 8, 'min_data_in_bin': 4, 'learning_rate': 0.00048450802941807966, 'feature_fraction': 0.7500000000000001, 'reg_alpha': 0.2, 'reg_lambda': 0.2, 'linear_tree': True}",0.0303952668971422,0.0350449019409891,920403.8658854414,3,8,gbdt,7,3,8,4,0.000484508029418,0.7500000000000001,12,0.2,0.2,True,0.0303952668971422,920403.8658854414,0.0350449019409891,0.0227300624430988,745323.2381049341,0.027851235310385
106,MELIPILLA;AGUAS ANDINAS;Residencial,,[ 1  2  3  4  5  6  7  8  9 10 11 12 13 14 15 16 17 18 19 20 21 22 23],"{'max_depth': 3, 'num_leaves': 5, 'boosting_type': 'gbdt', 'n_estimators': 3, 'max_bin': 16, 'min_data_in_leaf': 4, 'min_child_samples': 23, 'min_data_in_bin': 6, 'learning_rate': 0.00045031393714230547, 'feature_fraction': 0.2, 'reg_alpha': 0.5, 'reg_lambda': 0.9, 'linear_tree': True}",0.0394506345854734,0.0491669503907797,15670.28705477907,3,5,gbdt,3,4,23,6,0.0004503139371423,0.2,16,0.5,0.9,True,0.0394506345854734,15670.28705477907,0.0491669503907797,0.0511301302559421,20231.22637870492,0.0606246098866174
107,TALAGANTE;AGUAS ANDINAS;No Asociado a Inmueble,,[ 1  2  3  4  5  6  7  8  9 10 11 12 13 14 15 16 17 18 19 20],"{'max_depth': 3, 'num_leaves': 7, 'boosting_type': 'gbdt', 'n_estimators': 3, 'max_bin': 10, 'min_data_in_leaf': 3, 'min_child_samples': 11, 'min_data_in_bin': 5, 'learning_rate': 0.0008931626917100626, 'feature_fraction': 0.1, 'reg_alpha': 0.6, 'reg_lambda': 0.2, 'linear_tree': False}",0.2631988402401728,0.5429110858538937,4064.6206988074937,3,7,gbdt,3,3,11,5,0.00089316269171,0.1,10,0.6,0.2,False,0.2631988402401728,4064.6206988074937,0.5429110858538937,0.1861498782489993,6888.072875942323,0.2240634125651715
108,TALAGANTE;AGUAS ANDINAS;Residencial,,[ 1  2  3  4  5  6  7  8  9 10 11 12 13 14 15 16 17 18 19 20 21],"{'max_depth': 3, 'num_leaves': 6, 'boosting_type': 'gbdt', 'n_estimators': 7, 'max_bin': 14, 'min_data_in_leaf': 4, 'min_child_samples': 9, 'min_data_in_bin': 4, 'learning_rate': 0.0005797577384969661, 'feature_fraction': 0.05, 'reg_alpha': 0.5, 'reg_lambda': 0.7000000000000001, 'linear_tree': True}",0.0393528959662024,0.046748775044925,13325.184176526249,3,6,gbdt,7,4,9,4,0.0005797577384969,0.05,14,0.5,0.7000000000000001,True,0.0393528959662024,13325.184176526249,0.046748775044925,0.0325640660003889,12616.211054301217,0.0413988864420587
109,TIL TIL;AGUAS ANDINAS;Comercial,,[ 1  2  3  4  5  6  7  8  9 10 11 12 13],"{'max_depth': 1, 'num_leaves': 2, 'boosting_type': 'rf', 'n_estimators': 3, 'max_bin': 7, 'min_data_in_leaf': 6, 'min_child_samples': 8, 'min_data_in_bin': 18, 'learning_rate': 0.0001305034751263001, 'feature_fraction': 0.8, 'reg_alpha': 0.8, 'reg_lambda': 0.2, 'linear_tree': False}",0.1689500244431125,0.2220823984938709,1801.36931084282,1,2,rf,3,6,8,18,0.0001305034751263,0.8,7,0.8,0.2,False,0.1689500244431125,1801.36931084282,0.2220823984938709,0.2004418113558081,3177.7118031332684,0.2270793710760299
110,TIL TIL;AGUAS ANDINAS;No Asociado a Inmueble,,[ 1  2  3  4  5  6  7  8  9 10 11 12 13 14 15 16 17 18 19 20 21 22 23 24 25 26 27 28 29 30],"{'max_depth': 2, 'num_leaves': 3, 'boosting_type': 'dart', 'n_estimators': 9, 'max_bin': 15, 'min_data_in_leaf': 4, 'min_child_samples': 21, 'min_data_in_bin': 18, 'learning_rate': 0.0003076922096508274, 'feature_fraction': 0.3, 'reg_alpha': 0.8, 'reg_lambda': 0.7000000000000001, 'linear_tree': True}",0.9726756617503098,2.79766668511817,415.1341750968394,2,3,dart,9,4,21,18,0.0003076922096508,0.3,15,0.8,0.7000000000000001,True,0.9726756617503098,415.1341750968394,2.79766668511817,1.8851029003986568,626.239334434041,4.912124258506672
111,TIL TIL;AGUAS ANDINAS;Residencial,,[ 1  2  3  4  5  6  7  8  9 10 11 12 13 14 15 16 17 18 19 20 21 22],"{'max_depth': 3, 'num_leaves': 8, 'boosting_type': 'gbdt', 'n_estimators': 3, 'max_bin': 3, 'min_data_in_leaf': 5, 'min_child_samples': 14, 'min_data_in_bin': 3, 'learning_rate': 0.0005014396428558142, 'feature_fraction': 0.15000000000000002, 'reg_alpha': 0.1, 'reg_lambda': 0.9, 'linear_tree': True}",0.0445041294647784,0.058614948950008,1735.5486848646608,3,8,gbdt,3,5,14,3,0.0005014396428558,0.15,3,0.1,0.9,True,0.0445041294647784,1735.5486848646608,0.058614948950008,0.104498165820988,4653.641547605373,0.1293398348036953
112,VALDIVIA DE PAINE;AGUAS ANDINAS;Comercial,,[ 1  2  3  4  5  6  7  8  9 10 11 12 13 14 15 16 17 18 19 20 21 22 23 24 25 26 27 28 29 30 31 32 33 34 35],"{'max_depth': 3, 'num_leaves': 6, 'boosting_type': 'dart', 'n_estimators': 5, 'max_bin': 9, 'min_data_in_leaf': 13, 'min_child_samples': 4, 'min_data_in_bin': 26, 'learning_rate': 1.195522379920656e-05, 'feature_fraction': 0.05, 'reg_alpha': 0.8, 'reg_lambda': 0.4, 'linear_tree': False}",0.3906009432373283,0.4124410901146232,793.0209854306084,3,6,dart,5,13,4,26,1.195522379920656e-05,0.05,9,0.8,0.4,False,0.3906009432373283,793.0209854306084,0.4124410901146232,1.050299583763591,2462.293334462191,1.0503814990645624
113,VALDIVIA DE PAINE;AGUAS ANDINAS;Residencial,,[ 1  2  3  4  5  6  7  8  9 10 11 12],"{'max_depth': 3, 'num_leaves': 3, 'boosting_type': 'gbdt', 'n_estimators': 2, 'max_bin': 25, 'min_data_in_leaf': 3, 'min_child_samples': 13, 'min_data_in_bin': 10, 'learning_rate': 0.0006495540308060155, 'feature_fraction': 0.6000000000000001, 'reg_alpha': 0.8, 'reg_lambda': 0.4, 'linear_tree': False}",0.0494314375693668,0.0639401903378791,738.4761358134597,3,3,gbdt,2,3,13,10,0.000649554030806,0.6000000000000001,25,0.8,0.4,False,0.0494314375693668,738.4761358134597,0.0639401903378791,0.0882959148864336,1258.0152349386876,0.1168176317284746
114,AGUAS COLINA;AGUAS COLINA;Residencial,,[ 1  2  3  4  5  6  7  8  9 10 11 12],"{'max_depth': 2, 'num_leaves': 3, 'boosting_type': 'rf', 'n_estimators': 10, 'max_bin': 24, 'min_data_in_leaf': 6, 'min_child_samples': 16, 'min_data_in_bin': 13, 'learning_rate': 0.0005916845582610247, 'feature_fraction': 0.7000000000000001, 'reg_alpha': 0.8, 'reg_lambda': 0.5, 'linear_tree': True}",0.1487682362866562,0.2040742925340784,8148.245257117263,2,3,rf,10,6,16,13,0.000591684558261,0.7000000000000001,24,0.8,0.5,True,0.1487682362866562,8148.245257117263,0.2040742925340784,0.2087854675667554,14435.82203155524,0.3134925664418387
115,AGUAS CORDILLERA;AGUAS CORDILLERA;Comercial,,[ 1  2  3  4  5  6  7  8  9 10 11 12],"{'max_depth': 3, 'num_leaves': 5, 'boosting_type': 'gbdt', 'n_estimators': 2, 'max_bin': 5, 'min_data_in_leaf': 10, 'min_child_samples': 15, 'min_data_in_bin': 9, 'learning_rate': 0.0009980848875719992, 'feature_fraction': 0.3, 'reg_alpha': 0.1, 'reg_lambda': 0.8, 'linear_tree': True}",0.0439319783565322,0.0513489256131413,49175.43407355941,3,5,gbdt,2,10,15,9,0.0009980848875719,0.3,5,0.1,0.8,True,0.0439319783565322,49175.43407355941,0.0513489256131413,0.187415867668943,165340.53115098175,0.2364226174525769
116,AGUAS CORDILLERA;AGUAS CORDILLERA;Industrial,,[ 1  2  3  4  5  6  7  8  9 10 11 12 13 14 15 16 17],"{'max_depth': 1, 'num_leaves': 2, 'boosting_type': 'dart', 'n_estimators': 3, 'max_bin': 26, 'min_data_in_leaf': 2, 'min_child_samples': 12, 'min_data_in_bin': 7, 'learning_rate': 0.0006957824803627611, 'feature_fraction': 0.55, 'reg_alpha': 0.1, 'reg_lambda': 0.30000000000000004, 'linear_tree': True}",1.468147911371618,2.127343313869697,2191.9931047538817,1,2,dart,3,2,12,7,0.0006957824803627,0.55,26,0.1,0.3,True,1.468147911371618,2191.9931047538817,2.127343313869697,0.509866684130619,205.69479241125163,0.60786572957909
117,AGUAS CORDILLERA;AGUAS CORDILLERA;No Asociado a Inmueble,,[ 1  2  3  4  5  6  7  8  9 10 11 12 13 14 15],"{'max_depth': 3, 'num_leaves': 7, 'boosting_type': 'rf', 'n_estimators': 6, 'max_bin': 24, 'min_data_in_leaf': 3, 'min_child_samples': 9, 'min_data_in_bin': 15, 'learning_rate': 7.13321561810382e-05, 'feature_fraction': 0.6500000000000001, 'reg_alpha': 0.7000000000000001, 'reg_lambda': 0.2, 'linear_tree': True}",0.1555582706211322,0.2044497054706822,47395.18188314106,3,7,rf,6,3,9,15,7.13321561810382e-05,0.6500000000000001,24,0.7000000000000001,0.2,True,0.1555582706211322,47395.18188314106,0.2044497054706822,0.1344443323982086,43844.8991484152,0.1671142758203322
118,AGUAS CORDILLERA;AGUAS CORDILLERA;Residencial,,[ 1  2  3  4  5  6  7  8  9 10 11 12 13 14 15 16 17 18 19 20 21 22 23],"{'max_depth': 1, 'num_leaves': 2, 'boosting_type': 'gbdt', 'n_estimators': 7, 'max_bin': 15, 'min_data_in_leaf': 3, 'min_child_samples': 23, 'min_data_in_bin': 6, 'learning_rate': 0.0008801315744400378, 'feature_fraction': 0.4, 'reg_alpha': 0.9, 'reg_lambda': 0.4, 'linear_tree': False}",0.0495893295913514,0.064432156222091,219283.83742625223,1,2,gbdt,7,3,23,6,0.00088013157444,0.4,15,0.9,0.4,False,0.0495893295913514,219283.83742625223,0.064432156222091,0.0720656270991005,293948.95558229607,0.0832153145686847
119,VILLA LOS DOMINICOS;AGUAS CORDILLERA;Comercial,,[ 1  2  3  4  5  6  7  8  9 10 11 12 13 14],"{'max_depth': 3, 'num_leaves': 6, 'boosting_type': 'gbdt', 'n_estimators': 8, 'max_bin': 24, 'min_data_in_leaf': 6, 'min_child_samples': 18, 'min_data_in_bin': 2, 'learning_rate': 0.00035759140996931445, 'feature_fraction': 0.8, 'reg_alpha': 0.9, 'reg_lambda': 0.1, 'linear_tree': True}",0.0930359004995814,0.1211556178766241,5199.270856806592,3,6,gbdt,8,6,18,2,0.0003575914099693,0.8,24,0.9,0.1,True,0.0930359004995814,5199.270856806592,0.1211556178766241,0.2216117232314194,8748.76627515042,0.2918028711453897
120,VILLA LOS DOMINICOS;AGUAS CORDILLERA;No Asociado a Inmueble,,[ 1  2  3  4  5  6  7  8  9 10 11 12 13 14 15 16 17 18 19 20],"{'max_depth': 2, 'num_leaves': 3, 'boosting_type': 'gbdt', 'n_estimators': 8, 'max_bin': 11, 'min_data_in_leaf': 3, 'min_child_samples': 22, 'min_data_in_bin': 2, 'learning_rate': 0.00036058186718854386, 'feature_fraction': 0.6000000000000001, 'reg_alpha': 0.7000000000000001, 'reg_lambda': 0.2, 'linear_tree': True}",0.3045759564624714,0.4942846874184075,6982.126728444801,2,3,gbdt,8,3,22,2,0.0003605818671885,0.6000000000000001,11,0.7000000000000001,0.2,True,0.3045759564624714,6982.126728444801,0.4942846874184075,0.4510725503136348,7263.270502787744,0.7187497945860982
121,PIRQUE;AGUAS ANDINAS;Comercial,,[ 1  2  3  4  5  6  7  8  9 10 11 12 13 14 15 16 17 18 19 20],"{'max_depth': 2, 'num_leaves': 3, 'boosting_type': 'rf', 'n_estimators': 8, 'max_bin': 16, 'min_data_in_leaf': 4, 'min_child_samples': 16, 'min_data_in_bin': 2, 'learning_rate': 0.00016637137594080787, 'feature_fraction': 0.8, 'reg_alpha': 0.4, 'reg_lambda': 0.1, 'linear_tree': False}",0.1277461772760468,0.1553055588965284,2177.815042786722,2,3,rf,8,4,16,2,0.0001663713759408,0.8,16,0.4,0.1,False,0.1277461772760468,2177.815042786722,0.1553055588965284,0.130846097127756,3710.705161023435,0.190775797021547
122,PADRE HURTADO;AGUAS ANDINAS;Comercial,,[ 1  2  3  4  5  6  7  8  9 10 11 12 13 14 15 16 17 18 19 20 21 22 23 24 25 26 27 28 29],"{'max_depth': 1, 'num_leaves': 2, 'boosting_type': 'gbdt', 'n_estimators': 6, 'max_bin': 10, 'min_data_in_leaf': 14, 'min_child_samples': 9, 'min_data_in_bin': 12, 'learning_rate': 0.0005380393234542071, 'feature_fraction': 0.6000000000000001, 'reg_alpha': 0.1, 'reg_lambda': 0.6, 'linear_tree': True}",0.2154478419515685,0.2584580297289897,8580.9288101257,1,2,gbdt,6,14,9,12,0.0005380393234542,0.6000000000000001,10,0.1,0.6,True,0.2154478419515685,8580.9288101257,0.2584580297289897,0.0896215640116832,4063.52798719032,0.1180207010495698
123,PADRE HURTADO;AGUAS ANDINAS;Industrial,,[ 1  2  3  4  5  6  7  8  9 10 11 12 13 14 15 16 17 18 19 20 21 22 23 24 25 26 27 28 29 30 31],"{'max_depth': 3, 'num_leaves': 6, 'boosting_type': 'gbdt', 'n_estimators': 6, 'max_bin': 15, 'min_data_in_leaf': 21, 'min_child_samples': 11, 'min_data_in_bin': 14, 'learning_rate': 0.0002904877550023665, 'feature_fraction': 0.6500000000000001, 'reg_alpha': 0.4, 'reg_lambda': 0.1, 'linear_tree': True}",0.2076266098180192,0.3091434978243312,798.1520030670849,3,6,gbdt,6,21,11,14,0.0002904877550023,0.6500000000000001,15,0.4,0.1,True,0.2076266098180192,798.1520030670849,0.3091434978243312,0.5708185842206449,994.8499170666578,0.6811459891298187
124,PADRE HURTADO;AGUAS ANDINAS;No Asociado a Inmueble,,[ 1  2  3  4  5  6  7  8  9 10 11 12 13 14 15 16],"{'max_depth': 3, 'num_leaves': 4, 'boosting_type': 'gbdt', 'n_estimators': 8, 'max_bin': 26, 'min_data_in_leaf': 4, 'min_child_samples': 13, 'min_data_in_bin': 12, 'learning_rate': 0.000598881949825688, 'feature_fraction': 0.8, 'reg_alpha': 0.6, 'reg_lambda': 0.2, 'linear_tree': False}",0.2784309512484683,0.3348858130131983,4616.125862456147,3,4,gbdt,8,4,13,12,0.0005988819498256,0.8,26,0.6,0.2,False,0.2784309512484683,4616.125862456147,0.3348858130131983,0.2050961341494275,4428.723963458814,0.2444428351423416
125,PADRE HURTADO;AGUAS ANDINAS;Residencial,,[ 1  2  3  4  5  6  7  8  9 10 11 12],"{'max_depth': 2, 'num_leaves': 4, 'boosting_type': 'rf', 'n_estimators': 2, 'max_bin': 8, 'min_data_in_leaf': 8, 'min_child_samples': 14, 'min_data_in_bin': 4, 'learning_rate': 0.00034399785415414246, 'feature_fraction': 0.8, 'reg_alpha': 0.8, 'reg_lambda': 0.5, 'linear_tree': True}",0.0535783463669471,0.0651762380682475,13856.31628021039,2,4,rf,2,8,14,4,0.0003439978541541,0.8,8,0.8,0.5,True,0.0535783463669471,13856.31628021039,0.0651762380682475,0.0427852349449898,11503.869109449968,0.0513605150392339
126,TALAGANTE;AGUAS ANDINAS;Comercial,,[ 1  2  3  4  5  6  7  8  9 10 11 12 13 14 15 16 17 18 19 20 21],"{'max_depth': 2, 'num_leaves': 3, 'boosting_type': 'rf', 'n_estimators': 3, 'max_bin': 4, 'min_data_in_leaf': 4, 'min_child_samples': 13, 'min_data_in_bin': 6, 'learning_rate': 0.0007737123835594708, 'feature_fraction': 0.25, 'reg_alpha': 0.1, 'reg_lambda': 0.9, 'linear_tree': True}",0.0643745686111294,0.076437016554017,5244.104888734685,2,3,rf,3,4,13,6,0.0007737123835594,0.25,4,0.1,0.9,True,0.0643745686111294,5244.104888734685,0.076437016554017,0.1001067723537709,7790.77351076251,0.1216310401869099
127,PIRQUE;AGUAS ANDINAS;Residencial,,[ 1  2  3  4  5  6  7  8  9 10 11 12 13 14 15 16 17 18 19],"{'max_depth': 1, 'num_leaves': 2, 'boosting_type': 'gbdt', 'n_estimators': 5, 'max_bin': 26, 'min_data_in_leaf': 2, 'min_child_samples': 6, 'min_data_in_bin': 8, 'learning_rate': 0.0007810689635310338, 'feature_fraction': 0.45, 'reg_alpha': 0.1, 'reg_lambda': 0.9, 'linear_tree': False}",0.0698163552426735,0.0904406699641837,2340.524752008145,1,2,gbdt,5,2,6,8,0.000781068963531,0.45,26,0.1,0.9,False,0.0698163552426735,2340.524752008145,0.0904406699641837,0.0516598445583742,1744.0149389042622,0.065969414905126
128,POMAIRE;AGUAS ANDINAS;Comercial,,[ 1  2  3  4  5  6  7  8  9 10 11 12 13 14 15 16],"{'max_depth': 3, 'num_leaves': 5, 'boosting_type': 'gbdt', 'n_estimators': 4, 'max_bin': 20, 'min_data_in_leaf': 10, 'min_child_samples': 20, 'min_data_in_bin': 10, 'learning_rate': 0.0009439089061411303, 'feature_fraction': 0.35000000000000003, 'reg_alpha': 0.4, 'reg_lambda': 0.5, 'linear_tree': False}",0.0910685245798662,0.1138523007350905,683.9265650043264,3,5,gbdt,4,10,20,10,0.0009439089061411,0.35,20,0.4,0.5,False,0.0910685245798662,683.9265650043264,0.1138523007350905,0.190252026905731,1319.228811710009,0.2433001251456976
129,POMAIRE;AGUAS ANDINAS;Residencial,,[ 1  2  3  4  5  6  7  8  9 10 11 12 13 14 15 16 17 18 19 20 21 22 23 24],"{'max_depth': 1, 'num_leaves': 2, 'boosting_type': 'gbdt', 'n_estimators': 9, 'max_bin': 15, 'min_data_in_leaf': 4, 'min_child_samples': 21, 'min_data_in_bin': 4, 'learning_rate': 0.0009438617081706017, 'feature_fraction': 0.05, 'reg_alpha': 0.1, 'reg_lambda': 0.1, 'linear_tree': True}",0.0459550623854985,0.0580938736509401,1386.797123344052,1,2,gbdt,9,4,21,4,0.0009438617081706,0.05,15,0.1,0.1,True,0.0459550623854985,1386.797123344052,0.0580938736509401,0.0933155583988312,2623.660568621048,0.1323128130471272
130,SAN GABRIEL;AGUAS ANDINAS;Comercial,,[ 1  2  3  4  5  6  7  8  9 10 11 12 13 14 15 16 17 18 19 20],"{'max_depth': 3, 'num_leaves': 7, 'boosting_type': 'rf', 'n_estimators': 4, 'max_bin': 9, 'min_data_in_leaf': 6, 'min_child_samples': 3, 'min_data_in_bin': 11, 'learning_rate': 0.0007089390606725668, 'feature_fraction': 0.1, 'reg_alpha': 0.8, 'reg_lambda': 0.9, 'linear_tree': True}",0.3042228398600501,0.3994889817243118,153.73554012136668,3,7,rf,4,6,3,11,0.0007089390606725,0.1,9,0.8,0.9,True,0.3042228398600501,153.73554012136668,0.3994889817243118,0.3024710220144172,2968.9776337480603,0.3947243894173138
131,SAN GABRIEL;AGUAS ANDINAS;No Asociado a Inmueble,,[ 1  2  3  4  5  6  7  8  9 10 11 12 13 14 15],"{'max_depth': 3, 'num_leaves': 8, 'boosting_type': 'gbdt', 'n_estimators': 3, 'max_bin': 16, 'min_data_in_leaf': 6, 'min_child_samples': 24, 'min_data_in_bin': 3, 'learning_rate': 0.0005599736571178214, 'feature_fraction': 0.6500000000000001, 'reg_alpha': 0.5, 'reg_lambda': 0.1, 'linear_tree': False}",1.0924612932652396,6.264586198097303,75.65403800318775,3,8,gbdt,3,6,24,3,0.0005599736571178,0.6500000000000001,16,0.5,0.1,False,1.0924612932652396,75.65403800318775,6.264586198097303,0.522456993903108,182.285565521119,0.6688084706694708
132,SAN GABRIEL;AGUAS ANDINAS;Residencial,,[ 1  2  3  4  5  6  7  8  9 10 11 12],"{'max_depth': 2, 'num_leaves': 3, 'boosting_type': 'rf', 'n_estimators': 6, 'max_bin': 7, 'min_data_in_leaf': 4, 'min_child_samples': 12, 'min_data_in_bin': 13, 'learning_rate': 0.0008812259723754615, 'feature_fraction': 0.45, 'reg_alpha': 0.4, 'reg_lambda': 0.7000000000000001, 'linear_tree': True}",0.0971124263479991,0.1185429664691309,453.2715082778576,2,3,rf,6,4,12,13,0.0008812259723754,0.45,7,0.4,0.7000000000000001,True,0.0971124263479991,453.2715082778576,0.1185429664691309,0.1677976276837794,1089.9458776231274,0.2050804624076046
133,SAN JOSE DE MAIPO;AGUAS ANDINAS;Comercial,,[ 1  2  3  4  5  6  7  8  9 10 11 12],"{'max_depth': 2, 'num_leaves': 4, 'boosting_type': 'rf', 'n_estimators': 7, 'max_bin': 15, 'min_data_in_leaf': 7, 'min_child_samples': 17, 'min_data_in_bin': 12, 'learning_rate': 0.0003697790866809573, 'feature_fraction': 0.05, 'reg_alpha': 0.1, 'reg_lambda': 0.7000000000000001, 'linear_tree': True}",0.1337816666295981,0.1707328242271631,2468.5546047437883,2,4,rf,7,7,17,12,0.0003697790866809,0.05,15,0.1,0.7000000000000001,True,0.1337816666295981,2468.5546047437883,0.1707328242271631,0.111371904562947,2546.052022277024,0.1465462498546052
134,SAN JOSE DE MAIPO;AGUAS ANDINAS;No Asociado a Inmueble,,[ 1  2  3  4  5  6  7  8  9 10 11 12],"{'max_depth': 2, 'num_leaves': 3, 'boosting_type': 'rf', 'n_estimators': 5, 'max_bin': 4, 'min_data_in_leaf': 6, 'min_child_samples': 7, 'min_data_in_bin': 24, 'learning_rate': 0.0002305131619804765, 'feature_fraction': 0.7500000000000001, 'reg_alpha': 0.2, 'reg_lambda': 0.8, 'linear_tree': True}",0.4938464387449179,0.6154889300808781,315.3632953645531,2,3,rf,5,6,7,24,0.0002305131619804,0.7500000000000001,4,0.2,0.8,True,0.4938464387449179,315.3632953645531,0.6154889300808781,0.5580109811536751,306.7824593135658,0.9719744675605586
135,SAN JOSE DE MAIPO;AGUAS ANDINAS;Residencial,,[ 1  2  3  4  5  6  7  8  9 10 11 12 13 14 15 16 17 18 19 20 21],"{'max_depth': 1, 'num_leaves': 2, 'boosting_type': 'rf', 'n_estimators': 8, 'max_bin': 6, 'min_data_in_leaf': 6, 'min_child_samples': 19, 'min_data_in_bin': 3, 'learning_rate': 0.0007079408879171211, 'feature_fraction': 0.1, 'reg_alpha': 0.4, 'reg_lambda': 0.9, 'linear_tree': True}",0.0592629500501482,0.0749740303233895,2465.660254706106,1,2,rf,8,6,19,3,0.0007079408879171,0.1,6,0.4,0.9,True,0.0592629500501482,2465.660254706106,0.0749740303233895,0.0885462066562751,3917.485734785592,0.1026176958338033
136, MALLOCO - PEAFLOR;AGUAS ANDINAS;Industrial,,[1 2 3 4],"{'max_depth': 3, 'num_leaves': 8, 'boosting_type': 'rf', 'n_estimators': 6, 'max_bin': 3, 'min_data_in_leaf': 2, 'min_child_samples': 5, 'min_data_in_bin': 6, 'learning_rate': 0.033015138402289756, 'feature_fraction': 0.55, 'reg_alpha': 0.2, 'reg_lambda': 0.7000000000000001, 'linear_tree': True}",1.1300373600579632,1.54685897755997,5375.072582964438,3,8,rf,6,2,5,6,0.033015138402289756,0.55,3,0.2,0.7000000000000001,True,1.1300373600579632,5375.072582964438,1.54685897755997,0.4842779628988245,4328.33472595077,0.5156807928960876
137, COSSBO;COSSBO;Comercial,,[1 2 3 4 5 6],"{'max_depth': 3, 'num_leaves': 4, 'boosting_type': 'rf', 'n_estimators': 5, 'max_bin': 3, 'min_data_in_leaf': 11, 'min_child_samples': 6, 'min_data_in_bin': 11, 'learning_rate': 0.022927648737931794, 'feature_fraction': 0.6500000000000001, 'reg_alpha': 0.9, 'reg_lambda': 0.9, 'linear_tree': False}",0.12792409274135216,0.2851630772341182,122.20109266945259,3,4,rf,5,11,6,11,0.022927648737931794,0.6500000000000001,3,0.9,0.9,False,0.12792409274135216,122.20109266945259,0.2851630772341182,1.4311171092088721,336.3995843523837,5.235861827413057
