time_idx,Localidad,Nombre Corto,Tipo Cliente,step,y_pred,y_true,Fecha,id_combinacion
96,BUIN - PAINE - LINDEROS - MAIPO - ALTO JAHUEL,AGUAS ANDINAS,Comercial,0,186926.81,185540.06,2020-01-01,BUIN - PAINE - LINDEROS - MAIPO - ALTO JAHUEL;AGUAS ANDINAS;Comercial
96,BUIN - PAINE - LINDEROS - MAIPO - ALTO JAHUEL,AGUAS ANDINAS,Comercial,1,184871.25,181478.56,2020-02-01,BUIN - PAINE - LINDEROS - MAIPO - ALTO JAHUEL;AGUAS ANDINAS;Comercial
96,BUIN - PAINE - LINDEROS - MAIPO - ALTO JAHUEL,AGUAS ANDINAS,Comercial,2,181046.86,172502.44,2020-03-01,BUIN - PAINE - LINDEROS - MAIPO - ALTO JAHUEL;AGUAS ANDINAS;Comercial
96,BUIN - PAINE - LINDEROS - MAIPO - ALTO JAHUEL,AGUAS ANDINAS,Comercial,3,165955.66,155437.23,2020-04-01,BUIN - PAINE - LINDEROS - MAIPO - ALTO JAHUEL;AGUAS ANDINAS;Comercial
96,BUIN - PAINE - LINDEROS - MAIPO - ALTO JAHUEL,AGUAS ANDINAS,Comercial,4,157214.83,143846.23,2020-05-01,BUIN - PAINE - LINDEROS - MAIPO - ALTO JAHUEL;AGUAS ANDINAS;Comercial
96,BUIN - PAINE - LINDEROS - MAIPO - ALTO JAHUEL,AGUAS ANDINAS,Comercial,5,143098.03,143287.27,2020-06-01,BUIN - PAINE - LINDEROS - MAIPO - ALTO JAHUEL;AGUAS ANDINAS;Comercial
96,BUIN - PAINE - LINDEROS - MAIPO - ALTO JAHUEL,AGUAS ANDINAS,Comercial,6,141058.2,127058.94,2020-07-01,BUIN - PAINE - LINDEROS - MAIPO - ALTO JAHUEL;AGUAS ANDINAS;Comercial
96,BUIN - PAINE - LINDEROS - MAIPO - ALTO JAHUEL,AGUAS ANDINAS,Comercial,7,145735.69,119506.54,2020-08-01,BUIN - PAINE - LINDEROS - MAIPO - ALTO JAHUEL;AGUAS ANDINAS;Comercial
96,BUIN - PAINE - LINDEROS - MAIPO - ALTO JAHUEL,AGUAS ANDINAS,Comercial,8,156698.36,130193.22,2020-09-01,BUIN - PAINE - LINDEROS - MAIPO - ALTO JAHUEL;AGUAS ANDINAS;Comercial
96,BUIN - PAINE - LINDEROS - MAIPO - ALTO JAHUEL,AGUAS ANDINAS,Comercial,9,158822.73,133600.77,2020-10-01,BUIN - PAINE - LINDEROS - MAIPO - ALTO JAHUEL;AGUAS ANDINAS;Comercial
96,BUIN - PAINE - LINDEROS - MAIPO - ALTO JAHUEL,AGUAS ANDINAS,Comercial,10,172889.47,146589.77,2020-11-01,BUIN - PAINE - LINDEROS - MAIPO - ALTO JAHUEL;AGUAS ANDINAS;Comercial
96,BUIN - PAINE - LINDEROS - MAIPO - ALTO JAHUEL,AGUAS ANDINAS,Comercial,11,184191.36,160601.2,2020-12-01,BUIN - PAINE - LINDEROS - MAIPO - ALTO JAHUEL;AGUAS ANDINAS;Comercial
96,BUIN - PAINE - LINDEROS - MAIPO - ALTO JAHUEL,AGUAS ANDINAS,Comercial,12,188247.98,164003.45,2021-01-01,BUIN - PAINE - LINDEROS - MAIPO - ALTO JAHUEL;AGUAS ANDINAS;Comercial
96,BUIN - PAINE - LINDEROS - MAIPO - ALTO JAHUEL,AGUAS ANDINAS,Comercial,13,185903.19,155079.39,2021-02-01,BUIN - PAINE - LINDEROS - MAIPO - ALTO JAHUEL;AGUAS ANDINAS;Comercial
96,BUIN - PAINE - LINDEROS - MAIPO - ALTO JAHUEL,AGUAS ANDINAS,Comercial,14,179796.0,172939.94,2021-03-01,BUIN - PAINE - LINDEROS - MAIPO - ALTO JAHUEL;AGUAS ANDINAS;Comercial
96,BUIN - PAINE - LINDEROS - MAIPO - ALTO JAHUEL,AGUAS ANDINAS,Comercial,15,166727.94,157951.88,2021-04-01,BUIN - PAINE - LINDEROS - MAIPO - ALTO JAHUEL;AGUAS ANDINAS;Comercial
96,BUIN - PAINE - LINDEROS - MAIPO - ALTO JAHUEL,AGUAS ANDINAS,Comercial,16,155067.86,150949.69,2021-05-01,BUIN - PAINE - LINDEROS - MAIPO - ALTO JAHUEL;AGUAS ANDINAS;Comercial
96,BUIN - PAINE - LINDEROS - MAIPO - ALTO JAHUEL,AGUAS ANDINAS,Comercial,17,145606.36,139869.64,2021-06-01,BUIN - PAINE - LINDEROS - MAIPO - ALTO JAHUEL;AGUAS ANDINAS;Comercial
96,BUIN - PAINE - LINDEROS - MAIPO - ALTO JAHUEL,AGUAS ANDINAS,Comercial,18,147706.92,139160.19,2021-07-01,BUIN - PAINE - LINDEROS - MAIPO - ALTO JAHUEL;AGUAS ANDINAS;Comercial
96,BUIN - PAINE - LINDEROS - MAIPO - ALTO JAHUEL,AGUAS ANDINAS,Comercial,19,153001.89,136830.45,2021-08-01,BUIN - PAINE - LINDEROS - MAIPO - ALTO JAHUEL;AGUAS ANDINAS;Comercial
96,BUIN - PAINE - LINDEROS - MAIPO - ALTO JAHUEL,AGUAS ANDINAS,Comercial,20,162152.03,138796.48,2021-09-01,BUIN - PAINE - LINDEROS - MAIPO - ALTO JAHUEL;AGUAS ANDINAS;Comercial
96,BUIN - PAINE - LINDEROS - MAIPO - ALTO JAHUEL,AGUAS ANDINAS,Comercial,21,163155.77,160476.05,2021-10-01,BUIN - PAINE - LINDEROS - MAIPO - ALTO JAHUEL;AGUAS ANDINAS;Comercial
96,BUIN - PAINE - LINDEROS - MAIPO - ALTO JAHUEL,AGUAS ANDINAS,Comercial,22,176361.72,157489.33,2021-11-01,BUIN - PAINE - LINDEROS - MAIPO - ALTO JAHUEL;AGUAS ANDINAS;Comercial
96,BUIN - PAINE - LINDEROS - MAIPO - ALTO JAHUEL,AGUAS ANDINAS,Comercial,23,185525.05,181053.02,2021-12-01,BUIN - PAINE - LINDEROS - MAIPO - ALTO JAHUEL;AGUAS ANDINAS;Comercial
96,BUIN - PAINE - LINDEROS - MAIPO - ALTO JAHUEL,AGUAS ANDINAS,Comercial,24,189143.95,158158.77,2022-01-01,BUIN - PAINE - LINDEROS - MAIPO - ALTO JAHUEL;AGUAS ANDINAS;Comercial
96,BUIN - PAINE - LINDEROS - MAIPO - ALTO JAHUEL,AGUAS ANDINAS,Comercial,25,186757.66,170796.75,2022-02-01,BUIN - PAINE - LINDEROS - MAIPO - ALTO JAHUEL;AGUAS ANDINAS;Comercial
96,BUIN - PAINE - LINDEROS - MAIPO - ALTO JAHUEL,AGUAS ANDINAS,Comercial,26,180761.48,174963.55,2022-03-01,BUIN - PAINE - LINDEROS - MAIPO - ALTO JAHUEL;AGUAS ANDINAS;Comercial
96,BUIN - PAINE - LINDEROS - MAIPO - ALTO JAHUEL,AGUAS ANDINAS,Comercial,27,167766.03,166756.16,2022-04-01,BUIN - PAINE - LINDEROS - MAIPO - ALTO JAHUEL;AGUAS ANDINAS;Comercial
96,BUIN - PAINE - LINDEROS - MAIPO - ALTO JAHUEL,AGUAS ANDINAS,Comercial,28,156507.36,152848.05,2022-05-01,BUIN - PAINE - LINDEROS - MAIPO - ALTO JAHUEL;AGUAS ANDINAS;Comercial
96,BUIN - PAINE - LINDEROS - MAIPO - ALTO JAHUEL,AGUAS ANDINAS,Comercial,29,149704.89,152383.0,2022-06-01,BUIN - PAINE - LINDEROS - MAIPO - ALTO JAHUEL;AGUAS ANDINAS;Comercial
96,BUIN - PAINE - LINDEROS - MAIPO - ALTO JAHUEL,AGUAS ANDINAS,Comercial,30,153855.83,149634.05,2022-07-01,BUIN - PAINE - LINDEROS - MAIPO - ALTO JAHUEL;AGUAS ANDINAS;Comercial
96,BUIN - PAINE - LINDEROS - MAIPO - ALTO JAHUEL,AGUAS ANDINAS,Comercial,31,159361.38,138781.11,2022-08-01,BUIN - PAINE - LINDEROS - MAIPO - ALTO JAHUEL;AGUAS ANDINAS;Comercial
96,BUIN - PAINE - LINDEROS - MAIPO - ALTO JAHUEL,AGUAS ANDINAS,Comercial,32,166217.8,162632.33,2022-09-01,BUIN - PAINE - LINDEROS - MAIPO - ALTO JAHUEL;AGUAS ANDINAS;Comercial
96,BUIN - PAINE - LINDEROS - MAIPO - ALTO JAHUEL,AGUAS ANDINAS,Comercial,33,166508.77,147120.11,2022-10-01,BUIN - PAINE - LINDEROS - MAIPO - ALTO JAHUEL;AGUAS ANDINAS;Comercial
96,BUIN - PAINE - LINDEROS - MAIPO - ALTO JAHUEL,AGUAS ANDINAS,Comercial,34,178209.31,161932.62,2022-11-01,BUIN - PAINE - LINDEROS - MAIPO - ALTO JAHUEL;AGUAS ANDINAS;Comercial
96,BUIN - PAINE - LINDEROS - MAIPO - ALTO JAHUEL,AGUAS ANDINAS,Comercial,35,186257.94,173045.69,2022-12-01,BUIN - PAINE - LINDEROS - MAIPO - ALTO JAHUEL;AGUAS ANDINAS;Comercial
96,BUIN - PAINE - LINDEROS - MAIPO - ALTO JAHUEL,AGUAS ANDINAS,Comercial,36,189622.34,166633.22,2023-01-01,BUIN - PAINE - LINDEROS - MAIPO - ALTO JAHUEL;AGUAS ANDINAS;Comercial
96,BUIN - PAINE - LINDEROS - MAIPO - ALTO JAHUEL,AGUAS ANDINAS,Comercial,37,187601.5,150898.27,2023-02-01,BUIN - PAINE - LINDEROS - MAIPO - ALTO JAHUEL;AGUAS ANDINAS;Comercial
96,BUIN - PAINE - LINDEROS - MAIPO - ALTO JAHUEL,AGUAS ANDINAS,Comercial,38,182166.44,177522.66,2023-03-01,BUIN - PAINE - LINDEROS - MAIPO - ALTO JAHUEL;AGUAS ANDINAS;Comercial
96,BUIN - PAINE - LINDEROS - MAIPO - ALTO JAHUEL,AGUAS ANDINAS,Comercial,39,169276.47,166048.53,2023-04-01,BUIN - PAINE - LINDEROS - MAIPO - ALTO JAHUEL;AGUAS ANDINAS;Comercial
96,BUIN - PAINE - LINDEROS - MAIPO - ALTO JAHUEL,AGUAS ANDINAS,Comercial,40,159625.05,153417.38,2023-05-01,BUIN - PAINE - LINDEROS - MAIPO - ALTO JAHUEL;AGUAS ANDINAS;Comercial
96,BUIN - PAINE - LINDEROS - MAIPO - ALTO JAHUEL,AGUAS ANDINAS,Comercial,41,153755.6,147589.11,2023-06-01,BUIN - PAINE - LINDEROS - MAIPO - ALTO JAHUEL;AGUAS ANDINAS;Comercial
96,BUIN - PAINE - LINDEROS - MAIPO - ALTO JAHUEL,AGUAS ANDINAS,Comercial,42,159326.56,140022.9,2023-07-01,BUIN - PAINE - LINDEROS - MAIPO - ALTO JAHUEL;AGUAS ANDINAS;Comercial
96,BUIN - PAINE - LINDEROS - MAIPO - ALTO JAHUEL,AGUAS ANDINAS,Comercial,43,163922.58,145061.95,2023-08-01,BUIN - PAINE - LINDEROS - MAIPO - ALTO JAHUEL;AGUAS ANDINAS;Comercial
96,BUIN - PAINE - LINDEROS - MAIPO - ALTO JAHUEL,AGUAS ANDINAS,Comercial,44,168780.2,134838.55,2023-09-01,BUIN - PAINE - LINDEROS - MAIPO - ALTO JAHUEL;AGUAS ANDINAS;Comercial
96,BUIN - PAINE - LINDEROS - MAIPO - ALTO JAHUEL,AGUAS ANDINAS,Comercial,45,168661.12,136413.44,2023-10-01,BUIN - PAINE - LINDEROS - MAIPO - ALTO JAHUEL;AGUAS ANDINAS;Comercial
96,BUIN - PAINE - LINDEROS - MAIPO - ALTO JAHUEL,AGUAS ANDINAS,Comercial,46,178995.58,149369.16,2023-11-01,BUIN - PAINE - LINDEROS - MAIPO - ALTO JAHUEL;AGUAS ANDINAS;Comercial
96,BUIN - PAINE - LINDEROS - MAIPO - ALTO JAHUEL,AGUAS ANDINAS,Comercial,47,186586.78,166604.83,2023-12-01,BUIN - PAINE - LINDEROS - MAIPO - ALTO JAHUEL;AGUAS ANDINAS;Comercial
96,BUIN - PAINE - LINDEROS - MAIPO - ALTO JAHUEL,AGUAS ANDINAS,Comercial,48,189890.75,163508.27,2024-01-01,BUIN - PAINE - LINDEROS - MAIPO - ALTO JAHUEL;AGUAS ANDINAS;Comercial
96,BUIN - PAINE - LINDEROS - MAIPO - ALTO JAHUEL,AGUAS ANDINAS,Comercial,49,188254.56,152827.44,2024-02-01,BUIN - PAINE - LINDEROS - MAIPO - ALTO JAHUEL;AGUAS ANDINAS;Comercial
96,BUIN - PAINE - LINDEROS - MAIPO - ALTO JAHUEL,AGUAS ANDINAS,Comercial,50,183525.73,158791.9,2024-03-01,BUIN - PAINE - LINDEROS - MAIPO - ALTO JAHUEL;AGUAS ANDINAS;Comercial
96,BUIN - PAINE - LINDEROS - MAIPO - ALTO JAHUEL,AGUAS ANDINAS,Comercial,51,171243.81,161706.31,2024-04-01,BUIN - PAINE - LINDEROS - MAIPO - ALTO JAHUEL;AGUAS ANDINAS;Comercial
96,BUIN - PAINE - LINDEROS - MAIPO - ALTO JAHUEL,AGUAS ANDINAS,Comercial,52,163120.67,156461.38,2024-05-01,BUIN - PAINE - LINDEROS - MAIPO - ALTO JAHUEL;AGUAS ANDINAS;Comercial
96,BUIN - PAINE - LINDEROS - MAIPO - ALTO JAHUEL,AGUAS ANDINAS,Comercial,53,157747.19,147402.94,2024-06-01,BUIN - PAINE - LINDEROS - MAIPO - ALTO JAHUEL;AGUAS ANDINAS;Comercial
96,BUIN - PAINE - LINDEROS - MAIPO - ALTO JAHUEL,AGUAS ANDINAS,Comercial,54,163665.98,137926.6,2024-07-01,BUIN - PAINE - LINDEROS - MAIPO - ALTO JAHUEL;AGUAS ANDINAS;Comercial
96,BUIN - PAINE - LINDEROS - MAIPO - ALTO JAHUEL,AGUAS ANDINAS,Comercial,55,166739.16,137955.1,2024-08-01,BUIN - PAINE - LINDEROS - MAIPO - ALTO JAHUEL;AGUAS ANDINAS;Comercial
96,BUIN - PAINE - LINDEROS - MAIPO - ALTO JAHUEL,AGUAS ANDINAS,Comercial,56,170077.17,149628.45,2024-09-01,BUIN - PAINE - LINDEROS - MAIPO - ALTO JAHUEL;AGUAS ANDINAS;Comercial
96,BUIN - PAINE - LINDEROS - MAIPO - ALTO JAHUEL,AGUAS ANDINAS,Comercial,57,169778.28,154484.5,2024-10-01,BUIN - PAINE - LINDEROS - MAIPO - ALTO JAHUEL;AGUAS ANDINAS;Comercial
96,BUIN - PAINE - LINDEROS - MAIPO - ALTO JAHUEL,AGUAS ANDINAS,Comercial,58,179098.3,154941.06,2024-11-01,BUIN - PAINE - LINDEROS - MAIPO - ALTO JAHUEL;AGUAS ANDINAS;Comercial
96,BUIN - PAINE - LINDEROS - MAIPO - ALTO JAHUEL,AGUAS ANDINAS,Comercial,59,186673.56,173687.4,2024-12-01,BUIN - PAINE - LINDEROS - MAIPO - ALTO JAHUEL;AGUAS ANDINAS;Comercial
96,BUIN - PAINE - LINDEROS - MAIPO - ALTO JAHUEL,AGUAS ANDINAS,Industrial,0,15664.756,14762.0,2020-01-01,BUIN - PAINE - LINDEROS - MAIPO - ALTO JAHUEL;AGUAS ANDINAS;Industrial
96,BUIN - PAINE - LINDEROS - MAIPO - ALTO JAHUEL,AGUAS ANDINAS,Industrial,1,16857.28,13741.0,2020-02-01,BUIN - PAINE - LINDEROS - MAIPO - ALTO JAHUEL;AGUAS ANDINAS;Industrial
96,BUIN - PAINE - LINDEROS - MAIPO - ALTO JAHUEL,AGUAS ANDINAS,Industrial,2,17100.393,14594.0,2020-03-01,BUIN - PAINE - LINDEROS - MAIPO - ALTO JAHUEL;AGUAS ANDINAS;Industrial
96,BUIN - PAINE - LINDEROS - MAIPO - ALTO JAHUEL,AGUAS ANDINAS,Industrial,3,13515.808,13860.0,2020-04-01,BUIN - PAINE - LINDEROS - MAIPO - ALTO JAHUEL;AGUAS ANDINAS;Industrial
96,BUIN - PAINE - LINDEROS - MAIPO - ALTO JAHUEL,AGUAS ANDINAS,Industrial,4,12617.233,12537.0,2020-05-01,BUIN - PAINE - LINDEROS - MAIPO - ALTO JAHUEL;AGUAS ANDINAS;Industrial
96,BUIN - PAINE - LINDEROS - MAIPO - ALTO JAHUEL,AGUAS ANDINAS,Industrial,5,11840.431,12559.0,2020-06-01,BUIN - PAINE - LINDEROS - MAIPO - ALTO JAHUEL;AGUAS ANDINAS;Industrial
96,BUIN - PAINE - LINDEROS - MAIPO - ALTO JAHUEL,AGUAS ANDINAS,Industrial,6,11742.651,9133.0,2020-07-01,BUIN - PAINE - LINDEROS - MAIPO - ALTO JAHUEL;AGUAS ANDINAS;Industrial
96,BUIN - PAINE - LINDEROS - MAIPO - ALTO JAHUEL,AGUAS ANDINAS,Industrial,7,12141.383,10848.0,2020-08-01,BUIN - PAINE - LINDEROS - MAIPO - ALTO JAHUEL;AGUAS ANDINAS;Industrial
96,BUIN - PAINE - LINDEROS - MAIPO - ALTO JAHUEL,AGUAS ANDINAS,Industrial,8,12909.049,10055.0,2020-09-01,BUIN - PAINE - LINDEROS - MAIPO - ALTO JAHUEL;AGUAS ANDINAS;Industrial
96,BUIN - PAINE - LINDEROS - MAIPO - ALTO JAHUEL,AGUAS ANDINAS,Industrial,9,13257.385,10838.0,2020-10-01,BUIN - PAINE - LINDEROS - MAIPO - ALTO JAHUEL;AGUAS ANDINAS;Industrial
96,BUIN - PAINE - LINDEROS - MAIPO - ALTO JAHUEL,AGUAS ANDINAS,Industrial,10,14157.398,12069.0,2020-11-01,BUIN - PAINE - LINDEROS - MAIPO - ALTO JAHUEL;AGUAS ANDINAS;Industrial
96,BUIN - PAINE - LINDEROS - MAIPO - ALTO JAHUEL,AGUAS ANDINAS,Industrial,11,15363.743,12497.0,2020-12-01,BUIN - PAINE - LINDEROS - MAIPO - ALTO JAHUEL;AGUAS ANDINAS;Industrial
96,BUIN - PAINE - LINDEROS - MAIPO - ALTO JAHUEL,AGUAS ANDINAS,Industrial,12,15923.688,12494.0,2021-01-01,BUIN - PAINE - LINDEROS - MAIPO - ALTO JAHUEL;AGUAS ANDINAS;Industrial
96,BUIN - PAINE - LINDEROS - MAIPO - ALTO JAHUEL,AGUAS ANDINAS,Industrial,13,16833.402,12702.0,2021-02-01,BUIN - PAINE - LINDEROS - MAIPO - ALTO JAHUEL;AGUAS ANDINAS;Industrial
96,BUIN - PAINE - LINDEROS - MAIPO - ALTO JAHUEL,AGUAS ANDINAS,Industrial,14,16802.207,12188.0,2021-03-01,BUIN - PAINE - LINDEROS - MAIPO - ALTO JAHUEL;AGUAS ANDINAS;Industrial
96,BUIN - PAINE - LINDEROS - MAIPO - ALTO JAHUEL,AGUAS ANDINAS,Industrial,15,13419.252,12669.0,2021-04-01,BUIN - PAINE - LINDEROS - MAIPO - ALTO JAHUEL;AGUAS ANDINAS;Industrial
96,BUIN - PAINE - LINDEROS - MAIPO - ALTO JAHUEL,AGUAS ANDINAS,Industrial,16,12442.216,11999.0,2021-05-01,BUIN - PAINE - LINDEROS - MAIPO - ALTO JAHUEL;AGUAS ANDINAS;Industrial
96,BUIN - PAINE - LINDEROS - MAIPO - ALTO JAHUEL,AGUAS ANDINAS,Industrial,17,11907.301,11918.0,2021-06-01,BUIN - PAINE - LINDEROS - MAIPO - ALTO JAHUEL;AGUAS ANDINAS;Industrial
96,BUIN - PAINE - LINDEROS - MAIPO - ALTO JAHUEL,AGUAS ANDINAS,Industrial,18,12035.643,9522.0,2021-07-01,BUIN - PAINE - LINDEROS - MAIPO - ALTO JAHUEL;AGUAS ANDINAS;Industrial
96,BUIN - PAINE - LINDEROS - MAIPO - ALTO JAHUEL,AGUAS ANDINAS,Industrial,19,12538.966,11062.0,2021-08-01,BUIN - PAINE - LINDEROS - MAIPO - ALTO JAHUEL;AGUAS ANDINAS;Industrial
96,BUIN - PAINE - LINDEROS - MAIPO - ALTO JAHUEL,AGUAS ANDINAS,Industrial,20,13163.714,10669.0,2021-09-01,BUIN - PAINE - LINDEROS - MAIPO - ALTO JAHUEL;AGUAS ANDINAS;Industrial
96,BUIN - PAINE - LINDEROS - MAIPO - ALTO JAHUEL,AGUAS ANDINAS,Industrial,21,13496.4795,11729.0,2021-10-01,BUIN - PAINE - LINDEROS - MAIPO - ALTO JAHUEL;AGUAS ANDINAS;Industrial
96,BUIN - PAINE - LINDEROS - MAIPO - ALTO JAHUEL,AGUAS ANDINAS,Industrial,22,14217.892,12076.0,2021-11-01,BUIN - PAINE - LINDEROS - MAIPO - ALTO JAHUEL;AGUAS ANDINAS;Industrial
96,BUIN - PAINE - LINDEROS - MAIPO - ALTO JAHUEL,AGUAS ANDINAS,Industrial,23,15359.0,12162.0,2021-12-01,BUIN - PAINE - LINDEROS - MAIPO - ALTO JAHUEL;AGUAS ANDINAS;Industrial
96,BUIN - PAINE - LINDEROS - MAIPO - ALTO JAHUEL,AGUAS ANDINAS,Industrial,24,15722.917,12461.0,2022-01-01,BUIN - PAINE - LINDEROS - MAIPO - ALTO JAHUEL;AGUAS ANDINAS;Industrial
96,BUIN - PAINE - LINDEROS - MAIPO - ALTO JAHUEL,AGUAS ANDINAS,Industrial,25,16538.516,14829.0,2022-02-01,BUIN - PAINE - LINDEROS - MAIPO - ALTO JAHUEL;AGUAS ANDINAS;Industrial
96,BUIN - PAINE - LINDEROS - MAIPO - ALTO JAHUEL,AGUAS ANDINAS,Industrial,26,16314.662,11742.0,2022-03-01,BUIN - PAINE - LINDEROS - MAIPO - ALTO JAHUEL;AGUAS ANDINAS;Industrial
96,BUIN - PAINE - LINDEROS - MAIPO - ALTO JAHUEL,AGUAS ANDINAS,Industrial,27,13452.534,10449.0,2022-04-01,BUIN - PAINE - LINDEROS - MAIPO - ALTO JAHUEL;AGUAS ANDINAS;Industrial
96,BUIN - PAINE - LINDEROS - MAIPO - ALTO JAHUEL,AGUAS ANDINAS,Industrial,28,12564.393,11567.0,2022-05-01,BUIN - PAINE - LINDEROS - MAIPO - ALTO JAHUEL;AGUAS ANDINAS;Industrial
96,BUIN - PAINE - LINDEROS - MAIPO - ALTO JAHUEL,AGUAS ANDINAS,Industrial,29,12108.714,9907.0,2022-06-01,BUIN - PAINE - LINDEROS - MAIPO - ALTO JAHUEL;AGUAS ANDINAS;Industrial
96,BUIN - PAINE - LINDEROS - MAIPO - ALTO JAHUEL,AGUAS ANDINAS,Industrial,30,12424.705,18202.0,2022-07-01,BUIN - PAINE - LINDEROS - MAIPO - ALTO JAHUEL;AGUAS ANDINAS;Industrial
96,BUIN - PAINE - LINDEROS - MAIPO - ALTO JAHUEL,AGUAS ANDINAS,Industrial,31,12879.704,18550.0,2022-08-01,BUIN - PAINE - LINDEROS - MAIPO - ALTO JAHUEL;AGUAS ANDINAS;Industrial
96,BUIN - PAINE - LINDEROS - MAIPO - ALTO JAHUEL,AGUAS ANDINAS,Industrial,32,13329.394,17406.0,2022-09-01,BUIN - PAINE - LINDEROS - MAIPO - ALTO JAHUEL;AGUAS ANDINAS;Industrial
96,BUIN - PAINE - LINDEROS - MAIPO - ALTO JAHUEL,AGUAS ANDINAS,Industrial,33,13645.627,18046.0,2022-10-01,BUIN - PAINE - LINDEROS - MAIPO - ALTO JAHUEL;AGUAS ANDINAS;Industrial
96,BUIN - PAINE - LINDEROS - MAIPO - ALTO JAHUEL,AGUAS ANDINAS,Industrial,34,14220.856,21035.0,2022-11-01,BUIN - PAINE - LINDEROS - MAIPO - ALTO JAHUEL;AGUAS ANDINAS;Industrial
96,BUIN - PAINE - LINDEROS - MAIPO - ALTO JAHUEL,AGUAS ANDINAS,Industrial,35,15201.972,24629.0,2022-12-01,BUIN - PAINE - LINDEROS - MAIPO - ALTO JAHUEL;AGUAS ANDINAS;Industrial
96,BUIN - PAINE - LINDEROS - MAIPO - ALTO JAHUEL,AGUAS ANDINAS,Industrial,36,15553.117,20751.0,2023-01-01,BUIN - PAINE - LINDEROS - MAIPO - ALTO JAHUEL;AGUAS ANDINAS;Industrial
96,BUIN - PAINE - LINDEROS - MAIPO - ALTO JAHUEL,AGUAS ANDINAS,Industrial,37,16118.085,20126.0,2023-02-01,BUIN - PAINE - LINDEROS - MAIPO - ALTO JAHUEL;AGUAS ANDINAS;Industrial
96,BUIN - PAINE - LINDEROS - MAIPO - ALTO JAHUEL,AGUAS ANDINAS,Industrial,38,15599.024,21830.0,2023-03-01,BUIN - PAINE - LINDEROS - MAIPO - ALTO JAHUEL;AGUAS ANDINAS;Industrial
96,BUIN - PAINE - LINDEROS - MAIPO - ALTO JAHUEL,AGUAS ANDINAS,Industrial,39,13569.849,18246.0,2023-04-01,BUIN - PAINE - LINDEROS - MAIPO - ALTO JAHUEL;AGUAS ANDINAS;Industrial
96,BUIN - PAINE - LINDEROS - MAIPO - ALTO JAHUEL,AGUAS ANDINAS,Industrial,40,12787.98,16621.0,2023-05-01,BUIN - PAINE - LINDEROS - MAIPO - ALTO JAHUEL;AGUAS ANDINAS;Industrial
96,BUIN - PAINE - LINDEROS - MAIPO - ALTO JAHUEL,AGUAS ANDINAS,Industrial,41,12370.662,16903.0,2023-06-01,BUIN - PAINE - LINDEROS - MAIPO - ALTO JAHUEL;AGUAS ANDINAS;Industrial
96,BUIN - PAINE - LINDEROS - MAIPO - ALTO JAHUEL,AGUAS ANDINAS,Industrial,42,12786.561,19817.0,2023-07-01,BUIN - PAINE - LINDEROS - MAIPO - ALTO JAHUEL;AGUAS ANDINAS;Industrial
96,BUIN - PAINE - LINDEROS - MAIPO - ALTO JAHUEL,AGUAS ANDINAS,Industrial,43,13100.364,20110.0,2023-08-01,BUIN - PAINE - LINDEROS - MAIPO - ALTO JAHUEL;AGUAS ANDINAS;Industrial
96,BUIN - PAINE - LINDEROS - MAIPO - ALTO JAHUEL,AGUAS ANDINAS,Industrial,44,13430.997,17502.0,2023-09-01,BUIN - PAINE - LINDEROS - MAIPO - ALTO JAHUEL;AGUAS ANDINAS;Industrial
96,BUIN - PAINE - LINDEROS - MAIPO - ALTO JAHUEL,AGUAS ANDINAS,Industrial,45,13735.079,17186.0,2023-10-01,BUIN - PAINE - LINDEROS - MAIPO - ALTO JAHUEL;AGUAS ANDINAS;Industrial
96,BUIN - PAINE - LINDEROS - MAIPO - ALTO JAHUEL,AGUAS ANDINAS,Industrial,46,14222.122,21869.0,2023-11-01,BUIN - PAINE - LINDEROS - MAIPO - ALTO JAHUEL;AGUAS ANDINAS;Industrial
96,BUIN - PAINE - LINDEROS - MAIPO - ALTO JAHUEL,AGUAS ANDINAS,Industrial,47,15048.887,19278.0,2023-12-01,BUIN - PAINE - LINDEROS - MAIPO - ALTO JAHUEL;AGUAS ANDINAS;Industrial
96,BUIN - PAINE - LINDEROS - MAIPO - ALTO JAHUEL,AGUAS ANDINAS,Industrial,48,15511.959,19305.0,2024-01-01,BUIN - PAINE - LINDEROS - MAIPO - ALTO JAHUEL;AGUAS ANDINAS;Industrial
96,BUIN - PAINE - LINDEROS - MAIPO - ALTO JAHUEL,AGUAS ANDINAS,Industrial,49,15665.725,19391.0,2024-02-01,BUIN - PAINE - LINDEROS - MAIPO - ALTO JAHUEL;AGUAS ANDINAS;Industrial
96,BUIN - PAINE - LINDEROS - MAIPO - ALTO JAHUEL,AGUAS ANDINAS,Industrial,50,14972.146,25304.0,2024-03-01,BUIN - PAINE - LINDEROS - MAIPO - ALTO JAHUEL;AGUAS ANDINAS;Industrial
96,BUIN - PAINE - LINDEROS - MAIPO - ALTO JAHUEL,AGUAS ANDINAS,Industrial,51,13729.584,20575.0,2024-04-01,BUIN - PAINE - LINDEROS - MAIPO - ALTO JAHUEL;AGUAS ANDINAS;Industrial
96,BUIN - PAINE - LINDEROS - MAIPO - ALTO JAHUEL,AGUAS ANDINAS,Industrial,52,13050.821,18225.0,2024-05-01,BUIN - PAINE - LINDEROS - MAIPO - ALTO JAHUEL;AGUAS ANDINAS;Industrial
96,BUIN - PAINE - LINDEROS - MAIPO - ALTO JAHUEL,AGUAS ANDINAS,Industrial,53,12661.165,17542.0,2024-06-01,BUIN - PAINE - LINDEROS - MAIPO - ALTO JAHUEL;AGUAS ANDINAS;Industrial
96,BUIN - PAINE - LINDEROS - MAIPO - ALTO JAHUEL,AGUAS ANDINAS,Industrial,54,13051.403,15676.0,2024-07-01,BUIN - PAINE - LINDEROS - MAIPO - ALTO JAHUEL;AGUAS ANDINAS;Industrial
96,BUIN - PAINE - LINDEROS - MAIPO - ALTO JAHUEL,AGUAS ANDINAS,Industrial,55,13224.786,17458.0,2024-08-01,BUIN - PAINE - LINDEROS - MAIPO - ALTO JAHUEL;AGUAS ANDINAS;Industrial
96,BUIN - PAINE - LINDEROS - MAIPO - ALTO JAHUEL,AGUAS ANDINAS,Industrial,56,13492.243,15882.0,2024-09-01,BUIN - PAINE - LINDEROS - MAIPO - ALTO JAHUEL;AGUAS ANDINAS;Industrial
96,BUIN - PAINE - LINDEROS - MAIPO - ALTO JAHUEL,AGUAS ANDINAS,Industrial,57,13794.166,15212.0,2024-10-01,BUIN - PAINE - LINDEROS - MAIPO - ALTO JAHUEL;AGUAS ANDINAS;Industrial
96,BUIN - PAINE - LINDEROS - MAIPO - ALTO JAHUEL,AGUAS ANDINAS,Industrial,58,14234.177,19176.0,2024-11-01,BUIN - PAINE - LINDEROS - MAIPO - ALTO JAHUEL;AGUAS ANDINAS;Industrial
96,BUIN - PAINE - LINDEROS - MAIPO - ALTO JAHUEL,AGUAS ANDINAS,Industrial,59,14980.21,21097.0,2024-12-01,BUIN - PAINE - LINDEROS - MAIPO - ALTO JAHUEL;AGUAS ANDINAS;Industrial
96,BUIN - PAINE - LINDEROS - MAIPO - ALTO JAHUEL,AGUAS ANDINAS,Institucional,0,4625.0796,5986.0,2020-01-01,BUIN - PAINE - LINDEROS - MAIPO - ALTO JAHUEL;AGUAS ANDINAS;Institucional
96,BUIN - PAINE - LINDEROS - MAIPO - ALTO JAHUEL,AGUAS ANDINAS,Institucional,1,4682.8135,0.0,2020-02-01,BUIN - PAINE - LINDEROS - MAIPO - ALTO JAHUEL;AGUAS ANDINAS;Institucional
96,BUIN - PAINE - LINDEROS - MAIPO - ALTO JAHUEL,AGUAS ANDINAS,Institucional,2,4247.51,5770.0,2020-03-01,BUIN - PAINE - LINDEROS - MAIPO - ALTO JAHUEL;AGUAS ANDINAS;Institucional
96,BUIN - PAINE - LINDEROS - MAIPO - ALTO JAHUEL,AGUAS ANDINAS,Institucional,3,2934.408,0.0,2020-04-01,BUIN - PAINE - LINDEROS - MAIPO - ALTO JAHUEL;AGUAS ANDINAS;Institucional
96,BUIN - PAINE - LINDEROS - MAIPO - ALTO JAHUEL,AGUAS ANDINAS,Institucional,4,2100.9038,4254.0,2020-05-01,BUIN - PAINE - LINDEROS - MAIPO - ALTO JAHUEL;AGUAS ANDINAS;Institucional
96,BUIN - PAINE - LINDEROS - MAIPO - ALTO JAHUEL,AGUAS ANDINAS,Institucional,5,1264.9062,0.0,2020-06-01,BUIN - PAINE - LINDEROS - MAIPO - ALTO JAHUEL;AGUAS ANDINAS;Institucional
96,BUIN - PAINE - LINDEROS - MAIPO - ALTO JAHUEL,AGUAS ANDINAS,Institucional,6,1126.9736,4024.0,2020-07-01,BUIN - PAINE - LINDEROS - MAIPO - ALTO JAHUEL;AGUAS ANDINAS;Institucional
96,BUIN - PAINE - LINDEROS - MAIPO - ALTO JAHUEL,AGUAS ANDINAS,Institucional,7,1597.3302,0.0,2020-08-01,BUIN - PAINE - LINDEROS - MAIPO - ALTO JAHUEL;AGUAS ANDINAS;Institucional
96,BUIN - PAINE - LINDEROS - MAIPO - ALTO JAHUEL,AGUAS ANDINAS,Institucional,8,2381.4297,4112.0,2020-09-01,BUIN - PAINE - LINDEROS - MAIPO - ALTO JAHUEL;AGUAS ANDINAS;Institucional
96,BUIN - PAINE - LINDEROS - MAIPO - ALTO JAHUEL,AGUAS ANDINAS,Institucional,9,2633.991,0.0,2020-10-01,BUIN - PAINE - LINDEROS - MAIPO - ALTO JAHUEL;AGUAS ANDINAS;Institucional
96,BUIN - PAINE - LINDEROS - MAIPO - ALTO JAHUEL,AGUAS ANDINAS,Institucional,10,3686.7932,4344.0,2020-11-01,BUIN - PAINE - LINDEROS - MAIPO - ALTO JAHUEL;AGUAS ANDINAS;Institucional
96,BUIN - PAINE - LINDEROS - MAIPO - ALTO JAHUEL,AGUAS ANDINAS,Institucional,11,4429.5537,0.0,2020-12-01,BUIN - PAINE - LINDEROS - MAIPO - ALTO JAHUEL;AGUAS ANDINAS;Institucional
96,BUIN - PAINE - LINDEROS - MAIPO - ALTO JAHUEL,AGUAS ANDINAS,Institucional,12,4540.7393,4769.0,2021-01-01,BUIN - PAINE - LINDEROS - MAIPO - ALTO JAHUEL;AGUAS ANDINAS;Institucional
96,BUIN - PAINE - LINDEROS - MAIPO - ALTO JAHUEL,AGUAS ANDINAS,Institucional,13,4550.8423,0.0,2021-02-01,BUIN - PAINE - LINDEROS - MAIPO - ALTO JAHUEL;AGUAS ANDINAS;Institucional
96,BUIN - PAINE - LINDEROS - MAIPO - ALTO JAHUEL,AGUAS ANDINAS,Institucional,14,4071.1184,5223.0,2021-03-01,BUIN - PAINE - LINDEROS - MAIPO - ALTO JAHUEL;AGUAS ANDINAS;Institucional
96,BUIN - PAINE - LINDEROS - MAIPO - ALTO JAHUEL,AGUAS ANDINAS,Institucional,15,2798.4143,0.0,2021-04-01,BUIN - PAINE - LINDEROS - MAIPO - ALTO JAHUEL;AGUAS ANDINAS;Institucional
96,BUIN - PAINE - LINDEROS - MAIPO - ALTO JAHUEL,AGUAS ANDINAS,Institucional,16,1880.6191,6592.0,2021-05-01,BUIN - PAINE - LINDEROS - MAIPO - ALTO JAHUEL;AGUAS ANDINAS;Institucional
96,BUIN - PAINE - LINDEROS - MAIPO - ALTO JAHUEL,AGUAS ANDINAS,Institucional,17,1316.0718,0.0,2021-06-01,BUIN - PAINE - LINDEROS - MAIPO - ALTO JAHUEL;AGUAS ANDINAS;Institucional
96,BUIN - PAINE - LINDEROS - MAIPO - ALTO JAHUEL,AGUAS ANDINAS,Institucional,18,1451.9226,4174.0,2021-07-01,BUIN - PAINE - LINDEROS - MAIPO - ALTO JAHUEL;AGUAS ANDINAS;Institucional
96,BUIN - PAINE - LINDEROS - MAIPO - ALTO JAHUEL,AGUAS ANDINAS,Institucional,19,2011.1448,0.0,2021-08-01,BUIN - PAINE - LINDEROS - MAIPO - ALTO JAHUEL;AGUAS ANDINAS;Institucional
96,BUIN - PAINE - LINDEROS - MAIPO - ALTO JAHUEL,AGUAS ANDINAS,Institucional,20,2683.687,5006.0,2021-09-01,BUIN - PAINE - LINDEROS - MAIPO - ALTO JAHUEL;AGUAS ANDINAS;Institucional
96,BUIN - PAINE - LINDEROS - MAIPO - ALTO JAHUEL,AGUAS ANDINAS,Institucional,21,2903.3809,0.0,2021-10-01,BUIN - PAINE - LINDEROS - MAIPO - ALTO JAHUEL;AGUAS ANDINAS;Institucional
96,BUIN - PAINE - LINDEROS - MAIPO - ALTO JAHUEL,AGUAS ANDINAS,Institucional,22,3782.5864,5064.0,2021-11-01,BUIN - PAINE - LINDEROS - MAIPO - ALTO JAHUEL;AGUAS ANDINAS;Institucional
96,BUIN - PAINE - LINDEROS - MAIPO - ALTO JAHUEL,AGUAS ANDINAS,Institucional,23,4376.1157,0.0,2021-12-01,BUIN - PAINE - LINDEROS - MAIPO - ALTO JAHUEL;AGUAS ANDINAS;Institucional
96,BUIN - PAINE - LINDEROS - MAIPO - ALTO JAHUEL,AGUAS ANDINAS,Institucional,24,4422.9463,5476.0,2022-01-01,BUIN - PAINE - LINDEROS - MAIPO - ALTO JAHUEL;AGUAS ANDINAS;Institucional
96,BUIN - PAINE - LINDEROS - MAIPO - ALTO JAHUEL,AGUAS ANDINAS,Institucional,25,4427.796,0.0,2022-02-01,BUIN - PAINE - LINDEROS - MAIPO - ALTO JAHUEL;AGUAS ANDINAS;Institucional
96,BUIN - PAINE - LINDEROS - MAIPO - ALTO JAHUEL,AGUAS ANDINAS,Institucional,26,3995.2397,5320.0,2022-03-01,BUIN - PAINE - LINDEROS - MAIPO - ALTO JAHUEL;AGUAS ANDINAS;Institucional
96,BUIN - PAINE - LINDEROS - MAIPO - ALTO JAHUEL,AGUAS ANDINAS,Institucional,27,2764.7107,0.0,2022-04-01,BUIN - PAINE - LINDEROS - MAIPO - ALTO JAHUEL;AGUAS ANDINAS;Institucional
96,BUIN - PAINE - LINDEROS - MAIPO - ALTO JAHUEL,AGUAS ANDINAS,Institucional,28,1943.9885,5206.0,2022-05-01,BUIN - PAINE - LINDEROS - MAIPO - ALTO JAHUEL;AGUAS ANDINAS;Institucional
96,BUIN - PAINE - LINDEROS - MAIPO - ALTO JAHUEL,AGUAS ANDINAS,Institucional,29,1501.408,0.0,2022-06-01,BUIN - PAINE - LINDEROS - MAIPO - ALTO JAHUEL;AGUAS ANDINAS;Institucional
96,BUIN - PAINE - LINDEROS - MAIPO - ALTO JAHUEL,AGUAS ANDINAS,Institucional,30,1833.3424,5012.0,2022-07-01,BUIN - PAINE - LINDEROS - MAIPO - ALTO JAHUEL;AGUAS ANDINAS;Institucional
96,BUIN - PAINE - LINDEROS - MAIPO - ALTO JAHUEL,AGUAS ANDINAS,Institucional,31,2358.4888,0.0,2022-08-01,BUIN - PAINE - LINDEROS - MAIPO - ALTO JAHUEL;AGUAS ANDINAS;Institucional
96,BUIN - PAINE - LINDEROS - MAIPO - ALTO JAHUEL,AGUAS ANDINAS,Institucional,32,2879.818,3664.0,2022-09-01,BUIN - PAINE - LINDEROS - MAIPO - ALTO JAHUEL;AGUAS ANDINAS;Institucional
96,BUIN - PAINE - LINDEROS - MAIPO - ALTO JAHUEL,AGUAS ANDINAS,Institucional,33,3075.1929,0.0,2022-10-01,BUIN - PAINE - LINDEROS - MAIPO - ALTO JAHUEL;AGUAS ANDINAS;Institucional
96,BUIN - PAINE - LINDEROS - MAIPO - ALTO JAHUEL,AGUAS ANDINAS,Institucional,34,3798.9062,4336.0,2022-11-01,BUIN - PAINE - LINDEROS - MAIPO - ALTO JAHUEL;AGUAS ANDINAS;Institucional
96,BUIN - PAINE - LINDEROS - MAIPO - ALTO JAHUEL,AGUAS ANDINAS,Institucional,35,4294.0938,0.0,2022-12-01,BUIN - PAINE - LINDEROS - MAIPO - ALTO JAHUEL;AGUAS ANDINAS;Institucional
96,BUIN - PAINE - LINDEROS - MAIPO - ALTO JAHUEL,AGUAS ANDINAS,Institucional,36,4325.589,4260.0,2023-01-01,BUIN - PAINE - LINDEROS - MAIPO - ALTO JAHUEL;AGUAS ANDINAS;Institucional
96,BUIN - PAINE - LINDEROS - MAIPO - ALTO JAHUEL,AGUAS ANDINAS,Institucional,37,4317.707,0.0,2023-02-01,BUIN - PAINE - LINDEROS - MAIPO - ALTO JAHUEL;AGUAS ANDINAS;Institucional
96,BUIN - PAINE - LINDEROS - MAIPO - ALTO JAHUEL,AGUAS ANDINAS,Institucional,38,3943.1191,4457.0,2023-03-01,BUIN - PAINE - LINDEROS - MAIPO - ALTO JAHUEL;AGUAS ANDINAS;Institucional
96,BUIN - PAINE - LINDEROS - MAIPO - ALTO JAHUEL,AGUAS ANDINAS,Institucional,39,2808.3933,0.0,2023-04-01,BUIN - PAINE - LINDEROS - MAIPO - ALTO JAHUEL;AGUAS ANDINAS;Institucional
96,BUIN - PAINE - LINDEROS - MAIPO - ALTO JAHUEL,AGUAS ANDINAS,Institucional,40,2104.2422,3632.0,2023-05-01,BUIN - PAINE - LINDEROS - MAIPO - ALTO JAHUEL;AGUAS ANDINAS;Institucional
96,BUIN - PAINE - LINDEROS - MAIPO - ALTO JAHUEL,AGUAS ANDINAS,Institucional,41,1733.0692,0.0,2023-06-01,BUIN - PAINE - LINDEROS - MAIPO - ALTO JAHUEL;AGUAS ANDINAS;Institucional
96,BUIN - PAINE - LINDEROS - MAIPO - ALTO JAHUEL,AGUAS ANDINAS,Institucional,42,2178.426,4593.0,2023-07-01,BUIN - PAINE - LINDEROS - MAIPO - ALTO JAHUEL;AGUAS ANDINAS;Institucional
96,BUIN - PAINE - LINDEROS - MAIPO - ALTO JAHUEL,AGUAS ANDINAS,Institucional,43,2594.483,0.0,2023-08-01,BUIN - PAINE - LINDEROS - MAIPO - ALTO JAHUEL;AGUAS ANDINAS;Institucional
96,BUIN - PAINE - LINDEROS - MAIPO - ALTO JAHUEL,AGUAS ANDINAS,Institucional,44,2991.795,5273.0,2023-09-01,BUIN - PAINE - LINDEROS - MAIPO - ALTO JAHUEL;AGUAS ANDINAS;Institucional
96,BUIN - PAINE - LINDEROS - MAIPO - ALTO JAHUEL,AGUAS ANDINAS,Institucional,45,3166.557,0.0,2023-10-01,BUIN - PAINE - LINDEROS - MAIPO - ALTO JAHUEL;AGUAS ANDINAS;Institucional
96,BUIN - PAINE - LINDEROS - MAIPO - ALTO JAHUEL,AGUAS ANDINAS,Institucional,46,3785.6328,5179.0,2023-11-01,BUIN - PAINE - LINDEROS - MAIPO - ALTO JAHUEL;AGUAS ANDINAS;Institucional
96,BUIN - PAINE - LINDEROS - MAIPO - ALTO JAHUEL,AGUAS ANDINAS,Institucional,47,4222.86,0.0,2023-12-01,BUIN - PAINE - LINDEROS - MAIPO - ALTO JAHUEL;AGUAS ANDINAS;Institucional
96,BUIN - PAINE - LINDEROS - MAIPO - ALTO JAHUEL,AGUAS ANDINAS,Institucional,48,4266.493,4602.0,2024-01-01,BUIN - PAINE - LINDEROS - MAIPO - ALTO JAHUEL;AGUAS ANDINAS;Institucional
96,BUIN - PAINE - LINDEROS - MAIPO - ALTO JAHUEL,AGUAS ANDINAS,Institucional,49,4221.9775,0.0,2024-02-01,BUIN - PAINE - LINDEROS - MAIPO - ALTO JAHUEL;AGUAS ANDINAS;Institucional
96,BUIN - PAINE - LINDEROS - MAIPO - ALTO JAHUEL,AGUAS ANDINAS,Institucional,50,3901.3354,3947.0,2024-03-01,BUIN - PAINE - LINDEROS - MAIPO - ALTO JAHUEL;AGUAS ANDINAS;Institucional
96,BUIN - PAINE - LINDEROS - MAIPO - ALTO JAHUEL,AGUAS ANDINAS,Institucional,51,2897.8506,0.0,2024-04-01,BUIN - PAINE - LINDEROS - MAIPO - ALTO JAHUEL;AGUAS ANDINAS;Institucional
96,BUIN - PAINE - LINDEROS - MAIPO - ALTO JAHUEL,AGUAS ANDINAS,Institucional,52,2297.3508,4132.0,2024-05-01,BUIN - PAINE - LINDEROS - MAIPO - ALTO JAHUEL;AGUAS ANDINAS;Institucional
96,BUIN - PAINE - LINDEROS - MAIPO - ALTO JAHUEL,AGUAS ANDINAS,Institucional,53,1983.2026,0.0,2024-06-01,BUIN - PAINE - LINDEROS - MAIPO - ALTO JAHUEL;AGUAS ANDINAS;Institucional
96,BUIN - PAINE - LINDEROS - MAIPO - ALTO JAHUEL,AGUAS ANDINAS,Institucional,54,2440.3354,4375.0,2024-07-01,BUIN - PAINE - LINDEROS - MAIPO - ALTO JAHUEL;AGUAS ANDINAS;Institucional
96,BUIN - PAINE - LINDEROS - MAIPO - ALTO JAHUEL,AGUAS ANDINAS,Institucional,55,2733.5845,0.0,2024-08-01,BUIN - PAINE - LINDEROS - MAIPO - ALTO JAHUEL;AGUAS ANDINAS;Institucional
96,BUIN - PAINE - LINDEROS - MAIPO - ALTO JAHUEL,AGUAS ANDINAS,Institucional,56,3045.6191,3542.0,2024-09-01,BUIN - PAINE - LINDEROS - MAIPO - ALTO JAHUEL;AGUAS ANDINAS;Institucional
96,BUIN - PAINE - LINDEROS - MAIPO - ALTO JAHUEL,AGUAS ANDINAS,Institucional,57,3207.446,0.0,2024-10-01,BUIN - PAINE - LINDEROS - MAIPO - ALTO JAHUEL;AGUAS ANDINAS;Institucional
96,BUIN - PAINE - LINDEROS - MAIPO - ALTO JAHUEL,AGUAS ANDINAS,Institucional,58,3764.6104,4067.0,2024-11-01,BUIN - PAINE - LINDEROS - MAIPO - ALTO JAHUEL;AGUAS ANDINAS;Institucional
96,BUIN - PAINE - LINDEROS - MAIPO - ALTO JAHUEL,AGUAS ANDINAS,Institucional,59,4179.6606,0.0,2024-12-01,BUIN - PAINE - LINDEROS - MAIPO - ALTO JAHUEL;AGUAS ANDINAS;Institucional
96,BUIN - PAINE - LINDEROS - MAIPO - ALTO JAHUEL,AGUAS ANDINAS,No Asociado a Inmueble,0,36767.28,40222.22,2020-01-01,BUIN - PAINE - LINDEROS - MAIPO - ALTO JAHUEL;AGUAS ANDINAS;No Asociado a Inmueble
96,BUIN - PAINE - LINDEROS - MAIPO - ALTO JAHUEL,AGUAS ANDINAS,No Asociado a Inmueble,1,36817.617,44290.12,2020-02-01,BUIN - PAINE - LINDEROS - MAIPO - ALTO JAHUEL;AGUAS ANDINAS;No Asociado a Inmueble
96,BUIN - PAINE - LINDEROS - MAIPO - ALTO JAHUEL,AGUAS ANDINAS,No Asociado a Inmueble,2,37100.75,46175.26,2020-03-01,BUIN - PAINE - LINDEROS - MAIPO - ALTO JAHUEL;AGUAS ANDINAS;No Asociado a Inmueble
96,BUIN - PAINE - LINDEROS - MAIPO - ALTO JAHUEL,AGUAS ANDINAS,No Asociado a Inmueble,3,30298.379,40271.23,2020-04-01,BUIN - PAINE - LINDEROS - MAIPO - ALTO JAHUEL;AGUAS ANDINAS;No Asociado a Inmueble
96,BUIN - PAINE - LINDEROS - MAIPO - ALTO JAHUEL,AGUAS ANDINAS,No Asociado a Inmueble,4,23841.6,30633.09,2020-05-01,BUIN - PAINE - LINDEROS - MAIPO - ALTO JAHUEL;AGUAS ANDINAS;No Asociado a Inmueble
96,BUIN - PAINE - LINDEROS - MAIPO - ALTO JAHUEL,AGUAS ANDINAS,No Asociado a Inmueble,5,16946.67,29705.13,2020-06-01,BUIN - PAINE - LINDEROS - MAIPO - ALTO JAHUEL;AGUAS ANDINAS;No Asociado a Inmueble
96,BUIN - PAINE - LINDEROS - MAIPO - ALTO JAHUEL,AGUAS ANDINAS,No Asociado a Inmueble,6,15727.17,20753.66,2020-07-01,BUIN - PAINE - LINDEROS - MAIPO - ALTO JAHUEL;AGUAS ANDINAS;No Asociado a Inmueble
96,BUIN - PAINE - LINDEROS - MAIPO - ALTO JAHUEL,AGUAS ANDINAS,No Asociado a Inmueble,7,18085.3,20954.09,2020-08-01,BUIN - PAINE - LINDEROS - MAIPO - ALTO JAHUEL;AGUAS ANDINAS;No Asociado a Inmueble
96,BUIN - PAINE - LINDEROS - MAIPO - ALTO JAHUEL,AGUAS ANDINAS,No Asociado a Inmueble,8,23095.781,25031.49,2020-09-01,BUIN - PAINE - LINDEROS - MAIPO - ALTO JAHUEL;AGUAS ANDINAS;No Asociado a Inmueble
96,BUIN - PAINE - LINDEROS - MAIPO - ALTO JAHUEL,AGUAS ANDINAS,No Asociado a Inmueble,9,23806.98,30248.81,2020-10-01,BUIN - PAINE - LINDEROS - MAIPO - ALTO JAHUEL;AGUAS ANDINAS;No Asociado a Inmueble
96,BUIN - PAINE - LINDEROS - MAIPO - ALTO JAHUEL,AGUAS ANDINAS,No Asociado a Inmueble,10,30571.412,36961.63,2020-11-01,BUIN - PAINE - LINDEROS - MAIPO - ALTO JAHUEL;AGUAS ANDINAS;No Asociado a Inmueble
96,BUIN - PAINE - LINDEROS - MAIPO - ALTO JAHUEL,AGUAS ANDINAS,No Asociado a Inmueble,11,35753.87,42759.48,2020-12-01,BUIN - PAINE - LINDEROS - MAIPO - ALTO JAHUEL;AGUAS ANDINAS;No Asociado a Inmueble
96,BUIN - PAINE - LINDEROS - MAIPO - ALTO JAHUEL,AGUAS ANDINAS,No Asociado a Inmueble,12,37325.016,49203.89,2021-01-01,BUIN - PAINE - LINDEROS - MAIPO - ALTO JAHUEL;AGUAS ANDINAS;No Asociado a Inmueble
96,BUIN - PAINE - LINDEROS - MAIPO - ALTO JAHUEL,AGUAS ANDINAS,No Asociado a Inmueble,13,36947.33,46504.53,2021-02-01,BUIN - PAINE - LINDEROS - MAIPO - ALTO JAHUEL;AGUAS ANDINAS;No Asociado a Inmueble
96,BUIN - PAINE - LINDEROS - MAIPO - ALTO JAHUEL,AGUAS ANDINAS,No Asociado a Inmueble,14,36063.035,42420.02,2021-03-01,BUIN - PAINE - LINDEROS - MAIPO - ALTO JAHUEL;AGUAS ANDINAS;No Asociado a Inmueble
96,BUIN - PAINE - LINDEROS - MAIPO - ALTO JAHUEL,AGUAS ANDINAS,No Asociado a Inmueble,15,29673.578,40998.22,2021-04-01,BUIN - PAINE - LINDEROS - MAIPO - ALTO JAHUEL;AGUAS ANDINAS;No Asociado a Inmueble
96,BUIN - PAINE - LINDEROS - MAIPO - ALTO JAHUEL,AGUAS ANDINAS,No Asociado a Inmueble,16,22451.967,35326.53,2021-05-01,BUIN - PAINE - LINDEROS - MAIPO - ALTO JAHUEL;AGUAS ANDINAS;No Asociado a Inmueble
96,BUIN - PAINE - LINDEROS - MAIPO - ALTO JAHUEL,AGUAS ANDINAS,No Asociado a Inmueble,17,17337.785,30639.48,2021-06-01,BUIN - PAINE - LINDEROS - MAIPO - ALTO JAHUEL;AGUAS ANDINAS;No Asociado a Inmueble
96,BUIN - PAINE - LINDEROS - MAIPO - ALTO JAHUEL,AGUAS ANDINAS,No Asociado a Inmueble,18,18056.02,26277.14,2021-07-01,BUIN - PAINE - LINDEROS - MAIPO - ALTO JAHUEL;AGUAS ANDINAS;No Asociado a Inmueble
96,BUIN - PAINE - LINDEROS - MAIPO - ALTO JAHUEL,AGUAS ANDINAS,No Asociado a Inmueble,19,21218.857,29731.34,2021-08-01,BUIN - PAINE - LINDEROS - MAIPO - ALTO JAHUEL;AGUAS ANDINAS;No Asociado a Inmueble
96,BUIN - PAINE - LINDEROS - MAIPO - ALTO JAHUEL,AGUAS ANDINAS,No Asociado a Inmueble,20,25842.46,24071.79,2021-09-01,BUIN - PAINE - LINDEROS - MAIPO - ALTO JAHUEL;AGUAS ANDINAS;No Asociado a Inmueble
96,BUIN - PAINE - LINDEROS - MAIPO - ALTO JAHUEL,AGUAS ANDINAS,No Asociado a Inmueble,21,26079.477,29596.4,2021-10-01,BUIN - PAINE - LINDEROS - MAIPO - ALTO JAHUEL;AGUAS ANDINAS;No Asociado a Inmueble
96,BUIN - PAINE - LINDEROS - MAIPO - ALTO JAHUEL,AGUAS ANDINAS,No Asociado a Inmueble,22,32569.86,42254.7,2021-11-01,BUIN - PAINE - LINDEROS - MAIPO - ALTO JAHUEL;AGUAS ANDINAS;No Asociado a Inmueble
96,BUIN - PAINE - LINDEROS - MAIPO - ALTO JAHUEL,AGUAS ANDINAS,No Asociado a Inmueble,23,36254.797,42135.12,2021-12-01,BUIN - PAINE - LINDEROS - MAIPO - ALTO JAHUEL;AGUAS ANDINAS;No Asociado a Inmueble
96,BUIN - PAINE - LINDEROS - MAIPO - ALTO JAHUEL,AGUAS ANDINAS,No Asociado a Inmueble,24,37711.945,46063.43,2022-01-01,BUIN - PAINE - LINDEROS - MAIPO - ALTO JAHUEL;AGUAS ANDINAS;No Asociado a Inmueble
96,BUIN - PAINE - LINDEROS - MAIPO - ALTO JAHUEL,AGUAS ANDINAS,No Asociado a Inmueble,25,37025.594,48770.53,2022-02-01,BUIN - PAINE - LINDEROS - MAIPO - ALTO JAHUEL;AGUAS ANDINAS;No Asociado a Inmueble
96,BUIN - PAINE - LINDEROS - MAIPO - ALTO JAHUEL,AGUAS ANDINAS,No Asociado a Inmueble,26,35546.67,46756.67,2022-03-01,BUIN - PAINE - LINDEROS - MAIPO - ALTO JAHUEL;AGUAS ANDINAS;No Asociado a Inmueble
96,BUIN - PAINE - LINDEROS - MAIPO - ALTO JAHUEL,AGUAS ANDINAS,No Asociado a Inmueble,27,29445.797,39123.51,2022-04-01,BUIN - PAINE - LINDEROS - MAIPO - ALTO JAHUEL;AGUAS ANDINAS;No Asociado a Inmueble
96,BUIN - PAINE - LINDEROS - MAIPO - ALTO JAHUEL,AGUAS ANDINAS,No Asociado a Inmueble,28,22835.654,42330.22,2022-05-01,BUIN - PAINE - LINDEROS - MAIPO - ALTO JAHUEL;AGUAS ANDINAS;No Asociado a Inmueble
96,BUIN - PAINE - LINDEROS - MAIPO - ALTO JAHUEL,AGUAS ANDINAS,No Asociado a Inmueble,29,18923.74,25185.11,2022-06-01,BUIN - PAINE - LINDEROS - MAIPO - ALTO JAHUEL;AGUAS ANDINAS;No Asociado a Inmueble
96,BUIN - PAINE - LINDEROS - MAIPO - ALTO JAHUEL,AGUAS ANDINAS,No Asociado a Inmueble,30,21116.99,23011.31,2022-07-01,BUIN - PAINE - LINDEROS - MAIPO - ALTO JAHUEL;AGUAS ANDINAS;No Asociado a Inmueble
96,BUIN - PAINE - LINDEROS - MAIPO - ALTO JAHUEL,AGUAS ANDINAS,No Asociado a Inmueble,31,24426.46,24727.58,2022-08-01,BUIN - PAINE - LINDEROS - MAIPO - ALTO JAHUEL;AGUAS ANDINAS;No Asociado a Inmueble
96,BUIN - PAINE - LINDEROS - MAIPO - ALTO JAHUEL,AGUAS ANDINAS,No Asociado a Inmueble,32,27949.586,27974.78,2022-09-01,BUIN - PAINE - LINDEROS - MAIPO - ALTO JAHUEL;AGUAS ANDINAS;No Asociado a Inmueble
96,BUIN - PAINE - LINDEROS - MAIPO - ALTO JAHUEL,AGUAS ANDINAS,No Asociado a Inmueble,33,28094.57,32720.88,2022-10-01,BUIN - PAINE - LINDEROS - MAIPO - ALTO JAHUEL;AGUAS ANDINAS;No Asociado a Inmueble
96,BUIN - PAINE - LINDEROS - MAIPO - ALTO JAHUEL,AGUAS ANDINAS,No Asociado a Inmueble,34,33492.555,40411.29,2022-11-01,BUIN - PAINE - LINDEROS - MAIPO - ALTO JAHUEL;AGUAS ANDINAS;No Asociado a Inmueble
96,BUIN - PAINE - LINDEROS - MAIPO - ALTO JAHUEL,AGUAS ANDINAS,No Asociado a Inmueble,35,36598.188,51800.12,2022-12-01,BUIN - PAINE - LINDEROS - MAIPO - ALTO JAHUEL;AGUAS ANDINAS;No Asociado a Inmueble
96,BUIN - PAINE - LINDEROS - MAIPO - ALTO JAHUEL,AGUAS ANDINAS,No Asociado a Inmueble,36,38097.08,51052.76,2023-01-01,BUIN - PAINE - LINDEROS - MAIPO - ALTO JAHUEL;AGUAS ANDINAS;No Asociado a Inmueble
96,BUIN - PAINE - LINDEROS - MAIPO - ALTO JAHUEL,AGUAS ANDINAS,No Asociado a Inmueble,37,37334.508,54444.21,2023-02-01,BUIN - PAINE - LINDEROS - MAIPO - ALTO JAHUEL;AGUAS ANDINAS;No Asociado a Inmueble
96,BUIN - PAINE - LINDEROS - MAIPO - ALTO JAHUEL,AGUAS ANDINAS,No Asociado a Inmueble,38,35545.176,55858.3,2023-03-01,BUIN - PAINE - LINDEROS - MAIPO - ALTO JAHUEL;AGUAS ANDINAS;No Asociado a Inmueble
96,BUIN - PAINE - LINDEROS - MAIPO - ALTO JAHUEL,AGUAS ANDINAS,No Asociado a Inmueble,39,29671.2,52769.47,2023-04-01,BUIN - PAINE - LINDEROS - MAIPO - ALTO JAHUEL;AGUAS ANDINAS;No Asociado a Inmueble
96,BUIN - PAINE - LINDEROS - MAIPO - ALTO JAHUEL,AGUAS ANDINAS,No Asociado a Inmueble,40,24255.043,34668.14,2023-05-01,BUIN - PAINE - LINDEROS - MAIPO - ALTO JAHUEL;AGUAS ANDINAS;No Asociado a Inmueble
96,BUIN - PAINE - LINDEROS - MAIPO - ALTO JAHUEL,AGUAS ANDINAS,No Asociado a Inmueble,41,21036.729,35194.44,2023-06-01,BUIN - PAINE - LINDEROS - MAIPO - ALTO JAHUEL;AGUAS ANDINAS;No Asociado a Inmueble
96,BUIN - PAINE - LINDEROS - MAIPO - ALTO JAHUEL,AGUAS ANDINAS,No Asociado a Inmueble,42,24062.766,27941.03,2023-07-01,BUIN - PAINE - LINDEROS - MAIPO - ALTO JAHUEL;AGUAS ANDINAS;No Asociado a Inmueble
96,BUIN - PAINE - LINDEROS - MAIPO - ALTO JAHUEL,AGUAS ANDINAS,No Asociado a Inmueble,43,26857.451,28153.04,2023-08-01,BUIN - PAINE - LINDEROS - MAIPO - ALTO JAHUEL;AGUAS ANDINAS;No Asociado a Inmueble
96,BUIN - PAINE - LINDEROS - MAIPO - ALTO JAHUEL,AGUAS ANDINAS,No Asociado a Inmueble,44,29304.844,25176.62,2023-09-01,BUIN - PAINE - LINDEROS - MAIPO - ALTO JAHUEL;AGUAS ANDINAS;No Asociado a Inmueble
96,BUIN - PAINE - LINDEROS - MAIPO - ALTO JAHUEL,AGUAS ANDINAS,No Asociado a Inmueble,45,29483.297,26808.79,2023-10-01,BUIN - PAINE - LINDEROS - MAIPO - ALTO JAHUEL;AGUAS ANDINAS;No Asociado a Inmueble
96,BUIN - PAINE - LINDEROS - MAIPO - ALTO JAHUEL,AGUAS ANDINAS,No Asociado a Inmueble,46,33896.062,34553.67,2023-11-01,BUIN - PAINE - LINDEROS - MAIPO - ALTO JAHUEL;AGUAS ANDINAS;No Asociado a Inmueble
96,BUIN - PAINE - LINDEROS - MAIPO - ALTO JAHUEL,AGUAS ANDINAS,No Asociado a Inmueble,47,36874.742,42227.98,2023-12-01,BUIN - PAINE - LINDEROS - MAIPO - ALTO JAHUEL;AGUAS ANDINAS;No Asociado a Inmueble
96,BUIN - PAINE - LINDEROS - MAIPO - ALTO JAHUEL,AGUAS ANDINAS,No Asociado a Inmueble,48,38379.39,47919.02,2024-01-01,BUIN - PAINE - LINDEROS - MAIPO - ALTO JAHUEL;AGUAS ANDINAS;No Asociado a Inmueble
96,BUIN - PAINE - LINDEROS - MAIPO - ALTO JAHUEL,AGUAS ANDINAS,No Asociado a Inmueble,49,37757.95,50856.07,2024-02-01,BUIN - PAINE - LINDEROS - MAIPO - ALTO JAHUEL;AGUAS ANDINAS;No Asociado a Inmueble
96,BUIN - PAINE - LINDEROS - MAIPO - ALTO JAHUEL,AGUAS ANDINAS,No Asociado a Inmueble,50,35922.594,49085.12,2024-03-01,BUIN - PAINE - LINDEROS - MAIPO - ALTO JAHUEL;AGUAS ANDINAS;No Asociado a Inmueble
96,BUIN - PAINE - LINDEROS - MAIPO - ALTO JAHUEL,AGUAS ANDINAS,No Asociado a Inmueble,51,30276.924,44251.85,2024-04-01,BUIN - PAINE - LINDEROS - MAIPO - ALTO JAHUEL;AGUAS ANDINAS;No Asociado a Inmueble
96,BUIN - PAINE - LINDEROS - MAIPO - ALTO JAHUEL,AGUAS ANDINAS,No Asociado a Inmueble,52,25998.018,40876.22,2024-05-01,BUIN - PAINE - LINDEROS - MAIPO - ALTO JAHUEL;AGUAS ANDINAS;No Asociado a Inmueble
96,BUIN - PAINE - LINDEROS - MAIPO - ALTO JAHUEL,AGUAS ANDINAS,No Asociado a Inmueble,53,23254.434,28052.56,2024-06-01,BUIN - PAINE - LINDEROS - MAIPO - ALTO JAHUEL;AGUAS ANDINAS;No Asociado a Inmueble
96,BUIN - PAINE - LINDEROS - MAIPO - ALTO JAHUEL,AGUAS ANDINAS,No Asociado a Inmueble,54,26450.402,30799.57,2024-07-01,BUIN - PAINE - LINDEROS - MAIPO - ALTO JAHUEL;AGUAS ANDINAS;No Asociado a Inmueble
96,BUIN - PAINE - LINDEROS - MAIPO - ALTO JAHUEL,AGUAS ANDINAS,No Asociado a Inmueble,55,28409.746,35939.78,2024-08-01,BUIN - PAINE - LINDEROS - MAIPO - ALTO JAHUEL;AGUAS ANDINAS;No Asociado a Inmueble
96,BUIN - PAINE - LINDEROS - MAIPO - ALTO JAHUEL,AGUAS ANDINAS,No Asociado a Inmueble,56,30091.11,29693.95,2024-09-01,BUIN - PAINE - LINDEROS - MAIPO - ALTO JAHUEL;AGUAS ANDINAS;No Asociado a Inmueble
96,BUIN - PAINE - LINDEROS - MAIPO - ALTO JAHUEL,AGUAS ANDINAS,No Asociado a Inmueble,57,30247.387,35538.54,2024-10-01,BUIN - PAINE - LINDEROS - MAIPO - ALTO JAHUEL;AGUAS ANDINAS;No Asociado a Inmueble
96,BUIN - PAINE - LINDEROS - MAIPO - ALTO JAHUEL,AGUAS ANDINAS,No Asociado a Inmueble,58,34018.586,42948.31,2024-11-01,BUIN - PAINE - LINDEROS - MAIPO - ALTO JAHUEL;AGUAS ANDINAS;No Asociado a Inmueble
96,BUIN - PAINE - LINDEROS - MAIPO - ALTO JAHUEL,AGUAS ANDINAS,No Asociado a Inmueble,59,37037.23,46995.65,2024-12-01,BUIN - PAINE - LINDEROS - MAIPO - ALTO JAHUEL;AGUAS ANDINAS;No Asociado a Inmueble
96,BUIN - PAINE - LINDEROS - MAIPO - ALTO JAHUEL,AGUAS ANDINAS,Residencial,0,701727.9,722825.94,2020-01-01,BUIN - PAINE - LINDEROS - MAIPO - ALTO JAHUEL;AGUAS ANDINAS;Residencial
96,BUIN - PAINE - LINDEROS - MAIPO - ALTO JAHUEL,AGUAS ANDINAS,Residencial,1,695731.9,716064.75,2020-02-01,BUIN - PAINE - LINDEROS - MAIPO - ALTO JAHUEL;AGUAS ANDINAS;Residencial
96,BUIN - PAINE - LINDEROS - MAIPO - ALTO JAHUEL,AGUAS ANDINAS,Residencial,2,658989.6,674158.0,2020-03-01,BUIN - PAINE - LINDEROS - MAIPO - ALTO JAHUEL;AGUAS ANDINAS;Residencial
96,BUIN - PAINE - LINDEROS - MAIPO - ALTO JAHUEL,AGUAS ANDINAS,Residencial,3,599190.1,653501.9,2020-04-01,BUIN - PAINE - LINDEROS - MAIPO - ALTO JAHUEL;AGUAS ANDINAS;Residencial
96,BUIN - PAINE - LINDEROS - MAIPO - ALTO JAHUEL,AGUAS ANDINAS,Residencial,4,559300.7,628048.5,2020-05-01,BUIN - PAINE - LINDEROS - MAIPO - ALTO JAHUEL;AGUAS ANDINAS;Residencial
96,BUIN - PAINE - LINDEROS - MAIPO - ALTO JAHUEL,AGUAS ANDINAS,Residencial,5,529428.56,601517.0,2020-06-01,BUIN - PAINE - LINDEROS - MAIPO - ALTO JAHUEL;AGUAS ANDINAS;Residencial
96,BUIN - PAINE - LINDEROS - MAIPO - ALTO JAHUEL,AGUAS ANDINAS,Residencial,6,529913.44,574308.75,2020-07-01,BUIN - PAINE - LINDEROS - MAIPO - ALTO JAHUEL;AGUAS ANDINAS;Residencial
96,BUIN - PAINE - LINDEROS - MAIPO - ALTO JAHUEL,AGUAS ANDINAS,Residencial,7,555360.94,585917.7,2020-08-01,BUIN - PAINE - LINDEROS - MAIPO - ALTO JAHUEL;AGUAS ANDINAS;Residencial
96,BUIN - PAINE - LINDEROS - MAIPO - ALTO JAHUEL,AGUAS ANDINAS,Residencial,8,596553.06,603797.8,2020-09-01,BUIN - PAINE - LINDEROS - MAIPO - ALTO JAHUEL;AGUAS ANDINAS;Residencial
96,BUIN - PAINE - LINDEROS - MAIPO - ALTO JAHUEL,AGUAS ANDINAS,Residencial,9,609165.6,646496.0,2020-10-01,BUIN - PAINE - LINDEROS - MAIPO - ALTO JAHUEL;AGUAS ANDINAS;Residencial
96,BUIN - PAINE - LINDEROS - MAIPO - ALTO JAHUEL,AGUAS ANDINAS,Residencial,10,656872.1,707857.0,2020-11-01,BUIN - PAINE - LINDEROS - MAIPO - ALTO JAHUEL;AGUAS ANDINAS;Residencial
96,BUIN - PAINE - LINDEROS - MAIPO - ALTO JAHUEL,AGUAS ANDINAS,Residencial,11,689583.94,705124.4,2020-12-01,BUIN - PAINE - LINDEROS - MAIPO - ALTO JAHUEL;AGUAS ANDINAS;Residencial
96,BUIN - PAINE - LINDEROS - MAIPO - ALTO JAHUEL,AGUAS ANDINAS,Residencial,12,702106.2,757682.6,2021-01-01,BUIN - PAINE - LINDEROS - MAIPO - ALTO JAHUEL;AGUAS ANDINAS;Residencial
96,BUIN - PAINE - LINDEROS - MAIPO - ALTO JAHUEL,AGUAS ANDINAS,Residencial,13,697266.9,733499.44,2021-02-01,BUIN - PAINE - LINDEROS - MAIPO - ALTO JAHUEL;AGUAS ANDINAS;Residencial
96,BUIN - PAINE - LINDEROS - MAIPO - ALTO JAHUEL,AGUAS ANDINAS,Residencial,14,666364.75,717043.44,2021-03-01,BUIN - PAINE - LINDEROS - MAIPO - ALTO JAHUEL;AGUAS ANDINAS;Residencial
96,BUIN - PAINE - LINDEROS - MAIPO - ALTO JAHUEL,AGUAS ANDINAS,Residencial,15,597281.06,702337.8,2021-04-01,BUIN - PAINE - LINDEROS - MAIPO - ALTO JAHUEL;AGUAS ANDINAS;Residencial
96,BUIN - PAINE - LINDEROS - MAIPO - ALTO JAHUEL,AGUAS ANDINAS,Residencial,16,560409.75,658245.0,2021-05-01,BUIN - PAINE - LINDEROS - MAIPO - ALTO JAHUEL;AGUAS ANDINAS;Residencial
96,BUIN - PAINE - LINDEROS - MAIPO - ALTO JAHUEL,AGUAS ANDINAS,Residencial,17,542280.44,647464.5,2021-06-01,BUIN - PAINE - LINDEROS - MAIPO - ALTO JAHUEL;AGUAS ANDINAS;Residencial
96,BUIN - PAINE - LINDEROS - MAIPO - ALTO JAHUEL,AGUAS ANDINAS,Residencial,18,551076.8,636654.3,2021-07-01,BUIN - PAINE - LINDEROS - MAIPO - ALTO JAHUEL;AGUAS ANDINAS;Residencial
96,BUIN - PAINE - LINDEROS - MAIPO - ALTO JAHUEL,AGUAS ANDINAS,Residencial,19,583896.0,639743.56,2021-08-01,BUIN - PAINE - LINDEROS - MAIPO - ALTO JAHUEL;AGUAS ANDINAS;Residencial
96,BUIN - PAINE - LINDEROS - MAIPO - ALTO JAHUEL,AGUAS ANDINAS,Residencial,20,615279.3,626104.94,2021-09-01,BUIN - PAINE - LINDEROS - MAIPO - ALTO JAHUEL;AGUAS ANDINAS;Residencial
96,BUIN - PAINE - LINDEROS - MAIPO - ALTO JAHUEL,AGUAS ANDINAS,Residencial,21,626591.75,661233.56,2021-10-01,BUIN - PAINE - LINDEROS - MAIPO - ALTO JAHUEL;AGUAS ANDINAS;Residencial
96,BUIN - PAINE - LINDEROS - MAIPO - ALTO JAHUEL,AGUAS ANDINAS,Residencial,22,666877.25,711472.1,2021-11-01,BUIN - PAINE - LINDEROS - MAIPO - ALTO JAHUEL;AGUAS ANDINAS;Residencial
96,BUIN - PAINE - LINDEROS - MAIPO - ALTO JAHUEL,AGUAS ANDINAS,Residencial,23,692132.4,739149.75,2021-12-01,BUIN - PAINE - LINDEROS - MAIPO - ALTO JAHUEL;AGUAS ANDINAS;Residencial
96,BUIN - PAINE - LINDEROS - MAIPO - ALTO JAHUEL,AGUAS ANDINAS,Residencial,24,702225.4,738600.4,2022-01-01,BUIN - PAINE - LINDEROS - MAIPO - ALTO JAHUEL;AGUAS ANDINAS;Residencial
96,BUIN - PAINE - LINDEROS - MAIPO - ALTO JAHUEL,AGUAS ANDINAS,Residencial,25,697438.4,707279.44,2022-02-01,BUIN - PAINE - LINDEROS - MAIPO - ALTO JAHUEL;AGUAS ANDINAS;Residencial
96,BUIN - PAINE - LINDEROS - MAIPO - ALTO JAHUEL,AGUAS ANDINAS,Residencial,26,673326.06,743918.7,2022-03-01,BUIN - PAINE - LINDEROS - MAIPO - ALTO JAHUEL;AGUAS ANDINAS;Residencial
96,BUIN - PAINE - LINDEROS - MAIPO - ALTO JAHUEL,AGUAS ANDINAS,Residencial,27,603924.6,698131.56,2022-04-01,BUIN - PAINE - LINDEROS - MAIPO - ALTO JAHUEL;AGUAS ANDINAS;Residencial
96,BUIN - PAINE - LINDEROS - MAIPO - ALTO JAHUEL,AGUAS ANDINAS,Residencial,28,571638.75,642824.2,2022-05-01,BUIN - PAINE - LINDEROS - MAIPO - ALTO JAHUEL;AGUAS ANDINAS;Residencial
96,BUIN - PAINE - LINDEROS - MAIPO - ALTO JAHUEL,AGUAS ANDINAS,Residencial,29,555958.9,632002.5,2022-06-01,BUIN - PAINE - LINDEROS - MAIPO - ALTO JAHUEL;AGUAS ANDINAS;Residencial
96,BUIN - PAINE - LINDEROS - MAIPO - ALTO JAHUEL,AGUAS ANDINAS,Residencial,30,574192.9,620361.06,2022-07-01,BUIN - PAINE - LINDEROS - MAIPO - ALTO JAHUEL;AGUAS ANDINAS;Residencial
96,BUIN - PAINE - LINDEROS - MAIPO - ALTO JAHUEL,AGUAS ANDINAS,Residencial,31,604321.06,614442.44,2022-08-01,BUIN - PAINE - LINDEROS - MAIPO - ALTO JAHUEL;AGUAS ANDINAS;Residencial
96,BUIN - PAINE - LINDEROS - MAIPO - ALTO JAHUEL,AGUAS ANDINAS,Residencial,32,627771.5,611249.0,2022-09-01,BUIN - PAINE - LINDEROS - MAIPO - ALTO JAHUEL;AGUAS ANDINAS;Residencial
96,BUIN - PAINE - LINDEROS - MAIPO - ALTO JAHUEL,AGUAS ANDINAS,Residencial,33,636218.4,666408.1,2022-10-01,BUIN - PAINE - LINDEROS - MAIPO - ALTO JAHUEL;AGUAS ANDINAS;Residencial
96,BUIN - PAINE - LINDEROS - MAIPO - ALTO JAHUEL,AGUAS ANDINAS,Residencial,34,669895.06,709204.75,2022-11-01,BUIN - PAINE - LINDEROS - MAIPO - ALTO JAHUEL;AGUAS ANDINAS;Residencial
96,BUIN - PAINE - LINDEROS - MAIPO - ALTO JAHUEL,AGUAS ANDINAS,Residencial,35,691842.3,743091.94,2022-12-01,BUIN - PAINE - LINDEROS - MAIPO - ALTO JAHUEL;AGUAS ANDINAS;Residencial
96,BUIN - PAINE - LINDEROS - MAIPO - ALTO JAHUEL,AGUAS ANDINAS,Residencial,36,701698.0,740152.44,2023-01-01,BUIN - PAINE - LINDEROS - MAIPO - ALTO JAHUEL;AGUAS ANDINAS;Residencial
96,BUIN - PAINE - LINDEROS - MAIPO - ALTO JAHUEL,AGUAS ANDINAS,Residencial,37,696926.9,715249.4,2023-02-01,BUIN - PAINE - LINDEROS - MAIPO - ALTO JAHUEL;AGUAS ANDINAS;Residencial
96,BUIN - PAINE - LINDEROS - MAIPO - ALTO JAHUEL,AGUAS ANDINAS,Residencial,38,677766.9,760169.75,2023-03-01,BUIN - PAINE - LINDEROS - MAIPO - ALTO JAHUEL;AGUAS ANDINAS;Residencial
96,BUIN - PAINE - LINDEROS - MAIPO - ALTO JAHUEL,AGUAS ANDINAS,Residencial,39,612563.8,718600.0,2023-04-01,BUIN - PAINE - LINDEROS - MAIPO - ALTO JAHUEL;AGUAS ANDINAS;Residencial
96,BUIN - PAINE - LINDEROS - MAIPO - ALTO JAHUEL,AGUAS ANDINAS,Residencial,40,583683.1,693670.94,2023-05-01,BUIN - PAINE - LINDEROS - MAIPO - ALTO JAHUEL;AGUAS ANDINAS;Residencial
96,BUIN - PAINE - LINDEROS - MAIPO - ALTO JAHUEL,AGUAS ANDINAS,Residencial,41,571105.0,648177.25,2023-06-01,BUIN - PAINE - LINDEROS - MAIPO - ALTO JAHUEL;AGUAS ANDINAS;Residencial
96,BUIN - PAINE - LINDEROS - MAIPO - ALTO JAHUEL,AGUAS ANDINAS,Residencial,42,594967.06,659279.8,2023-07-01,BUIN - PAINE - LINDEROS - MAIPO - ALTO JAHUEL;AGUAS ANDINAS;Residencial
96,BUIN - PAINE - LINDEROS - MAIPO - ALTO JAHUEL,AGUAS ANDINAS,Residencial,43,618376.5,642134.4,2023-08-01,BUIN - PAINE - LINDEROS - MAIPO - ALTO JAHUEL;AGUAS ANDINAS;Residencial
96,BUIN - PAINE - LINDEROS - MAIPO - ALTO JAHUEL,AGUAS ANDINAS,Residencial,44,634725.25,617274.0,2023-09-01,BUIN - PAINE - LINDEROS - MAIPO - ALTO JAHUEL;AGUAS ANDINAS;Residencial
96,BUIN - PAINE - LINDEROS - MAIPO - ALTO JAHUEL,AGUAS ANDINAS,Residencial,45,640182.0,655786.75,2023-10-01,BUIN - PAINE - LINDEROS - MAIPO - ALTO JAHUEL;AGUAS ANDINAS;Residencial
96,BUIN - PAINE - LINDEROS - MAIPO - ALTO JAHUEL,AGUAS ANDINAS,Residencial,46,669942.9,674929.1,2023-11-01,BUIN - PAINE - LINDEROS - MAIPO - ALTO JAHUEL;AGUAS ANDINAS;Residencial
96,BUIN - PAINE - LINDEROS - MAIPO - ALTO JAHUEL,AGUAS ANDINAS,Residencial,47,690752.1,720494.1,2023-12-01,BUIN - PAINE - LINDEROS - MAIPO - ALTO JAHUEL;AGUAS ANDINAS;Residencial
96,BUIN - PAINE - LINDEROS - MAIPO - ALTO JAHUEL,AGUAS ANDINAS,Residencial,48,701070.44,753093.8,2024-01-01,BUIN - PAINE - LINDEROS - MAIPO - ALTO JAHUEL;AGUAS ANDINAS;Residencial
96,BUIN - PAINE - LINDEROS - MAIPO - ALTO JAHUEL,AGUAS ANDINAS,Residencial,49,696347.25,792816.44,2024-02-01,BUIN - PAINE - LINDEROS - MAIPO - ALTO JAHUEL;AGUAS ANDINAS;Residencial
96,BUIN - PAINE - LINDEROS - MAIPO - ALTO JAHUEL,AGUAS ANDINAS,Residencial,50,680415.06,776210.56,2024-03-01,BUIN - PAINE - LINDEROS - MAIPO - ALTO JAHUEL;AGUAS ANDINAS;Residencial
96,BUIN - PAINE - LINDEROS - MAIPO - ALTO JAHUEL,AGUAS ANDINAS,Residencial,51,621841.5,744736.7,2024-04-01,BUIN - PAINE - LINDEROS - MAIPO - ALTO JAHUEL;AGUAS ANDINAS;Residencial
96,BUIN - PAINE - LINDEROS - MAIPO - ALTO JAHUEL,AGUAS ANDINAS,Residencial,52,596236.25,703933.0,2024-05-01,BUIN - PAINE - LINDEROS - MAIPO - ALTO JAHUEL;AGUAS ANDINAS;Residencial
96,BUIN - PAINE - LINDEROS - MAIPO - ALTO JAHUEL,AGUAS ANDINAS,Residencial,53,587211.1,642932.1,2024-06-01,BUIN - PAINE - LINDEROS - MAIPO - ALTO JAHUEL;AGUAS ANDINAS;Residencial
96,BUIN - PAINE - LINDEROS - MAIPO - ALTO JAHUEL,AGUAS ANDINAS,Residencial,54,611798.2,640250.25,2024-07-01,BUIN - PAINE - LINDEROS - MAIPO - ALTO JAHUEL;AGUAS ANDINAS;Residencial
96,BUIN - PAINE - LINDEROS - MAIPO - ALTO JAHUEL,AGUAS ANDINAS,Residencial,55,626315.2,623460.25,2024-08-01,BUIN - PAINE - LINDEROS - MAIPO - ALTO JAHUEL;AGUAS ANDINAS;Residencial
96,BUIN - PAINE - LINDEROS - MAIPO - ALTO JAHUEL,AGUAS ANDINAS,Residencial,56,637272.5,625561.2,2024-09-01,BUIN - PAINE - LINDEROS - MAIPO - ALTO JAHUEL;AGUAS ANDINAS;Residencial
96,BUIN - PAINE - LINDEROS - MAIPO - ALTO JAHUEL,AGUAS ANDINAS,Residencial,57,641172.9,637124.6,2024-10-01,BUIN - PAINE - LINDEROS - MAIPO - ALTO JAHUEL;AGUAS ANDINAS;Residencial
96,BUIN - PAINE - LINDEROS - MAIPO - ALTO JAHUEL,AGUAS ANDINAS,Residencial,58,668261.5,705988.0,2024-11-01,BUIN - PAINE - LINDEROS - MAIPO - ALTO JAHUEL;AGUAS ANDINAS;Residencial
96,BUIN - PAINE - LINDEROS - MAIPO - ALTO JAHUEL,AGUAS ANDINAS,Residencial,59,689539.75,757729.7,2024-12-01,BUIN - PAINE - LINDEROS - MAIPO - ALTO JAHUEL;AGUAS ANDINAS;Residencial
