id,Test,SARIMA,Fecha
BUIN - PAINE - LINDEROS - MAIPO - ALTO JAHUEL;AGUAS ANDINAS;Comercial,185540.06,186368.75954245197,2020-01-01
BUIN - PAINE - LINDEROS - MAIPO - ALTO JAHUEL;AGUAS ANDINAS;Comercial,181478.57,187632.00955733625,2020-02-01
BUIN - PAINE - LINDEROS - MAIPO - ALTO JAHUEL;AGUAS ANDINAS;Comercial,172502.43,179257.2832098878,2020-03-01
BUIN - PAINE - LINDEROS - MAIPO - ALTO JAHUEL;AGUAS ANDINAS;Comercial,155437.23,171825.36275223308,2020-04-01
BUIN - PAINE - LINDEROS - MAIPO - ALTO JAHUEL;AGUAS ANDINAS;Comercial,143846.24,161605.9500023308,2020-05-01
BUIN - PAINE - LINDEROS - MAIPO - ALTO JAHUEL;AGUAS ANDINAS;Comercial,143287.26,145808.37799682887,2020-06-01
BUIN - PAINE - LINDEROS - MAIPO - ALTO JAHUEL;AGUAS ANDINAS;Comercial,127058.94,139844.96934885244,2020-07-01
BUIN - PAINE - LINDEROS - MAIPO - ALTO JAHUEL;AGUAS ANDINAS;Comercial,119506.54000000001,138830.19814019543,2020-08-01
BUIN - PAINE - LINDEROS - MAIPO - ALTO JAHUEL;AGUAS ANDINAS;Comercial,130193.22,145445.4428790045,2020-09-01
BUIN - PAINE - LINDEROS - MAIPO - ALTO JAHUEL;AGUAS ANDINAS;Comercial,133600.77000000002,151733.70038851458,2020-10-01
BUIN - PAINE - LINDEROS - MAIPO - ALTO JAHUEL;AGUAS ANDINAS;Comercial,146589.76,164058.3665860569,2020-11-01
BUIN - PAINE - LINDEROS - MAIPO - ALTO JAHUEL;AGUAS ANDINAS;Comercial,160601.21,177329.35679722793,2020-12-01
BUIN - PAINE - LINDEROS - MAIPO - ALTO JAHUEL;AGUAS ANDINAS;Comercial,164003.46,181623.8045609693,2021-01-01
BUIN - PAINE - LINDEROS - MAIPO - ALTO JAHUEL;AGUAS ANDINAS;Comercial,155079.39,184103.43232758858,2021-02-01
BUIN - PAINE - LINDEROS - MAIPO - ALTO JAHUEL;AGUAS ANDINAS;Comercial,172939.94,176967.78700646767,2021-03-01
BUIN - PAINE - LINDEROS - MAIPO - ALTO JAHUEL;AGUAS ANDINAS;Comercial,157951.88,168859.01076885976,2021-04-01
BUIN - PAINE - LINDEROS - MAIPO - ALTO JAHUEL;AGUAS ANDINAS;Comercial,150949.68,156213.4638863953,2021-05-01
BUIN - PAINE - LINDEROS - MAIPO - ALTO JAHUEL;AGUAS ANDINAS;Comercial,139869.64,143626.58585727302,2021-06-01
BUIN - PAINE - LINDEROS - MAIPO - ALTO JAHUEL;AGUAS ANDINAS;Comercial,139160.18,137863.19384480565,2021-07-01
BUIN - PAINE - LINDEROS - MAIPO - ALTO JAHUEL;AGUAS ANDINAS;Comercial,136830.45,135061.30375274908,2021-08-01
BUIN - PAINE - LINDEROS - MAIPO - ALTO JAHUEL;AGUAS ANDINAS;Comercial,138796.49,141812.69107364095,2021-09-01
BUIN - PAINE - LINDEROS - MAIPO - ALTO JAHUEL;AGUAS ANDINAS;Comercial,160476.05,149169.50334531648,2021-10-01
BUIN - PAINE - LINDEROS - MAIPO - ALTO JAHUEL;AGUAS ANDINAS;Comercial,157489.33000000002,162066.53571599725,2021-11-01
BUIN - PAINE - LINDEROS - MAIPO - ALTO JAHUEL;AGUAS ANDINAS;Comercial,181053.01,173519.25258847777,2021-12-01
BUIN - PAINE - LINDEROS - MAIPO - ALTO JAHUEL;AGUAS ANDINAS;Comercial,158158.76,178977.52515888872,2022-01-01
BUIN - PAINE - LINDEROS - MAIPO - ALTO JAHUEL;AGUAS ANDINAS;Comercial,170796.75,181588.24076459478,2022-02-01
BUIN - PAINE - LINDEROS - MAIPO - ALTO JAHUEL;AGUAS ANDINAS;Comercial,174963.55,174610.93509583003,2022-03-01
BUIN - PAINE - LINDEROS - MAIPO - ALTO JAHUEL;AGUAS ANDINAS;Comercial,166756.15,166563.22866983656,2022-04-01
BUIN - PAINE - LINDEROS - MAIPO - ALTO JAHUEL;AGUAS ANDINAS;Comercial,152848.04,153136.52737626992,2022-05-01
BUIN - PAINE - LINDEROS - MAIPO - ALTO JAHUEL;AGUAS ANDINAS;Comercial,152383.0,142029.59700915244,2022-06-01
BUIN - PAINE - LINDEROS - MAIPO - ALTO JAHUEL;AGUAS ANDINAS;Comercial,149634.04,135570.88417043723,2022-07-01
BUIN - PAINE - LINDEROS - MAIPO - ALTO JAHUEL;AGUAS ANDINAS;Comercial,138781.11000000002,132840.14185168524,2022-08-01
BUIN - PAINE - LINDEROS - MAIPO - ALTO JAHUEL;AGUAS ANDINAS;Comercial,162632.33,139428.84613639914,2022-09-01
BUIN - PAINE - LINDEROS - MAIPO - ALTO JAHUEL;AGUAS ANDINAS;Comercial,147120.11,147079.31004218003,2022-10-01
BUIN - PAINE - LINDEROS - MAIPO - ALTO JAHUEL;AGUAS ANDINAS;Comercial,161932.63,160401.26179042243,2022-11-01
BUIN - PAINE - LINDEROS - MAIPO - ALTO JAHUEL;AGUAS ANDINAS;Comercial,173045.68,170794.72232860062,2022-12-01
BUIN - PAINE - LINDEROS - MAIPO - ALTO JAHUEL;AGUAS ANDINAS;Comercial,166633.22,177329.8475588157,2023-01-01
BUIN - PAINE - LINDEROS - MAIPO - ALTO JAHUEL;AGUAS ANDINAS;Comercial,150898.27000000002,179511.561616172,2023-02-01
BUIN - PAINE - LINDEROS - MAIPO - ALTO JAHUEL;AGUAS ANDINAS;Comercial,177522.66,172893.82417795906,2023-03-01
BUIN - PAINE - LINDEROS - MAIPO - ALTO JAHUEL;AGUAS ANDINAS;Comercial,166048.53,164836.40264963426,2023-04-01
BUIN - PAINE - LINDEROS - MAIPO - ALTO JAHUEL;AGUAS ANDINAS;Comercial,153417.38,151139.13428912192,2023-05-01
BUIN - PAINE - LINDEROS - MAIPO - ALTO JAHUEL;AGUAS ANDINAS;Comercial,147589.11,140873.60463718174,2023-06-01
BUIN - PAINE - LINDEROS - MAIPO - ALTO JAHUEL;AGUAS ANDINAS;Comercial,140022.91,133626.9687478057,2023-07-01
BUIN - PAINE - LINDEROS - MAIPO - ALTO JAHUEL;AGUAS ANDINAS;Comercial,145061.96000000002,131510.02355568472,2023-08-01
BUIN - PAINE - LINDEROS - MAIPO - ALTO JAHUEL;AGUAS ANDINAS;Comercial,134838.53999999998,137643.92101612219,2023-09-01
BUIN - PAINE - LINDEROS - MAIPO - ALTO JAHUEL;AGUAS ANDINAS;Comercial,136413.43,145559.30562210066,2023-10-01
BUIN - PAINE - LINDEROS - MAIPO - ALTO JAHUEL;AGUAS ANDINAS;Comercial,149369.15000000002,159053.4289670514,2023-11-01
BUIN - PAINE - LINDEROS - MAIPO - ALTO JAHUEL;AGUAS ANDINAS;Comercial,166604.83000000002,168855.49594683206,2023-12-01
BUIN - PAINE - LINDEROS - MAIPO - ALTO JAHUEL;AGUAS ANDINAS;Comercial,163508.26,176232.46513519157,2024-01-01
BUIN - PAINE - LINDEROS - MAIPO - ALTO JAHUEL;AGUAS ANDINAS;Comercial,152827.43,177798.3159566825,2024-02-01
BUIN - PAINE - LINDEROS - MAIPO - ALTO JAHUEL;AGUAS ANDINAS;Comercial,158791.9,171779.9599125572,2024-03-01
BUIN - PAINE - LINDEROS - MAIPO - ALTO JAHUEL;AGUAS ANDINAS;Comercial,161706.32,163485.85279558573,2024-04-01
BUIN - PAINE - LINDEROS - MAIPO - ALTO JAHUEL;AGUAS ANDINAS;Comercial,156461.37,149824.9309449302,2024-05-01
BUIN - PAINE - LINDEROS - MAIPO - ALTO JAHUEL;AGUAS ANDINAS;Comercial,147402.94,140012.87569171228,2024-06-01
BUIN - PAINE - LINDEROS - MAIPO - ALTO JAHUEL;AGUAS ANDINAS;Comercial,137926.59,132139.22067693848,2024-07-01
BUIN - PAINE - LINDEROS - MAIPO - ALTO JAHUEL;AGUAS ANDINAS;Comercial,137955.09,130705.64290226714,2024-08-01
BUIN - PAINE - LINDEROS - MAIPO - ALTO JAHUEL;AGUAS ANDINAS;Comercial,149628.46,136222.27468189647,2024-09-01
BUIN - PAINE - LINDEROS - MAIPO - ALTO JAHUEL;AGUAS ANDINAS;Comercial,154484.5,144547.5872804886,2024-10-01
BUIN - PAINE - LINDEROS - MAIPO - ALTO JAHUEL;AGUAS ANDINAS;Comercial,154941.06,157936.17325615173,2024-11-01
BUIN - PAINE - LINDEROS - MAIPO - ALTO JAHUEL;AGUAS ANDINAS;Comercial,173687.41,167495.99762664322,2024-12-01
BUIN - PAINE - LINDEROS - MAIPO - ALTO JAHUEL;AGUAS ANDINAS;Industrial,14762.0,14904.006950973755,2020-01-01
BUIN - PAINE - LINDEROS - MAIPO - ALTO JAHUEL;AGUAS ANDINAS;Industrial,13741.0,15353.244559401184,2020-02-01
BUIN - PAINE - LINDEROS - MAIPO - ALTO JAHUEL;AGUAS ANDINAS;Industrial,14594.0,15129.958297731231,2020-03-01
BUIN - PAINE - LINDEROS - MAIPO - ALTO JAHUEL;AGUAS ANDINAS;Industrial,13860.0,13815.422872897616,2020-04-01
BUIN - PAINE - LINDEROS - MAIPO - ALTO JAHUEL;AGUAS ANDINAS;Industrial,12537.0,12784.508709076545,2020-05-01
BUIN - PAINE - LINDEROS - MAIPO - ALTO JAHUEL;AGUAS ANDINAS;Industrial,12559.0,12145.927602527032,2020-06-01
BUIN - PAINE - LINDEROS - MAIPO - ALTO JAHUEL;AGUAS ANDINAS;Industrial,9133.0,11709.203201827244,2020-07-01
BUIN - PAINE - LINDEROS - MAIPO - ALTO JAHUEL;AGUAS ANDINAS;Industrial,10848.0,11297.357369655885,2020-08-01
BUIN - PAINE - LINDEROS - MAIPO - ALTO JAHUEL;AGUAS ANDINAS;Industrial,10055.0,11530.632116303597,2020-09-01
BUIN - PAINE - LINDEROS - MAIPO - ALTO JAHUEL;AGUAS ANDINAS;Industrial,10838.0,13110.860709314074,2020-10-01
BUIN - PAINE - LINDEROS - MAIPO - ALTO JAHUEL;AGUAS ANDINAS;Industrial,12069.0,14171.149941742948,2020-11-01
BUIN - PAINE - LINDEROS - MAIPO - ALTO JAHUEL;AGUAS ANDINAS;Industrial,12497.0,14765.031673621626,2020-12-01
BUIN - PAINE - LINDEROS - MAIPO - ALTO JAHUEL;AGUAS ANDINAS;Industrial,12494.0,15198.07153728796,2021-01-01
BUIN - PAINE - LINDEROS - MAIPO - ALTO JAHUEL;AGUAS ANDINAS;Industrial,12702.0,15486.084764366642,2021-02-01
BUIN - PAINE - LINDEROS - MAIPO - ALTO JAHUEL;AGUAS ANDINAS;Industrial,12188.0,15206.724146707998,2021-03-01
BUIN - PAINE - LINDEROS - MAIPO - ALTO JAHUEL;AGUAS ANDINAS;Industrial,12669.0,13818.626129227101,2021-04-01
BUIN - PAINE - LINDEROS - MAIPO - ALTO JAHUEL;AGUAS ANDINAS;Industrial,11999.0,12792.904514396143,2021-05-01
BUIN - PAINE - LINDEROS - MAIPO - ALTO JAHUEL;AGUAS ANDINAS;Industrial,11918.0,12178.55177045199,2021-06-01
BUIN - PAINE - LINDEROS - MAIPO - ALTO JAHUEL;AGUAS ANDINAS;Industrial,9522.0,11751.426627165005,2021-07-01
BUIN - PAINE - LINDEROS - MAIPO - ALTO JAHUEL;AGUAS ANDINAS;Industrial,11062.0,11385.852405724005,2021-08-01
BUIN - PAINE - LINDEROS - MAIPO - ALTO JAHUEL;AGUAS ANDINAS;Industrial,10669.0,11627.218101583605,2021-09-01
BUIN - PAINE - LINDEROS - MAIPO - ALTO JAHUEL;AGUAS ANDINAS;Industrial,11729.0,13112.217502597505,2021-10-01
BUIN - PAINE - LINDEROS - MAIPO - ALTO JAHUEL;AGUAS ANDINAS;Industrial,12076.0,14137.084234358299,2021-11-01
BUIN - PAINE - LINDEROS - MAIPO - ALTO JAHUEL;AGUAS ANDINAS;Industrial,12162.0,14723.140623095012,2021-12-01
BUIN - PAINE - LINDEROS - MAIPO - ALTO JAHUEL;AGUAS ANDINAS;Industrial,12461.0,15144.198981548598,2022-01-01
BUIN - PAINE - LINDEROS - MAIPO - ALTO JAHUEL;AGUAS ANDINAS;Industrial,14829.0,15448.812147766723,2022-02-01
BUIN - PAINE - LINDEROS - MAIPO - ALTO JAHUEL;AGUAS ANDINAS;Industrial,11742.0,15187.476371331522,2022-03-01
BUIN - PAINE - LINDEROS - MAIPO - ALTO JAHUEL;AGUAS ANDINAS;Industrial,10449.0,13802.827343615554,2022-04-01
BUIN - PAINE - LINDEROS - MAIPO - ALTO JAHUEL;AGUAS ANDINAS;Industrial,11567.0,12801.497211941562,2022-05-01
BUIN - PAINE - LINDEROS - MAIPO - ALTO JAHUEL;AGUAS ANDINAS;Industrial,9907.0,12210.129242153333,2022-06-01
BUIN - PAINE - LINDEROS - MAIPO - ALTO JAHUEL;AGUAS ANDINAS;Industrial,18202.0,11794.882638882702,2022-07-01
BUIN - PAINE - LINDEROS - MAIPO - ALTO JAHUEL;AGUAS ANDINAS;Industrial,18550.0,11456.286510528202,2022-08-01
BUIN - PAINE - LINDEROS - MAIPO - ALTO JAHUEL;AGUAS ANDINAS;Industrial,17406.0,11697.993067595256,2022-09-01
BUIN - PAINE - LINDEROS - MAIPO - ALTO JAHUEL;AGUAS ANDINAS;Industrial,18046.0,13117.801720328058,2022-10-01
BUIN - PAINE - LINDEROS - MAIPO - ALTO JAHUEL;AGUAS ANDINAS;Industrial,21035.0,14111.459438461356,2022-11-01
BUIN - PAINE - LINDEROS - MAIPO - ALTO JAHUEL;AGUAS ANDINAS;Industrial,24629.0,14685.327743163885,2022-12-01
BUIN - PAINE - LINDEROS - MAIPO - ALTO JAHUEL;AGUAS ANDINAS;Industrial,20751.0,15094.727132594944,2023-01-01
BUIN - PAINE - LINDEROS - MAIPO - ALTO JAHUEL;AGUAS ANDINAS;Industrial,20126.0,15402.417176920942,2023-02-01
BUIN - PAINE - LINDEROS - MAIPO - ALTO JAHUEL;AGUAS ANDINAS;Industrial,21830.0,15153.14751836512,2023-03-01
BUIN - PAINE - LINDEROS - MAIPO - ALTO JAHUEL;AGUAS ANDINAS;Industrial,18246.0,13790.478937702861,2023-04-01
BUIN - PAINE - LINDEROS - MAIPO - ALTO JAHUEL;AGUAS ANDINAS;Industrial,16621.0,12815.02180713685,2023-05-01
BUIN - PAINE - LINDEROS - MAIPO - ALTO JAHUEL;AGUAS ANDINAS;Industrial,16903.0,12242.843292045469,2023-06-01
BUIN - PAINE - LINDEROS - MAIPO - ALTO JAHUEL;AGUAS ANDINAS;Industrial,19817.0,11839.129602393139,2023-07-01
BUIN - PAINE - LINDEROS - MAIPO - ALTO JAHUEL;AGUAS ANDINAS;Industrial,20110.0,11517.816825025368,2023-08-01
BUIN - PAINE - LINDEROS - MAIPO - ALTO JAHUEL;AGUAS ANDINAS;Industrial,17502.0,11756.116177932843,2023-09-01
BUIN - PAINE - LINDEROS - MAIPO - ALTO JAHUEL;AGUAS ANDINAS;Industrial,17186.0,13125.293593407965,2023-10-01
BUIN - PAINE - LINDEROS - MAIPO - ALTO JAHUEL;AGUAS ANDINAS;Industrial,21869.0,14090.085140695777,2023-11-01
BUIN - PAINE - LINDEROS - MAIPO - ALTO JAHUEL;AGUAS ANDINAS;Industrial,19278.0,14649.941587407957,2023-12-01
BUIN - PAINE - LINDEROS - MAIPO - ALTO JAHUEL;AGUAS ANDINAS;Industrial,19305.0,15047.994329604797,2024-01-01
BUIN - PAINE - LINDEROS - MAIPO - ALTO JAHUEL;AGUAS ANDINAS;Industrial,19391.0,15352.551314120625,2024-02-01
BUIN - PAINE - LINDEROS - MAIPO - ALTO JAHUEL;AGUAS ANDINAS;Industrial,25304.0,15112.453662414424,2024-03-01
BUIN - PAINE - LINDEROS - MAIPO - ALTO JAHUEL;AGUAS ANDINAS;Industrial,20575.0,13779.88506611317,2024-04-01
BUIN - PAINE - LINDEROS - MAIPO - ALTO JAHUEL;AGUAS ANDINAS;Industrial,18225.0,12830.594457971649,2024-05-01
BUIN - PAINE - LINDEROS - MAIPO - ALTO JAHUEL;AGUAS ANDINAS;Industrial,17542.0,12275.593117129529,2024-06-01
BUIN - PAINE - LINDEROS - MAIPO - ALTO JAHUEL;AGUAS ANDINAS;Industrial,15676.0,11883.084835069798,2024-07-01
BUIN - PAINE - LINDEROS - MAIPO - ALTO JAHUEL;AGUAS ANDINAS;Industrial,17458.0,11574.383179339486,2024-08-01
BUIN - PAINE - LINDEROS - MAIPO - ALTO JAHUEL;AGUAS ANDINAS;Industrial,15882.0,11807.617709726932,2024-09-01
BUIN - PAINE - LINDEROS - MAIPO - ALTO JAHUEL;AGUAS ANDINAS;Industrial,15212.0,13133.544281212256,2024-10-01
BUIN - PAINE - LINDEROS - MAIPO - ALTO JAHUEL;AGUAS ANDINAS;Industrial,19176.0,14070.962648731642,2024-11-01
BUIN - PAINE - LINDEROS - MAIPO - ALTO JAHUEL;AGUAS ANDINAS;Industrial,21097.0,14616.182743646743,2024-12-01
BUIN - PAINE - LINDEROS - MAIPO - ALTO JAHUEL;AGUAS ANDINAS;Institucional,5986.0,6391.357331387981,2020-01-01
BUIN - PAINE - LINDEROS - MAIPO - ALTO JAHUEL;AGUAS ANDINAS;Institucional,0.0,-7.889476605371721,2020-02-01
BUIN - PAINE - LINDEROS - MAIPO - ALTO JAHUEL;AGUAS ANDINAS;Institucional,5770.0,6437.228760948701,2020-03-01
BUIN - PAINE - LINDEROS - MAIPO - ALTO JAHUEL;AGUAS ANDINAS;Institucional,0.0,-9.715371366474477,2020-04-01
BUIN - PAINE - LINDEROS - MAIPO - ALTO JAHUEL;AGUAS ANDINAS;Institucional,4254.0,5636.715710208882,2020-05-01
BUIN - PAINE - LINDEROS - MAIPO - ALTO JAHUEL;AGUAS ANDINAS;Institucional,0.0,-11.341311596335418,2020-06-01
BUIN - PAINE - LINDEROS - MAIPO - ALTO JAHUEL;AGUAS ANDINAS;Institucional,4024.0,4909.616566113128,2020-07-01
BUIN - PAINE - LINDEROS - MAIPO - ALTO JAHUEL;AGUAS ANDINAS;Institucional,0.0,-12.833512411581568,2020-08-01
BUIN - PAINE - LINDEROS - MAIPO - ALTO JAHUEL;AGUAS ANDINAS;Institucional,4112.0,4538.29277106895,2020-09-01
BUIN - PAINE - LINDEROS - MAIPO - ALTO JAHUEL;AGUAS ANDINAS;Institucional,0.0,-14.208847140980208,2020-10-01
BUIN - PAINE - LINDEROS - MAIPO - ALTO JAHUEL;AGUAS ANDINAS;Institucional,4344.0,4724.162124858901,2020-11-01
BUIN - PAINE - LINDEROS - MAIPO - ALTO JAHUEL;AGUAS ANDINAS;Institucional,0.0,-15.397089200360329,2020-12-01
BUIN - PAINE - LINDEROS - MAIPO - ALTO JAHUEL;AGUAS ANDINAS;Institucional,4769.0,6352.558303320577,2021-01-01
BUIN - PAINE - LINDEROS - MAIPO - ALTO JAHUEL;AGUAS ANDINAS;Institucional,0.0,-18.63290924682787,2021-02-01
BUIN - PAINE - LINDEROS - MAIPO - ALTO JAHUEL;AGUAS ANDINAS;Institucional,5223.0,6399.346555530867,2021-03-01
BUIN - PAINE - LINDEROS - MAIPO - ALTO JAHUEL;AGUAS ANDINAS;Institucional,0.0,-20.11750988361061,2021-04-01
BUIN - PAINE - LINDEROS - MAIPO - ALTO JAHUEL;AGUAS ANDINAS;Institucional,6592.0,5599.727526987267,2021-05-01
BUIN - PAINE - LINDEROS - MAIPO - ALTO JAHUEL;AGUAS ANDINAS;Institucional,0.0,-21.41313715021365,2021-06-01
BUIN - PAINE - LINDEROS - MAIPO - ALTO JAHUEL;AGUAS ANDINAS;Institucional,4174.0,4873.500179765366,2021-07-01
BUIN - PAINE - LINDEROS - MAIPO - ALTO JAHUEL;AGUAS ANDINAS;Institucional,0.0,-22.585674105682074,2021-08-01
BUIN - PAINE - LINDEROS - MAIPO - ALTO JAHUEL;AGUAS ANDINAS;Institucional,5006.0,4503.0265167172265,2021-09-01
BUIN - PAINE - LINDEROS - MAIPO - ALTO JAHUEL;AGUAS ANDINAS;Institucional,0.0,-23.651671699336426,2021-10-01
BUIN - PAINE - LINDEROS - MAIPO - ALTO JAHUEL;AGUAS ANDINAS;Institucional,5064.0,4689.724883762448,2021-11-01
BUIN - PAINE - LINDEROS - MAIPO - ALTO JAHUEL;AGUAS ANDINAS;Institucional,0.0,-24.54059037020631,2021-12-01
BUIN - PAINE - LINDEROS - MAIPO - ALTO JAHUEL;AGUAS ANDINAS;Institucional,5476.0,6318.929488937239,2022-01-01
BUIN - PAINE - LINDEROS - MAIPO - ALTO JAHUEL;AGUAS ANDINAS;Institucional,0.0,-27.486796933475333,2022-02-01
BUIN - PAINE - LINDEROS - MAIPO - ALTO JAHUEL;AGUAS ANDINAS;Institucional,5320.0,6366.506099938123,2022-03-01
BUIN - PAINE - LINDEROS - MAIPO - ALTO JAHUEL;AGUAS ANDINAS;Institucional,0.0,-28.691199025059476,2022-04-01
BUIN - PAINE - LINDEROS - MAIPO - ALTO JAHUEL;AGUAS ANDINAS;Institucional,5206.0,5567.655867653377,2022-05-01
BUIN - PAINE - LINDEROS - MAIPO - ALTO JAHUEL;AGUAS ANDINAS;Institucional,0.0,-29.715756338791927,2022-06-01
BUIN - PAINE - LINDEROS - MAIPO - ALTO JAHUEL;AGUAS ANDINAS;Institucional,5012.0,4842.178246661513,2022-07-01
BUIN - PAINE - LINDEROS - MAIPO - ALTO JAHUEL;AGUAS ANDINAS;Institucional,0.0,-30.626073963808643,2022-08-01
BUIN - PAINE - LINDEROS - MAIPO - ALTO JAHUEL;AGUAS ANDINAS;Institucional,3664.0,4472.435719761813,2022-09-01
BUIN - PAINE - LINDEROS - MAIPO - ALTO JAHUEL;AGUAS ANDINAS;Institucional,0.0,-31.438433016303783,2022-10-01
BUIN - PAINE - LINDEROS - MAIPO - ALTO JAHUEL;AGUAS ANDINAS;Institucional,4336.0,4659.847100588887,2022-11-01
BUIN - PAINE - LINDEROS - MAIPO - ALTO JAHUEL;AGUAS ANDINAS;Institucional,0.0,-32.082032006688934,2022-12-01
BUIN - PAINE - LINDEROS - MAIPO - ALTO JAHUEL;AGUAS ANDINAS;Institucional,4260.0,6289.747052976846,2023-01-01
BUIN - PAINE - LINDEROS - MAIPO - ALTO JAHUEL;AGUAS ANDINAS;Institucional,0.0,-34.79098350028341,2023-02-01
BUIN - PAINE - LINDEROS - MAIPO - ALTO JAHUEL;AGUAS ANDINAS;Institucional,4457.0,6338.001788809922,2023-03-01
BUIN - PAINE - LINDEROS - MAIPO - ALTO JAHUEL;AGUAS ANDINAS;Institucional,0.0,-35.76594834247691,2023-04-01
BUIN - PAINE - LINDEROS - MAIPO - ALTO JAHUEL;AGUAS ANDINAS;Institucional,3632.0,5539.81289185283,2023-05-01
BUIN - PAINE - LINDEROS - MAIPO - ALTO JAHUEL;AGUAS ANDINAS;Institucional,0.0,-36.56864668266151,2023-06-01
BUIN - PAINE - LINDEROS - MAIPO - ALTO JAHUEL;AGUAS ANDINAS;Institucional,4593.0,4814.980238540426,2023-07-01
BUIN - PAINE - LINDEROS - MAIPO - ALTO JAHUEL;AGUAS ANDINAS;Institucional,0.0,-37.264451104356375,2023-08-01
BUIN - PAINE - LINDEROS - MAIPO - ALTO JAHUEL;AGUAS ANDINAS;Institucional,5273.0,4445.866722791841,2023-09-01
BUIN - PAINE - LINDEROS - MAIPO - ALTO JAHUEL;AGUAS ANDINAS;Institucional,0.0,-37.86941705552789,2023-10-01
BUIN - PAINE - LINDEROS - MAIPO - ALTO JAHUEL;AGUAS ANDINAS;Institucional,5179.0,4633.891558901289,2023-11-01
BUIN - PAINE - LINDEROS - MAIPO - ALTO JAHUEL;AGUAS ANDINAS;Institucional,0.0,-38.31252401997736,2023-12-01
BUIN - PAINE - LINDEROS - MAIPO - ALTO JAHUEL;AGUAS ANDINAS;Institucional,4602.0,6264.389801171295,2024-01-01
BUIN - PAINE - LINDEROS - MAIPO - ALTO JAHUEL;AGUAS ANDINAS;Institucional,0.0,-40.82767198776627,2024-02-01
BUIN - PAINE - LINDEROS - MAIPO - ALTO JAHUEL;AGUAS ANDINAS;Institucional,3947.0,6313.228042025417,2024-03-01
BUIN - PAINE - LINDEROS - MAIPO - ALTO JAHUEL;AGUAS ANDINAS;Institucional,0.0,-41.61531549546745,2024-04-01
BUIN - PAINE - LINDEROS - MAIPO - ALTO JAHUEL;AGUAS ANDINAS;Institucional,4132.0,5515.608236093876,2024-05-01
BUIN - PAINE - LINDEROS - MAIPO - ALTO JAHUEL;AGUAS ANDINAS;Institucional,0.0,-42.236974470390194,2024-06-01
BUIN - PAINE - LINDEROS - MAIPO - ALTO JAHUEL;AGUAS ANDINAS;Institucional,4375.0,4791.330621251882,2024-07-01
BUIN - PAINE - LINDEROS - MAIPO - ALTO JAHUEL;AGUAS ANDINAS;Institucional,0.0,-42.75782718605831,2024-08-01
BUIN - PAINE - LINDEROS - MAIPO - ALTO JAHUEL;AGUAS ANDINAS;Institucional,3542.0,4422.75844367597,2024-09-01
BUIN - PAINE - LINDEROS - MAIPO - ALTO JAHUEL;AGUAS ANDINAS;Institucional,0.0,-43.1937405228028,2024-10-01
BUIN - PAINE - LINDEROS - MAIPO - ALTO JAHUEL;AGUAS ANDINAS;Institucional,4067.0,4611.311260970738,2024-11-01
BUIN - PAINE - LINDEROS - MAIPO - ALTO JAHUEL;AGUAS ANDINAS;Institucional,0.0,-43.4735109742048,2024-12-01
BUIN - PAINE - LINDEROS - MAIPO - ALTO JAHUEL;AGUAS ANDINAS;No Asociado a Inmueble,40222.22,38137.66323662734,2020-01-01
BUIN - PAINE - LINDEROS - MAIPO - ALTO JAHUEL;AGUAS ANDINAS;No Asociado a Inmueble,44290.119999999995,42926.165208270955,2020-02-01
BUIN - PAINE - LINDEROS - MAIPO - ALTO JAHUEL;AGUAS ANDINAS;No Asociado a Inmueble,46175.26,42298.23857592749,2020-03-01
BUIN - PAINE - LINDEROS - MAIPO - ALTO JAHUEL;AGUAS ANDINAS;No Asociado a Inmueble,40271.229999999996,37166.080689286595,2020-04-01
BUIN - PAINE - LINDEROS - MAIPO - ALTO JAHUEL;AGUAS ANDINAS;No Asociado a Inmueble,30633.090000000004,32295.912120033016,2020-05-01
BUIN - PAINE - LINDEROS - MAIPO - ALTO JAHUEL;AGUAS ANDINAS;No Asociado a Inmueble,29705.13,28227.86378346691,2020-06-01
BUIN - PAINE - LINDEROS - MAIPO - ALTO JAHUEL;AGUAS ANDINAS;No Asociado a Inmueble,20753.66,24646.236894950474,2020-07-01
BUIN - PAINE - LINDEROS - MAIPO - ALTO JAHUEL;AGUAS ANDINAS;No Asociado a Inmueble,20954.09,24447.32668067454,2020-08-01
BUIN - PAINE - LINDEROS - MAIPO - ALTO JAHUEL;AGUAS ANDINAS;No Asociado a Inmueble,25031.489999999998,27292.849178798388,2020-09-01
BUIN - PAINE - LINDEROS - MAIPO - ALTO JAHUEL;AGUAS ANDINAS;No Asociado a Inmueble,30248.81,28812.375505217668,2020-10-01
BUIN - PAINE - LINDEROS - MAIPO - ALTO JAHUEL;AGUAS ANDINAS;No Asociado a Inmueble,36961.63,32240.745481908038,2020-11-01
BUIN - PAINE - LINDEROS - MAIPO - ALTO JAHUEL;AGUAS ANDINAS;No Asociado a Inmueble,42759.48,38027.304831264104,2020-12-01
BUIN - PAINE - LINDEROS - MAIPO - ALTO JAHUEL;AGUAS ANDINAS;No Asociado a Inmueble,49203.89,39510.18813938447,2021-01-01
BUIN - PAINE - LINDEROS - MAIPO - ALTO JAHUEL;AGUAS ANDINAS;No Asociado a Inmueble,46504.53,43698.6971665252,2021-02-01
BUIN - PAINE - LINDEROS - MAIPO - ALTO JAHUEL;AGUAS ANDINAS;No Asociado a Inmueble,42420.02,42910.41014999263,2021-03-01
BUIN - PAINE - LINDEROS - MAIPO - ALTO JAHUEL;AGUAS ANDINAS;No Asociado a Inmueble,40998.22,37617.31388837951,2021-04-01
BUIN - PAINE - LINDEROS - MAIPO - ALTO JAHUEL;AGUAS ANDINAS;No Asociado a Inmueble,35326.53,32990.04209900722,2021-05-01
BUIN - PAINE - LINDEROS - MAIPO - ALTO JAHUEL;AGUAS ANDINAS;No Asociado a Inmueble,30639.48,28743.64911987569,2021-06-01
BUIN - PAINE - LINDEROS - MAIPO - ALTO JAHUEL;AGUAS ANDINAS;No Asociado a Inmueble,26277.14,25685.918349379925,2021-07-01
BUIN - PAINE - LINDEROS - MAIPO - ALTO JAHUEL;AGUAS ANDINAS;No Asociado a Inmueble,29731.34,25962.239684591907,2021-08-01
BUIN - PAINE - LINDEROS - MAIPO - ALTO JAHUEL;AGUAS ANDINAS;No Asociado a Inmueble,24071.79,28636.957568010457,2021-09-01
BUIN - PAINE - LINDEROS - MAIPO - ALTO JAHUEL;AGUAS ANDINAS;No Asociado a Inmueble,29596.4,30019.22882887492,2021-10-01
BUIN - PAINE - LINDEROS - MAIPO - ALTO JAHUEL;AGUAS ANDINAS;No Asociado a Inmueble,42254.700000000004,34152.03705491685,2021-11-01
BUIN - PAINE - LINDEROS - MAIPO - ALTO JAHUEL;AGUAS ANDINAS;No Asociado a Inmueble,42135.12,38936.15237381283,2021-12-01
BUIN - PAINE - LINDEROS - MAIPO - ALTO JAHUEL;AGUAS ANDINAS;No Asociado a Inmueble,46063.43,40103.768851818764,2022-01-01
BUIN - PAINE - LINDEROS - MAIPO - ALTO JAHUEL;AGUAS ANDINAS;No Asociado a Inmueble,48770.53,43929.46299507284,2022-02-01
BUIN - PAINE - LINDEROS - MAIPO - ALTO JAHUEL;AGUAS ANDINAS;No Asociado a Inmueble,46756.67,43207.28755903027,2022-03-01
BUIN - PAINE - LINDEROS - MAIPO - ALTO JAHUEL;AGUAS ANDINAS;No Asociado a Inmueble,39123.51,38463.4929802797,2022-04-01
BUIN - PAINE - LINDEROS - MAIPO - ALTO JAHUEL;AGUAS ANDINAS;No Asociado a Inmueble,42330.22,34217.917310179255,2022-05-01
BUIN - PAINE - LINDEROS - MAIPO - ALTO JAHUEL;AGUAS ANDINAS;No Asociado a Inmueble,25185.11,30412.73446172043,2022-06-01
BUIN - PAINE - LINDEROS - MAIPO - ALTO JAHUEL;AGUAS ANDINAS;No Asociado a Inmueble,23011.31,27501.45256069362,2022-07-01
BUIN - PAINE - LINDEROS - MAIPO - ALTO JAHUEL;AGUAS ANDINAS;No Asociado a Inmueble,24727.58,27578.304852632868,2022-08-01
BUIN - PAINE - LINDEROS - MAIPO - ALTO JAHUEL;AGUAS ANDINAS;No Asociado a Inmueble,27974.78,29950.28320295542,2022-09-01
BUIN - PAINE - LINDEROS - MAIPO - ALTO JAHUEL;AGUAS ANDINAS;No Asociado a Inmueble,32720.879999999997,31160.4116883718,2022-10-01
BUIN - PAINE - LINDEROS - MAIPO - ALTO JAHUEL;AGUAS ANDINAS;No Asociado a Inmueble,40411.28999999999,34625.61253259603,2022-11-01
BUIN - PAINE - LINDEROS - MAIPO - ALTO JAHUEL;AGUAS ANDINAS;No Asociado a Inmueble,51800.12,39078.925094169674,2022-12-01
BUIN - PAINE - LINDEROS - MAIPO - ALTO JAHUEL;AGUAS ANDINAS;No Asociado a Inmueble,51052.759999999995,40139.82550959145,2023-01-01
BUIN - PAINE - LINDEROS - MAIPO - ALTO JAHUEL;AGUAS ANDINAS;No Asociado a Inmueble,54444.21,43585.104676551935,2023-02-01
BUIN - PAINE - LINDEROS - MAIPO - ALTO JAHUEL;AGUAS ANDINAS;No Asociado a Inmueble,55858.299999999996,42867.997382063186,2023-03-01
BUIN - PAINE - LINDEROS - MAIPO - ALTO JAHUEL;AGUAS ANDINAS;No Asociado a Inmueble,52769.469999999994,38445.39635846741,2023-04-01
BUIN - PAINE - LINDEROS - MAIPO - ALTO JAHUEL;AGUAS ANDINAS;No Asociado a Inmueble,34668.14,34507.520085831646,2023-05-01
BUIN - PAINE - LINDEROS - MAIPO - ALTO JAHUEL;AGUAS ANDINAS;No Asociado a Inmueble,35194.44,30948.634635772283,2023-06-01
BUIN - PAINE - LINDEROS - MAIPO - ALTO JAHUEL;AGUAS ANDINAS;No Asociado a Inmueble,27941.03,28258.020182661498,2023-07-01
BUIN - PAINE - LINDEROS - MAIPO - ALTO JAHUEL;AGUAS ANDINAS;No Asociado a Inmueble,28153.04,28317.532014945897,2023-08-01
BUIN - PAINE - LINDEROS - MAIPO - ALTO JAHUEL;AGUAS ANDINAS;No Asociado a Inmueble,25176.62,30450.66564213714,2023-09-01
BUIN - PAINE - LINDEROS - MAIPO - ALTO JAHUEL;AGUAS ANDINAS;No Asociado a Inmueble,26808.79,31515.4218717407,2023-10-01
BUIN - PAINE - LINDEROS - MAIPO - ALTO JAHUEL;AGUAS ANDINAS;No Asociado a Inmueble,34553.67,34711.47678331393,2023-11-01
BUIN - PAINE - LINDEROS - MAIPO - ALTO JAHUEL;AGUAS ANDINAS;No Asociado a Inmueble,42227.98,38709.44809686943,2023-12-01
BUIN - PAINE - LINDEROS - MAIPO - ALTO JAHUEL;AGUAS ANDINAS;No Asociado a Inmueble,47919.020000000004,39625.39089787303,2024-01-01
BUIN - PAINE - LINDEROS - MAIPO - ALTO JAHUEL;AGUAS ANDINAS;No Asociado a Inmueble,50856.07,42735.24014465937,2024-02-01
BUIN - PAINE - LINDEROS - MAIPO - ALTO JAHUEL;AGUAS ANDINAS;No Asociado a Inmueble,49085.12,42037.200410889345,2024-03-01
BUIN - PAINE - LINDEROS - MAIPO - ALTO JAHUEL;AGUAS ANDINAS;No Asociado a Inmueble,44251.85,37955.69530138637,2024-04-01
BUIN - PAINE - LINDEROS - MAIPO - ALTO JAHUEL;AGUAS ANDINAS;No Asociado a Inmueble,40876.22,34310.15254765632,2024-05-01
BUIN - PAINE - LINDEROS - MAIPO - ALTO JAHUEL;AGUAS ANDINAS;No Asociado a Inmueble,28052.559999999998,31017.589587559247,2024-06-01
BUIN - PAINE - LINDEROS - MAIPO - ALTO JAHUEL;AGUAS ANDINAS;No Asociado a Inmueble,30799.57,28506.298629093148,2024-07-01
BUIN - PAINE - LINDEROS - MAIPO - ALTO JAHUEL;AGUAS ANDINAS;No Asociado a Inmueble,35939.78,28506.939443163985,2024-08-01
BUIN - PAINE - LINDEROS - MAIPO - ALTO JAHUEL;AGUAS ANDINAS;No Asociado a Inmueble,29693.95,30411.61757406509,2024-09-01
BUIN - PAINE - LINDEROS - MAIPO - ALTO JAHUEL;AGUAS ANDINAS;No Asociado a Inmueble,35538.54,31340.21211002548,2024-10-01
BUIN - PAINE - LINDEROS - MAIPO - ALTO JAHUEL;AGUAS ANDINAS;No Asociado a Inmueble,42948.31,34201.05297814689,2024-11-01
BUIN - PAINE - LINDEROS - MAIPO - ALTO JAHUEL;AGUAS ANDINAS;No Asociado a Inmueble,46995.65,37822.1792818977,2024-12-01
BUIN - PAINE - LINDEROS - MAIPO - ALTO JAHUEL;AGUAS ANDINAS;Residencial,722825.93,731535.715700251,2020-01-01
BUIN - PAINE - LINDEROS - MAIPO - ALTO JAHUEL;AGUAS ANDINAS;Residencial,716064.73,720606.7923842446,2020-02-01
BUIN - PAINE - LINDEROS - MAIPO - ALTO JAHUEL;AGUAS ANDINAS;Residencial,674158.01,714358.0139645824,2020-03-01
BUIN - PAINE - LINDEROS - MAIPO - ALTO JAHUEL;AGUAS ANDINAS;Residencial,653501.85,690834.4373435043,2020-04-01
BUIN - PAINE - LINDEROS - MAIPO - ALTO JAHUEL;AGUAS ANDINAS;Residencial,628048.49,671664.7173834188,2020-05-01
BUIN - PAINE - LINDEROS - MAIPO - ALTO JAHUEL;AGUAS ANDINAS;Residencial,601516.99,646778.5710945339,2020-06-01
BUIN - PAINE - LINDEROS - MAIPO - ALTO JAHUEL;AGUAS ANDINAS;Residencial,574308.73,621148.9232674296,2020-07-01
BUIN - PAINE - LINDEROS - MAIPO - ALTO JAHUEL;AGUAS ANDINAS;Residencial,585917.67,622282.1256959814,2020-08-01
BUIN - PAINE - LINDEROS - MAIPO - ALTO JAHUEL;AGUAS ANDINAS;Residencial,603797.82,639783.2746441766,2020-09-01
BUIN - PAINE - LINDEROS - MAIPO - ALTO JAHUEL;AGUAS ANDINAS;Residencial,646496.0,653305.5456117357,2020-10-01
BUIN - PAINE - LINDEROS - MAIPO - ALTO JAHUEL;AGUAS ANDINAS;Residencial,707856.97,683346.2536280733,2020-11-01
BUIN - PAINE - LINDEROS - MAIPO - ALTO JAHUEL;AGUAS ANDINAS;Residencial,705124.4,698286.9966345886,2020-12-01
BUIN - PAINE - LINDEROS - MAIPO - ALTO JAHUEL;AGUAS ANDINAS;Residencial,757682.6100000001,734554.0914215194,2021-01-01
BUIN - PAINE - LINDEROS - MAIPO - ALTO JAHUEL;AGUAS ANDINAS;Residencial,733499.41,724153.739568387,2021-02-01
BUIN - PAINE - LINDEROS - MAIPO - ALTO JAHUEL;AGUAS ANDINAS;Residencial,717043.4299999999,718185.6566882128,2021-03-01
BUIN - PAINE - LINDEROS - MAIPO - ALTO JAHUEL;AGUAS ANDINAS;Residencial,702337.79,695763.6133415501,2021-04-01
BUIN - PAINE - LINDEROS - MAIPO - ALTO JAHUEL;AGUAS ANDINAS;Residencial,658245.01,677456.2031262637,2021-05-01
BUIN - PAINE - LINDEROS - MAIPO - ALTO JAHUEL;AGUAS ANDINAS;Residencial,647464.48,653732.7151167598,2021-06-01
BUIN - PAINE - LINDEROS - MAIPO - ALTO JAHUEL;AGUAS ANDINAS;Residencial,636654.29,629256.2041786383,2021-07-01
BUIN - PAINE - LINDEROS - MAIPO - ALTO JAHUEL;AGUAS ANDINAS;Residencial,639743.55,630381.2164807762,2021-08-01
BUIN - PAINE - LINDEROS - MAIPO - ALTO JAHUEL;AGUAS ANDINAS;Residencial,626104.9099999999,647095.130463074,2021-09-01
BUIN - PAINE - LINDEROS - MAIPO - ALTO JAHUEL;AGUAS ANDINAS;Residencial,661233.56,660051.6211510319,2021-10-01
BUIN - PAINE - LINDEROS - MAIPO - ALTO JAHUEL;AGUAS ANDINAS;Residencial,711472.1,688741.0889687978,2021-11-01
BUIN - PAINE - LINDEROS - MAIPO - ALTO JAHUEL;AGUAS ANDINAS;Residencial,739149.75,703052.0546731235,2021-12-01
BUIN - PAINE - LINDEROS - MAIPO - ALTO JAHUEL;AGUAS ANDINAS;Residencial,738600.3699999999,737687.946269983,2022-01-01
BUIN - PAINE - LINDEROS - MAIPO - ALTO JAHUEL;AGUAS ANDINAS;Residencial,707279.43,727797.7942568312,2022-02-01
BUIN - PAINE - LINDEROS - MAIPO - ALTO JAHUEL;AGUAS ANDINAS;Residencial,743918.7,722098.9377593183,2022-03-01
BUIN - PAINE - LINDEROS - MAIPO - ALTO JAHUEL;AGUAS ANDINAS;Residencial,698131.55,700727.8031492721,2022-04-01
BUIN - PAINE - LINDEROS - MAIPO - ALTO JAHUEL;AGUAS ANDINAS;Residencial,642824.19,683244.9663457811,2022-05-01
BUIN - PAINE - LINDEROS - MAIPO - ALTO JAHUEL;AGUAS ANDINAS;Residencial,632002.52,660630.7695701252,2022-06-01
BUIN - PAINE - LINDEROS - MAIPO - ALTO JAHUEL;AGUAS ANDINAS;Residencial,620361.04,637256.5653493883,2022-07-01
BUIN - PAINE - LINDEROS - MAIPO - ALTO JAHUEL;AGUAS ANDINAS;Residencial,614442.4400000001,638372.7083857498,2022-08-01
BUIN - PAINE - LINDEROS - MAIPO - ALTO JAHUEL;AGUAS ANDINAS;Residencial,611249.02,654335.8501102078,2022-09-01
BUIN - PAINE - LINDEROS - MAIPO - ALTO JAHUEL;AGUAS ANDINAS;Residencial,666408.1000000001,666750.9773533172,2022-10-01
BUIN - PAINE - LINDEROS - MAIPO - ALTO JAHUEL;AGUAS ANDINAS;Residencial,709204.75,694151.0348248067,2022-11-01
BUIN - PAINE - LINDEROS - MAIPO - ALTO JAHUEL;AGUAS ANDINAS;Residencial,743091.91,707859.5281052676,2022-12-01
BUIN - PAINE - LINDEROS - MAIPO - ALTO JAHUEL;AGUAS ANDINAS;Residencial,740152.4600000001,740938.6338864196,2023-01-01
BUIN - PAINE - LINDEROS - MAIPO - ALTO JAHUEL;AGUAS ANDINAS;Residencial,715249.37,731534.705075683,2023-02-01
BUIN - PAINE - LINDEROS - MAIPO - ALTO JAHUEL;AGUAS ANDINAS;Residencial,760169.77,726093.9791975111,2023-03-01
BUIN - PAINE - LINDEROS - MAIPO - ALTO JAHUEL;AGUAS ANDINAS;Residencial,718599.97,705725.4575157714,2023-04-01
BUIN - PAINE - LINDEROS - MAIPO - ALTO JAHUEL;AGUAS ANDINAS;Residencial,693670.95,689031.1035627909,2023-05-01
BUIN - PAINE - LINDEROS - MAIPO - ALTO JAHUEL;AGUAS ANDINAS;Residencial,648177.26,667475.283912799,2023-06-01
BUIN - PAINE - LINDEROS - MAIPO - ALTO JAHUEL;AGUAS ANDINAS;Residencial,659279.8099999999,645154.7915826638,2023-07-01
BUIN - PAINE - LINDEROS - MAIPO - ALTO JAHUEL;AGUAS ANDINAS;Residencial,642134.3600000001,646261.4681720712,2023-08-01
BUIN - PAINE - LINDEROS - MAIPO - ALTO JAHUEL;AGUAS ANDINAS;Residencial,617274.02,661508.6086209269,2023-09-01
BUIN - PAINE - LINDEROS - MAIPO - ALTO JAHUEL;AGUAS ANDINAS;Residencial,655786.78,673405.7416589891,2023-10-01
BUIN - PAINE - LINDEROS - MAIPO - ALTO JAHUEL;AGUAS ANDINAS;Residencial,674929.13,699575.3860136023,2023-11-01
BUIN - PAINE - LINDEROS - MAIPO - ALTO JAHUEL;AGUAS ANDINAS;Residencial,720494.1399999999,712707.5337884211,2023-12-01
BUIN - PAINE - LINDEROS - MAIPO - ALTO JAHUEL;AGUAS ANDINAS;Residencial,753093.8,744300.8725884377,2024-01-01
BUIN - PAINE - LINDEROS - MAIPO - ALTO JAHUEL;AGUAS ANDINAS;Residencial,792816.42,735360.3192303329,2024-02-01
BUIN - PAINE - LINDEROS - MAIPO - ALTO JAHUEL;AGUAS ANDINAS;Residencial,776210.54,730167.0775157674,2024-03-01
BUIN - PAINE - LINDEROS - MAIPO - ALTO JAHUEL;AGUAS ANDINAS;Residencial,744736.67,710755.0955970793,2024-04-01
BUIN - PAINE - LINDEROS - MAIPO - ALTO JAHUEL;AGUAS ANDINAS;Residencial,703932.98,694814.7082294921,2024-05-01
BUIN - PAINE - LINDEROS - MAIPO - ALTO JAHUEL;AGUAS ANDINAS;Residencial,642932.13,674268.6916281489,2024-06-01
BUIN - PAINE - LINDEROS - MAIPO - ALTO JAHUEL;AGUAS ANDINAS;Residencial,640250.26,652955.4536661459,2024-07-01
BUIN - PAINE - LINDEROS - MAIPO - ALTO JAHUEL;AGUAS ANDINAS;Residencial,623460.25,654052.1423760686,2024-08-01
BUIN - PAINE - LINDEROS - MAIPO - ALTO JAHUEL;AGUAS ANDINAS;Residencial,625561.21,668616.4394317671,2024-09-01
BUIN - PAINE - LINDEROS - MAIPO - ALTO JAHUEL;AGUAS ANDINAS;Residencial,637124.65,680017.9445422722,2024-10-01
BUIN - PAINE - LINDEROS - MAIPO - ALTO JAHUEL;AGUAS ANDINAS;Residencial,705987.99,705013.4703230783,2024-11-01
BUIN - PAINE - LINDEROS - MAIPO - ALTO JAHUEL;AGUAS ANDINAS;Residencial,757729.7,717594.2720693185,2024-12-01
