Fecha,id_combinacion,y_pred,Grupo Cliente,M3 Ap
2020-01-01,BUIN - PAINE - LINDEROS - MAIPO - ALTO JAHUEL;AGUAS ANDINAS;Comercial,182751.66539733417,No Residencial,185540.06
2020-01-01,BUIN - PAINE - LINDEROS - MAIPO - ALTO JAHUEL;AGUAS ANDINAS;Industrial,13843.45142032924,No Residencial,14762.0
2020-01-01,BUIN - PAINE - LINDEROS - MAIPO - ALTO JAHUEL;AGUAS ANDINAS;Institucional,3798.365587740822,No Residencial,5986.0
2020-01-01,BUIN - PAINE - LINDEROS - MAIPO - ALTO JAHUEL;AGUAS ANDINAS;No Asociado a Inmueble,38119.94433101032,No Residencial,40222.22
2020-01-01,BUIN - PAINE - LINDEROS - MAIPO - ALTO JAHUEL;AGUAS ANDINAS;Residencial,726008.8215382333,Residencial,722825.93
2020-02-01,BUIN - PAINE - LINDEROS - MAIPO - ALTO JAHUEL;AGUAS ANDINAS;Comercial,190072.57756366345,No Residencial,181478.57
2020-02-01,BUIN - PAINE - LINDEROS - MAIPO - ALTO JAHUEL;AGUAS ANDINAS;Industrial,14434.41633607929,No Residencial,13741.0
2020-02-01,BUIN - PAINE - LINDEROS - MAIPO - ALTO JAHUEL;AGUAS ANDINAS;Institucional,-71.90330880335887,No Residencial,0.0
2020-02-01,BUIN - PAINE - LINDEROS - MAIPO - ALTO JAHUEL;AGUAS ANDINAS;No Asociado a Inmueble,39536.47326355309,No Residencial,44290.12
2020-02-01,BUIN - PAINE - LINDEROS - MAIPO - ALTO JAHUEL;AGUAS ANDINAS;Residencial,721327.6343507721,Residencial,716064.73
2020-03-01,BUIN - PAINE - LINDEROS - MAIPO - ALTO JAHUEL;AGUAS ANDINAS;Comercial,190451.24085090516,No Residencial,172502.43
2020-03-01,BUIN - PAINE - LINDEROS - MAIPO - ALTO JAHUEL;AGUAS ANDINAS;Industrial,15074.482961511925,No Residencial,14594.0
2020-03-01,BUIN - PAINE - LINDEROS - MAIPO - ALTO JAHUEL;AGUAS ANDINAS;Institucional,3911.9439730944246,No Residencial,5770.0
2020-03-01,BUIN - PAINE - LINDEROS - MAIPO - ALTO JAHUEL;AGUAS ANDINAS;No Asociado a Inmueble,37834.592277718846,No Residencial,46175.26
2020-03-01,BUIN - PAINE - LINDEROS - MAIPO - ALTO JAHUEL;AGUAS ANDINAS;Residencial,705053.3283088693,Residencial,674158.01
2020-04-01,BUIN - PAINE - LINDEROS - MAIPO - ALTO JAHUEL;AGUAS ANDINAS;Comercial,182302.563146448,No Residencial,155437.23
2020-04-01,BUIN - PAINE - LINDEROS - MAIPO - ALTO JAHUEL;AGUAS ANDINAS;Industrial,14242.533934265522,No Residencial,13860.0
2020-04-01,BUIN - PAINE - LINDEROS - MAIPO - ALTO JAHUEL;AGUAS ANDINAS;Institucional,600.0864365011757,No Residencial,0.0
2020-04-01,BUIN - PAINE - LINDEROS - MAIPO - ALTO JAHUEL;AGUAS ANDINAS;No Asociado a Inmueble,33794.65691385158,No Residencial,40271.23
2020-04-01,BUIN - PAINE - LINDEROS - MAIPO - ALTO JAHUEL;AGUAS ANDINAS;Residencial,678985.9822088263,Residencial,653501.85
2020-05-01,BUIN - PAINE - LINDEROS - MAIPO - ALTO JAHUEL;AGUAS ANDINAS;Comercial,174390.77608611374,No Residencial,143846.24
2020-05-01,BUIN - PAINE - LINDEROS - MAIPO - ALTO JAHUEL;AGUAS ANDINAS;Industrial,14036.584806557665,No Residencial,12537.0
2020-05-01,BUIN - PAINE - LINDEROS - MAIPO - ALTO JAHUEL;AGUAS ANDINAS;Institucional,6105.831130934536,No Residencial,4254.0
2020-05-01,BUIN - PAINE - LINDEROS - MAIPO - ALTO JAHUEL;AGUAS ANDINAS;No Asociado a Inmueble,28803.44692710555,No Residencial,30633.090000000004
2020-05-01,BUIN - PAINE - LINDEROS - MAIPO - ALTO JAHUEL;AGUAS ANDINAS;Residencial,653418.1269820356,Residencial,628048.49
2020-06-01,BUIN - PAINE - LINDEROS - MAIPO - ALTO JAHUEL;AGUAS ANDINAS;Comercial,163049.8962042068,No Residencial,143287.26
2020-06-01,BUIN - PAINE - LINDEROS - MAIPO - ALTO JAHUEL;AGUAS ANDINAS;Industrial,13439.687861063043,No Residencial,12559.0
2020-06-01,BUIN - PAINE - LINDEROS - MAIPO - ALTO JAHUEL;AGUAS ANDINAS;Institucional,2665.952615547726,No Residencial,0.0
2020-06-01,BUIN - PAINE - LINDEROS - MAIPO - ALTO JAHUEL;AGUAS ANDINAS;No Asociado a Inmueble,23405.837527080163,No Residencial,29705.13
2020-06-01,BUIN - PAINE - LINDEROS - MAIPO - ALTO JAHUEL;AGUAS ANDINAS;Residencial,615829.5243634286,Residencial,601516.99
2020-07-01,BUIN - PAINE - LINDEROS - MAIPO - ALTO JAHUEL;AGUAS ANDINAS;Comercial,155115.9963156256,No Residencial,127058.94
2020-07-01,BUIN - PAINE - LINDEROS - MAIPO - ALTO JAHUEL;AGUAS ANDINAS;Industrial,12647.031127198363,No Residencial,9133.0
2020-07-01,BUIN - PAINE - LINDEROS - MAIPO - ALTO JAHUEL;AGUAS ANDINAS;Institucional,5228.755515797398,No Residencial,4024.0
2020-07-01,BUIN - PAINE - LINDEROS - MAIPO - ALTO JAHUEL;AGUAS ANDINAS;No Asociado a Inmueble,19292.427281055483,No Residencial,20753.66
2020-07-01,BUIN - PAINE - LINDEROS - MAIPO - ALTO JAHUEL;AGUAS ANDINAS;Residencial,596630.2359941893,Residencial,574308.73
2020-08-01,BUIN - PAINE - LINDEROS - MAIPO - ALTO JAHUEL;AGUAS ANDINAS;Comercial,154756.75722775084,No Residencial,119506.54
2020-08-01,BUIN - PAINE - LINDEROS - MAIPO - ALTO JAHUEL;AGUAS ANDINAS;Industrial,12649.622391164428,No Residencial,10848.0
2020-08-01,BUIN - PAINE - LINDEROS - MAIPO - ALTO JAHUEL;AGUAS ANDINAS;Institucional,2542.7360669250234,No Residencial,0.0
2020-08-01,BUIN - PAINE - LINDEROS - MAIPO - ALTO JAHUEL;AGUAS ANDINAS;No Asociado a Inmueble,19416.35866072074,No Residencial,20954.09
2020-08-01,BUIN - PAINE - LINDEROS - MAIPO - ALTO JAHUEL;AGUAS ANDINAS;Residencial,601305.594071317,Residencial,585917.67
2020-09-01,BUIN - PAINE - LINDEROS - MAIPO - ALTO JAHUEL;AGUAS ANDINAS;Comercial,162594.15965371858,No Residencial,130193.22
2020-09-01,BUIN - PAINE - LINDEROS - MAIPO - ALTO JAHUEL;AGUAS ANDINAS;Industrial,14031.62675628639,No Residencial,10055.0
2020-09-01,BUIN - PAINE - LINDEROS - MAIPO - ALTO JAHUEL;AGUAS ANDINAS;Institucional,7384.867510426526,No Residencial,4112.0
2020-09-01,BUIN - PAINE - LINDEROS - MAIPO - ALTO JAHUEL;AGUAS ANDINAS;No Asociado a Inmueble,20913.415909833595,No Residencial,25031.49
2020-09-01,BUIN - PAINE - LINDEROS - MAIPO - ALTO JAHUEL;AGUAS ANDINAS;Residencial,621805.6800297507,Residencial,603797.82
2020-10-01,BUIN - PAINE - LINDEROS - MAIPO - ALTO JAHUEL;AGUAS ANDINAS;Comercial,170125.793589279,No Residencial,133600.77000000002
2020-10-01,BUIN - PAINE - LINDEROS - MAIPO - ALTO JAHUEL;AGUAS ANDINAS;Industrial,14656.097131091743,No Residencial,10838.0
2020-10-01,BUIN - PAINE - LINDEROS - MAIPO - ALTO JAHUEL;AGUAS ANDINAS;Institucional,4312.302552550353,No Residencial,0.0
2020-10-01,BUIN - PAINE - LINDEROS - MAIPO - ALTO JAHUEL;AGUAS ANDINAS;No Asociado a Inmueble,21666.26356252256,No Residencial,30248.81
2020-10-01,BUIN - PAINE - LINDEROS - MAIPO - ALTO JAHUEL;AGUAS ANDINAS;Residencial,655994.4893593399,Residencial,646496.0
2020-11-01,BUIN - PAINE - LINDEROS - MAIPO - ALTO JAHUEL;AGUAS ANDINAS;Comercial,175127.28055431484,No Residencial,146589.76
2020-11-01,BUIN - PAINE - LINDEROS - MAIPO - ALTO JAHUEL;AGUAS ANDINAS;Industrial,15520.507413371457,No Residencial,12069.0
2020-11-01,BUIN - PAINE - LINDEROS - MAIPO - ALTO JAHUEL;AGUAS ANDINAS;Institucional,5920.791925518623,No Residencial,4344.0
2020-11-01,BUIN - PAINE - LINDEROS - MAIPO - ALTO JAHUEL;AGUAS ANDINAS;No Asociado a Inmueble,25279.210127797145,No Residencial,36961.63
2020-11-01,BUIN - PAINE - LINDEROS - MAIPO - ALTO JAHUEL;AGUAS ANDINAS;Residencial,696238.8450578973,Residencial,707856.97
2020-12-01,BUIN - PAINE - LINDEROS - MAIPO - ALTO JAHUEL;AGUAS ANDINAS;Comercial,186289.31289827285,No Residencial,160601.21
2020-12-01,BUIN - PAINE - LINDEROS - MAIPO - ALTO JAHUEL;AGUAS ANDINAS;Industrial,16270.660726309845,No Residencial,12497.0
2020-12-01,BUIN - PAINE - LINDEROS - MAIPO - ALTO JAHUEL;AGUAS ANDINAS;Institucional,3831.9140230223456,No Residencial,0.0
2020-12-01,BUIN - PAINE - LINDEROS - MAIPO - ALTO JAHUEL;AGUAS ANDINAS;No Asociado a Inmueble,29648.353714189398,No Residencial,42759.48
2020-12-01,BUIN - PAINE - LINDEROS - MAIPO - ALTO JAHUEL;AGUAS ANDINAS;Residencial,734901.895506904,Residencial,705124.4
2021-01-01,BUIN - PAINE - LINDEROS - MAIPO - ALTO JAHUEL;AGUAS ANDINAS;Comercial,188409.11817948602,No Residencial,164003.46
2021-01-01,BUIN - PAINE - LINDEROS - MAIPO - ALTO JAHUEL;AGUAS ANDINAS;Industrial,17054.209816488532,No Residencial,12494.0
2021-01-01,BUIN - PAINE - LINDEROS - MAIPO - ALTO JAHUEL;AGUAS ANDINAS;Institucional,5236.64201870546,No Residencial,4769.0
2021-01-01,BUIN - PAINE - LINDEROS - MAIPO - ALTO JAHUEL;AGUAS ANDINAS;No Asociado a Inmueble,33304.914839493445,No Residencial,49203.89
2021-01-01,BUIN - PAINE - LINDEROS - MAIPO - ALTO JAHUEL;AGUAS ANDINAS;Residencial,767390.0910727344,Residencial,757682.6100000001
2021-02-01,BUIN - PAINE - LINDEROS - MAIPO - ALTO JAHUEL;AGUAS ANDINAS;Comercial,188506.5681519637,No Residencial,155079.39
2021-02-01,BUIN - PAINE - LINDEROS - MAIPO - ALTO JAHUEL;AGUAS ANDINAS;Industrial,17393.974673557,No Residencial,12702.0
2021-02-01,BUIN - PAINE - LINDEROS - MAIPO - ALTO JAHUEL;AGUAS ANDINAS;Institucional,2666.8294154210566,No Residencial,0.0
2021-02-01,BUIN - PAINE - LINDEROS - MAIPO - ALTO JAHUEL;AGUAS ANDINAS;No Asociado a Inmueble,36673.87876080135,No Residencial,46504.53
2021-02-01,BUIN - PAINE - LINDEROS - MAIPO - ALTO JAHUEL;AGUAS ANDINAS;Residencial,755837.5894958137,Residencial,733499.41
2021-03-01,BUIN - PAINE - LINDEROS - MAIPO - ALTO JAHUEL;AGUAS ANDINAS;Comercial,185455.03550959556,No Residencial,172939.94
2021-03-01,BUIN - PAINE - LINDEROS - MAIPO - ALTO JAHUEL;AGUAS ANDINAS;Industrial,17214.97997878406,No Residencial,12188.0
2021-03-01,BUIN - PAINE - LINDEROS - MAIPO - ALTO JAHUEL;AGUAS ANDINAS;Institucional,5170.108840387333,No Residencial,5223.0
2021-03-01,BUIN - PAINE - LINDEROS - MAIPO - ALTO JAHUEL;AGUAS ANDINAS;No Asociado a Inmueble,37017.739912475554,No Residencial,42420.02
2021-03-01,BUIN - PAINE - LINDEROS - MAIPO - ALTO JAHUEL;AGUAS ANDINAS;Residencial,742444.1155861059,Residencial,717043.4299999999
2021-04-01,BUIN - PAINE - LINDEROS - MAIPO - ALTO JAHUEL;AGUAS ANDINAS;Comercial,177063.41572645356,No Residencial,157951.88
2021-04-01,BUIN - PAINE - LINDEROS - MAIPO - ALTO JAHUEL;AGUAS ANDINAS;Industrial,15860.080384442781,No Residencial,12669.0
2021-04-01,BUIN - PAINE - LINDEROS - MAIPO - ALTO JAHUEL;AGUAS ANDINAS;Institucional,2488.6025090919193,No Residencial,0.0
2021-04-01,BUIN - PAINE - LINDEROS - MAIPO - ALTO JAHUEL;AGUAS ANDINAS;No Asociado a Inmueble,32790.06189954611,No Residencial,40998.22
2021-04-01,BUIN - PAINE - LINDEROS - MAIPO - ALTO JAHUEL;AGUAS ANDINAS;Residencial,719106.3949831404,Residencial,702337.79
2021-05-01,BUIN - PAINE - LINDEROS - MAIPO - ALTO JAHUEL;AGUAS ANDINAS;Comercial,169861.81601814096,No Residencial,150949.68
2021-05-01,BUIN - PAINE - LINDEROS - MAIPO - ALTO JAHUEL;AGUAS ANDINAS;Industrial,14693.849282262858,No Residencial,11999.0
2021-05-01,BUIN - PAINE - LINDEROS - MAIPO - ALTO JAHUEL;AGUAS ANDINAS;Institucional,4582.28854737023,No Residencial,6592.0
2021-05-01,BUIN - PAINE - LINDEROS - MAIPO - ALTO JAHUEL;AGUAS ANDINAS;No Asociado a Inmueble,27767.91749785983,No Residencial,35326.53
2021-05-01,BUIN - PAINE - LINDEROS - MAIPO - ALTO JAHUEL;AGUAS ANDINAS;Residencial,680521.3447922018,Residencial,658245.01
2021-06-01,BUIN - PAINE - LINDEROS - MAIPO - ALTO JAHUEL;AGUAS ANDINAS;Comercial,163396.90984710836,No Residencial,139869.64
2021-06-01,BUIN - PAINE - LINDEROS - MAIPO - ALTO JAHUEL;AGUAS ANDINAS;Industrial,14424.842110202413,No Residencial,11918.0
2021-06-01,BUIN - PAINE - LINDEROS - MAIPO - ALTO JAHUEL;AGUAS ANDINAS;Institucional,2645.6743407429294,No Residencial,0.0
2021-06-01,BUIN - PAINE - LINDEROS - MAIPO - ALTO JAHUEL;AGUAS ANDINAS;No Asociado a Inmueble,24985.799776608917,No Residencial,30639.48
2021-06-01,BUIN - PAINE - LINDEROS - MAIPO - ALTO JAHUEL;AGUAS ANDINAS;Residencial,645235.6798172308,Residencial,647464.48
2021-07-01,BUIN - PAINE - LINDEROS - MAIPO - ALTO JAHUEL;AGUAS ANDINAS;Comercial,155607.227992636,No Residencial,139160.18
2021-07-01,BUIN - PAINE - LINDEROS - MAIPO - ALTO JAHUEL;AGUAS ANDINAS;Industrial,13811.52943291363,No Residencial,9522.0
2021-07-01,BUIN - PAINE - LINDEROS - MAIPO - ALTO JAHUEL;AGUAS ANDINAS;Institucional,3771.3156815006687,No Residencial,4174.0
2021-07-01,BUIN - PAINE - LINDEROS - MAIPO - ALTO JAHUEL;AGUAS ANDINAS;No Asociado a Inmueble,23190.226853048065,No Residencial,26277.14
2021-07-01,BUIN - PAINE - LINDEROS - MAIPO - ALTO JAHUEL;AGUAS ANDINAS;Residencial,625780.4546500008,Residencial,636654.29
2021-08-01,BUIN - PAINE - LINDEROS - MAIPO - ALTO JAHUEL;AGUAS ANDINAS;Comercial,155560.05343710084,No Residencial,136830.45
2021-08-01,BUIN - PAINE - LINDEROS - MAIPO - ALTO JAHUEL;AGUAS ANDINAS;Industrial,13662.091294732485,No Residencial,11062.0
2021-08-01,BUIN - PAINE - LINDEROS - MAIPO - ALTO JAHUEL;AGUAS ANDINAS;Institucional,2749.5306201745134,No Residencial,0.0
2021-08-01,BUIN - PAINE - LINDEROS - MAIPO - ALTO JAHUEL;AGUAS ANDINAS;No Asociado a Inmueble,23077.35342143933,No Residencial,29731.34
2021-08-01,BUIN - PAINE - LINDEROS - MAIPO - ALTO JAHUEL;AGUAS ANDINAS;Residencial,623668.3214155661,Residencial,639743.55
2021-09-01,BUIN - PAINE - LINDEROS - MAIPO - ALTO JAHUEL;AGUAS ANDINAS;Comercial,157331.1127133495,No Residencial,138796.49
2021-09-01,BUIN - PAINE - LINDEROS - MAIPO - ALTO JAHUEL;AGUAS ANDINAS;Industrial,14063.293527972568,No Residencial,10669.0
2021-09-01,BUIN - PAINE - LINDEROS - MAIPO - ALTO JAHUEL;AGUAS ANDINAS;Institucional,4977.17176641504,No Residencial,5006.0
2021-09-01,BUIN - PAINE - LINDEROS - MAIPO - ALTO JAHUEL;AGUAS ANDINAS;No Asociado a Inmueble,24404.07396194229,No Residencial,24071.79
2021-09-01,BUIN - PAINE - LINDEROS - MAIPO - ALTO JAHUEL;AGUAS ANDINAS;Residencial,652938.4841319766,Residencial,626104.9099999999
2021-10-01,BUIN - PAINE - LINDEROS - MAIPO - ALTO JAHUEL;AGUAS ANDINAS;Comercial,160436.6380783851,No Residencial,160476.05
2021-10-01,BUIN - PAINE - LINDEROS - MAIPO - ALTO JAHUEL;AGUAS ANDINAS;Industrial,14672.372135983382,No Residencial,11729.0
2021-10-01,BUIN - PAINE - LINDEROS - MAIPO - ALTO JAHUEL;AGUAS ANDINAS;Institucional,3667.3861547057977,No Residencial,0.0
2021-10-01,BUIN - PAINE - LINDEROS - MAIPO - ALTO JAHUEL;AGUAS ANDINAS;No Asociado a Inmueble,28403.84748577945,No Residencial,29596.4
2021-10-01,BUIN - PAINE - LINDEROS - MAIPO - ALTO JAHUEL;AGUAS ANDINAS;Residencial,692538.2015617243,Residencial,661233.56
2021-11-01,BUIN - PAINE - LINDEROS - MAIPO - ALTO JAHUEL;AGUAS ANDINAS;Comercial,166094.20801996687,No Residencial,157489.33000000002
2021-11-01,BUIN - PAINE - LINDEROS - MAIPO - ALTO JAHUEL;AGUAS ANDINAS;Industrial,15157.963208668909,No Residencial,12076.0
2021-11-01,BUIN - PAINE - LINDEROS - MAIPO - ALTO JAHUEL;AGUAS ANDINAS;Institucional,3947.9423349303706,No Residencial,5064.0
2021-11-01,BUIN - PAINE - LINDEROS - MAIPO - ALTO JAHUEL;AGUAS ANDINAS;No Asociado a Inmueble,33726.24828992418,No Residencial,42254.7
2021-11-01,BUIN - PAINE - LINDEROS - MAIPO - ALTO JAHUEL;AGUAS ANDINAS;Residencial,736542.638262091,Residencial,711472.1
2021-12-01,BUIN - PAINE - LINDEROS - MAIPO - ALTO JAHUEL;AGUAS ANDINAS;Comercial,172398.47796192172,No Residencial,181053.01
2021-12-01,BUIN - PAINE - LINDEROS - MAIPO - ALTO JAHUEL;AGUAS ANDINAS;Industrial,15581.20312408341,No Residencial,12162.0
2021-12-01,BUIN - PAINE - LINDEROS - MAIPO - ALTO JAHUEL;AGUAS ANDINAS;Institucional,3149.3421290885685,No Residencial,0.0
2021-12-01,BUIN - PAINE - LINDEROS - MAIPO - ALTO JAHUEL;AGUAS ANDINAS;No Asociado a Inmueble,38799.57955753784,No Residencial,42135.12
2021-12-01,BUIN - PAINE - LINDEROS - MAIPO - ALTO JAHUEL;AGUAS ANDINAS;Residencial,776552.5613780443,Residencial,739149.75
2022-01-01,BUIN - PAINE - LINDEROS - MAIPO - ALTO JAHUEL;AGUAS ANDINAS;Comercial,177007.19801143085,No Residencial,158158.76
2022-01-01,BUIN - PAINE - LINDEROS - MAIPO - ALTO JAHUEL;AGUAS ANDINAS;Industrial,16099.673563707993,No Residencial,12461.0
2022-01-01,BUIN - PAINE - LINDEROS - MAIPO - ALTO JAHUEL;AGUAS ANDINAS;Institucional,3163.441744388582,No Residencial,5476.0
2022-01-01,BUIN - PAINE - LINDEROS - MAIPO - ALTO JAHUEL;AGUAS ANDINAS;No Asociado a Inmueble,41278.2535640328,No Residencial,46063.43
2022-01-01,BUIN - PAINE - LINDEROS - MAIPO - ALTO JAHUEL;AGUAS ANDINAS;Residencial,798183.5217433681,Residencial,738600.3699999999
2022-02-01,BUIN - PAINE - LINDEROS - MAIPO - ALTO JAHUEL;AGUAS ANDINAS;Comercial,182163.3425753703,No Residencial,170796.75
2022-02-01,BUIN - PAINE - LINDEROS - MAIPO - ALTO JAHUEL;AGUAS ANDINAS;Industrial,16299.199127155422,No Residencial,14829.0
2022-02-01,BUIN - PAINE - LINDEROS - MAIPO - ALTO JAHUEL;AGUAS ANDINAS;Institucional,1910.2950727910986,No Residencial,0.0
2022-02-01,BUIN - PAINE - LINDEROS - MAIPO - ALTO JAHUEL;AGUAS ANDINAS;No Asociado a Inmueble,44184.224316136184,No Residencial,48770.53
2022-02-01,BUIN - PAINE - LINDEROS - MAIPO - ALTO JAHUEL;AGUAS ANDINAS;Residencial,789264.057190861,Residencial,707279.43
2022-03-01,BUIN - PAINE - LINDEROS - MAIPO - ALTO JAHUEL;AGUAS ANDINAS;Comercial,181102.37966834242,No Residencial,174963.55
2022-03-01,BUIN - PAINE - LINDEROS - MAIPO - ALTO JAHUEL;AGUAS ANDINAS;Industrial,16654.220648318544,No Residencial,11742.0
2022-03-01,BUIN - PAINE - LINDEROS - MAIPO - ALTO JAHUEL;AGUAS ANDINAS;Institucional,3286.920049402547,No Residencial,5320.0
2022-03-01,BUIN - PAINE - LINDEROS - MAIPO - ALTO JAHUEL;AGUAS ANDINAS;No Asociado a Inmueble,43822.9382966358,No Residencial,46756.67
2022-03-01,BUIN - PAINE - LINDEROS - MAIPO - ALTO JAHUEL;AGUAS ANDINAS;Residencial,777970.0607282404,Residencial,743918.7
2022-04-01,BUIN - PAINE - LINDEROS - MAIPO - ALTO JAHUEL;AGUAS ANDINAS;Comercial,175023.47341941137,No Residencial,166756.15
2022-04-01,BUIN - PAINE - LINDEROS - MAIPO - ALTO JAHUEL;AGUAS ANDINAS;Industrial,16379.250151871667,No Residencial,10449.0
2022-04-01,BUIN - PAINE - LINDEROS - MAIPO - ALTO JAHUEL;AGUAS ANDINAS;Institucional,3173.243244185154,No Residencial,0.0
2022-04-01,BUIN - PAINE - LINDEROS - MAIPO - ALTO JAHUEL;AGUAS ANDINAS;No Asociado a Inmueble,40175.73260723572,No Residencial,39123.51
2022-04-01,BUIN - PAINE - LINDEROS - MAIPO - ALTO JAHUEL;AGUAS ANDINAS;Residencial,746449.1001016592,Residencial,698131.55
2022-05-01,BUIN - PAINE - LINDEROS - MAIPO - ALTO JAHUEL;AGUAS ANDINAS;Comercial,168478.00868264635,No Residencial,152848.04
2022-05-01,BUIN - PAINE - LINDEROS - MAIPO - ALTO JAHUEL;AGUAS ANDINAS;Industrial,15849.798809629197,No Residencial,11567.0
2022-05-01,BUIN - PAINE - LINDEROS - MAIPO - ALTO JAHUEL;AGUAS ANDINAS;Institucional,3725.097791376429,No Residencial,5206.0
2022-05-01,BUIN - PAINE - LINDEROS - MAIPO - ALTO JAHUEL;AGUAS ANDINAS;No Asociado a Inmueble,34219.67950632773,No Residencial,42330.22
2022-05-01,BUIN - PAINE - LINDEROS - MAIPO - ALTO JAHUEL;AGUAS ANDINAS;Residencial,719453.2384570119,Residencial,642824.19
2022-06-01,BUIN - PAINE - LINDEROS - MAIPO - ALTO JAHUEL;AGUAS ANDINAS;Comercial,162482.6811403288,No Residencial,152383.0
2022-06-01,BUIN - PAINE - LINDEROS - MAIPO - ALTO JAHUEL;AGUAS ANDINAS;Industrial,15099.679430746468,No Residencial,9907.0
2022-06-01,BUIN - PAINE - LINDEROS - MAIPO - ALTO JAHUEL;AGUAS ANDINAS;Institucional,3073.999620277822,No Residencial,0.0
2022-06-01,BUIN - PAINE - LINDEROS - MAIPO - ALTO JAHUEL;AGUAS ANDINAS;No Asociado a Inmueble,30573.90717539953,No Residencial,25185.11
2022-06-01,BUIN - PAINE - LINDEROS - MAIPO - ALTO JAHUEL;AGUAS ANDINAS;Residencial,687538.868535035,Residencial,632002.52
2022-07-01,BUIN - PAINE - LINDEROS - MAIPO - ALTO JAHUEL;AGUAS ANDINAS;Comercial,155599.78510264453,No Residencial,149634.04
2022-07-01,BUIN - PAINE - LINDEROS - MAIPO - ALTO JAHUEL;AGUAS ANDINAS;Industrial,14227.855637410876,No Residencial,18202.0
2022-07-01,BUIN - PAINE - LINDEROS - MAIPO - ALTO JAHUEL;AGUAS ANDINAS;Institucional,3162.9825009126857,No Residencial,5012.0
2022-07-01,BUIN - PAINE - LINDEROS - MAIPO - ALTO JAHUEL;AGUAS ANDINAS;No Asociado a Inmueble,28006.507771858764,No Residencial,23011.31
2022-07-01,BUIN - PAINE - LINDEROS - MAIPO - ALTO JAHUEL;AGUAS ANDINAS;Residencial,668116.0271103039,Residencial,620361.04
2022-08-01,BUIN - PAINE - LINDEROS - MAIPO - ALTO JAHUEL;AGUAS ANDINAS;Comercial,155680.60122935375,No Residencial,138781.11000000002
2022-08-01,BUIN - PAINE - LINDEROS - MAIPO - ALTO JAHUEL;AGUAS ANDINAS;Industrial,14001.380738680731,No Residencial,18550.0
2022-08-01,BUIN - PAINE - LINDEROS - MAIPO - ALTO JAHUEL;AGUAS ANDINAS;Institucional,2481.9044132728254,No Residencial,0.0
2022-08-01,BUIN - PAINE - LINDEROS - MAIPO - ALTO JAHUEL;AGUAS ANDINAS;No Asociado a Inmueble,27177.631277173423,No Residencial,24727.58
2022-08-01,BUIN - PAINE - LINDEROS - MAIPO - ALTO JAHUEL;AGUAS ANDINAS;Residencial,665755.5688702378,Residencial,614442.4400000001
2022-09-01,BUIN - PAINE - LINDEROS - MAIPO - ALTO JAHUEL;AGUAS ANDINAS;Comercial,155579.58867828743,No Residencial,162632.33
2022-09-01,BUIN - PAINE - LINDEROS - MAIPO - ALTO JAHUEL;AGUAS ANDINAS;Industrial,14786.610547286891,No Residencial,17406.0
2022-09-01,BUIN - PAINE - LINDEROS - MAIPO - ALTO JAHUEL;AGUAS ANDINAS;Institucional,2639.0758704692594,No Residencial,3664.0
2022-09-01,BUIN - PAINE - LINDEROS - MAIPO - ALTO JAHUEL;AGUAS ANDINAS;No Asociado a Inmueble,27911.192730507668,No Residencial,27974.78
2022-09-01,BUIN - PAINE - LINDEROS - MAIPO - ALTO JAHUEL;AGUAS ANDINAS;Residencial,682133.5016652369,Residencial,611249.02
2022-10-01,BUIN - PAINE - LINDEROS - MAIPO - ALTO JAHUEL;AGUAS ANDINAS;Comercial,159510.93977174378,No Residencial,147120.11
2022-10-01,BUIN - PAINE - LINDEROS - MAIPO - ALTO JAHUEL;AGUAS ANDINAS;Industrial,15403.633029001061,No Residencial,18046.0
2022-10-01,BUIN - PAINE - LINDEROS - MAIPO - ALTO JAHUEL;AGUAS ANDINAS;Institucional,2771.6100050206674,No Residencial,0.0
2022-10-01,BUIN - PAINE - LINDEROS - MAIPO - ALTO JAHUEL;AGUAS ANDINAS;No Asociado a Inmueble,30240.947401486286,No Residencial,32720.88
2022-10-01,BUIN - PAINE - LINDEROS - MAIPO - ALTO JAHUEL;AGUAS ANDINAS;Residencial,724045.9841535508,Residencial,666408.1000000001
2022-11-01,BUIN - PAINE - LINDEROS - MAIPO - ALTO JAHUEL;AGUAS ANDINAS;Comercial,165739.24850932148,No Residencial,161932.63
2022-11-01,BUIN - PAINE - LINDEROS - MAIPO - ALTO JAHUEL;AGUAS ANDINAS;Industrial,16093.229492259692,No Residencial,21035.0
2022-11-01,BUIN - PAINE - LINDEROS - MAIPO - ALTO JAHUEL;AGUAS ANDINAS;Institucional,3138.5070251600428,No Residencial,4336.0
2022-11-01,BUIN - PAINE - LINDEROS - MAIPO - ALTO JAHUEL;AGUAS ANDINAS;No Asociado a Inmueble,32564.3420391429,No Residencial,40411.28999999999
2022-11-01,BUIN - PAINE - LINDEROS - MAIPO - ALTO JAHUEL;AGUAS ANDINAS;Residencial,767162.899397548,Residencial,709204.75
2022-12-01,BUIN - PAINE - LINDEROS - MAIPO - ALTO JAHUEL;AGUAS ANDINAS;Comercial,170979.34650038023,No Residencial,173045.68
2022-12-01,BUIN - PAINE - LINDEROS - MAIPO - ALTO JAHUEL;AGUAS ANDINAS;Industrial,16799.771527101006,No Residencial,24629.0
2022-12-01,BUIN - PAINE - LINDEROS - MAIPO - ALTO JAHUEL;AGUAS ANDINAS;Institucional,2964.333426366401,No Residencial,0.0
2022-12-01,BUIN - PAINE - LINDEROS - MAIPO - ALTO JAHUEL;AGUAS ANDINAS;No Asociado a Inmueble,36066.859060291084,No Residencial,51800.12
2022-12-01,BUIN - PAINE - LINDEROS - MAIPO - ALTO JAHUEL;AGUAS ANDINAS;Residencial,805761.7124095229,Residencial,743091.91
2023-01-01,BUIN - PAINE - LINDEROS - MAIPO - ALTO JAHUEL;AGUAS ANDINAS;Comercial,177369.30975463102,No Residencial,166633.22
2023-01-01,BUIN - PAINE - LINDEROS - MAIPO - ALTO JAHUEL;AGUAS ANDINAS;Industrial,17476.130806876346,No Residencial,20751.0
2023-01-01,BUIN - PAINE - LINDEROS - MAIPO - ALTO JAHUEL;AGUAS ANDINAS;Institucional,3629.9917666410547,No Residencial,4260.0
2023-01-01,BUIN - PAINE - LINDEROS - MAIPO - ALTO JAHUEL;AGUAS ANDINAS;No Asociado a Inmueble,39477.986374316795,No Residencial,51052.76
2023-01-01,BUIN - PAINE - LINDEROS - MAIPO - ALTO JAHUEL;AGUAS ANDINAS;Residencial,827740.0809570698,Residencial,740152.4600000001
2023-02-01,BUIN - PAINE - LINDEROS - MAIPO - ALTO JAHUEL;AGUAS ANDINAS;Comercial,181124.62028984248,No Residencial,150898.27000000002
2023-02-01,BUIN - PAINE - LINDEROS - MAIPO - ALTO JAHUEL;AGUAS ANDINAS;Industrial,18037.711788217952,No Residencial,20126.0
2023-02-01,BUIN - PAINE - LINDEROS - MAIPO - ALTO JAHUEL;AGUAS ANDINAS;Institucional,3623.620957486604,No Residencial,0.0
2023-02-01,BUIN - PAINE - LINDEROS - MAIPO - ALTO JAHUEL;AGUAS ANDINAS;No Asociado a Inmueble,42787.666534455,No Residencial,54444.21
2023-02-01,BUIN - PAINE - LINDEROS - MAIPO - ALTO JAHUEL;AGUAS ANDINAS;Residencial,824544.5639190674,Residencial,715249.37
2023-03-01,BUIN - PAINE - LINDEROS - MAIPO - ALTO JAHUEL;AGUAS ANDINAS;Comercial,179811.9380238026,No Residencial,177522.66
2023-03-01,BUIN - PAINE - LINDEROS - MAIPO - ALTO JAHUEL;AGUAS ANDINAS;Industrial,18405.458601770486,No Residencial,21830.0
2023-03-01,BUIN - PAINE - LINDEROS - MAIPO - ALTO JAHUEL;AGUAS ANDINAS;Institucional,4299.685953332624,No Residencial,4457.0
2023-03-01,BUIN - PAINE - LINDEROS - MAIPO - ALTO JAHUEL;AGUAS ANDINAS;No Asociado a Inmueble,43642.66768994152,No Residencial,55858.3
2023-03-01,BUIN - PAINE - LINDEROS - MAIPO - ALTO JAHUEL;AGUAS ANDINAS;Residencial,812263.9195576357,Residencial,760169.77
2023-04-01,BUIN - PAINE - LINDEROS - MAIPO - ALTO JAHUEL;AGUAS ANDINAS;Comercial,175170.17163483374,No Residencial,166048.53
2023-04-01,BUIN - PAINE - LINDEROS - MAIPO - ALTO JAHUEL;AGUAS ANDINAS;Industrial,17870.269907508173,No Residencial,18246.0
2023-04-01,BUIN - PAINE - LINDEROS - MAIPO - ALTO JAHUEL;AGUAS ANDINAS;Institucional,3932.67592245457,No Residencial,0.0
2023-04-01,BUIN - PAINE - LINDEROS - MAIPO - ALTO JAHUEL;AGUAS ANDINAS;No Asociado a Inmueble,39610.89948892887,No Residencial,52769.47
2023-04-01,BUIN - PAINE - LINDEROS - MAIPO - ALTO JAHUEL;AGUAS ANDINAS;Residencial,775863.0118303316,Residencial,718599.97
2023-05-01,BUIN - PAINE - LINDEROS - MAIPO - ALTO JAHUEL;AGUAS ANDINAS;Comercial,169510.6812245607,No Residencial,153417.38
2023-05-01,BUIN - PAINE - LINDEROS - MAIPO - ALTO JAHUEL;AGUAS ANDINAS;Industrial,17298.425448422673,No Residencial,16621.0
2023-05-01,BUIN - PAINE - LINDEROS - MAIPO - ALTO JAHUEL;AGUAS ANDINAS;Institucional,3915.186869609647,No Residencial,3632.0
2023-05-01,BUIN - PAINE - LINDEROS - MAIPO - ALTO JAHUEL;AGUAS ANDINAS;No Asociado a Inmueble,34346.55916804559,No Residencial,34668.14
2023-05-01,BUIN - PAINE - LINDEROS - MAIPO - ALTO JAHUEL;AGUAS ANDINAS;Residencial,742872.7241400051,Residencial,693670.95
2023-06-01,BUIN - PAINE - LINDEROS - MAIPO - ALTO JAHUEL;AGUAS ANDINAS;Comercial,164383.55524627128,No Residencial,147589.11
2023-06-01,BUIN - PAINE - LINDEROS - MAIPO - ALTO JAHUEL;AGUAS ANDINAS;Industrial,16398.39176891325,No Residencial,16903.0
2023-06-01,BUIN - PAINE - LINDEROS - MAIPO - ALTO JAHUEL;AGUAS ANDINAS;Institucional,3128.2512631692525,No Residencial,0.0
2023-06-01,BUIN - PAINE - LINDEROS - MAIPO - ALTO JAHUEL;AGUAS ANDINAS;No Asociado a Inmueble,32053.574360068833,No Residencial,35194.44
2023-06-01,BUIN - PAINE - LINDEROS - MAIPO - ALTO JAHUEL;AGUAS ANDINAS;Residencial,711529.3853113035,Residencial,648177.26
2023-07-01,BUIN - PAINE - LINDEROS - MAIPO - ALTO JAHUEL;AGUAS ANDINAS;Comercial,157811.18884741733,No Residencial,140022.91
2023-07-01,BUIN - PAINE - LINDEROS - MAIPO - ALTO JAHUEL;AGUAS ANDINAS;Industrial,15567.8666596306,No Residencial,19817.0
2023-07-01,BUIN - PAINE - LINDEROS - MAIPO - ALTO JAHUEL;AGUAS ANDINAS;Institucional,2926.915515888281,No Residencial,4593.0
2023-07-01,BUIN - PAINE - LINDEROS - MAIPO - ALTO JAHUEL;AGUAS ANDINAS;No Asociado a Inmueble,29551.619254924095,No Residencial,27941.03
2023-07-01,BUIN - PAINE - LINDEROS - MAIPO - ALTO JAHUEL;AGUAS ANDINAS;Residencial,693147.6185520467,Residencial,659279.8099999999
2023-08-01,BUIN - PAINE - LINDEROS - MAIPO - ALTO JAHUEL;AGUAS ANDINAS;Comercial,156753.7684940091,No Residencial,145061.96000000002
2023-08-01,BUIN - PAINE - LINDEROS - MAIPO - ALTO JAHUEL;AGUAS ANDINAS;Industrial,15138.009912051666,No Residencial,20110.0
2023-08-01,BUIN - PAINE - LINDEROS - MAIPO - ALTO JAHUEL;AGUAS ANDINAS;Institucional,3150.0297971632394,No Residencial,0.0
2023-08-01,BUIN - PAINE - LINDEROS - MAIPO - ALTO JAHUEL;AGUAS ANDINAS;No Asociado a Inmueble,28419.28204024293,No Residencial,28153.04
2023-08-01,BUIN - PAINE - LINDEROS - MAIPO - ALTO JAHUEL;AGUAS ANDINAS;Residencial,684407.3909071424,Residencial,642134.3600000001
2023-09-01,BUIN - PAINE - LINDEROS - MAIPO - ALTO JAHUEL;AGUAS ANDINAS;Comercial,156808.01567127745,No Residencial,134838.53999999998
2023-09-01,BUIN - PAINE - LINDEROS - MAIPO - ALTO JAHUEL;AGUAS ANDINAS;Industrial,15518.476834048026,No Residencial,17502.0
2023-09-01,BUIN - PAINE - LINDEROS - MAIPO - ALTO JAHUEL;AGUAS ANDINAS;Institucional,3402.729695669259,No Residencial,5273.0
2023-09-01,BUIN - PAINE - LINDEROS - MAIPO - ALTO JAHUEL;AGUAS ANDINAS;No Asociado a Inmueble,29768.64788441188,No Residencial,25176.62
2023-09-01,BUIN - PAINE - LINDEROS - MAIPO - ALTO JAHUEL;AGUAS ANDINAS;Residencial,712196.8935286624,Residencial,617274.02
2023-10-01,BUIN - PAINE - LINDEROS - MAIPO - ALTO JAHUEL;AGUAS ANDINAS;Comercial,158464.110281442,No Residencial,136413.43
2023-10-01,BUIN - PAINE - LINDEROS - MAIPO - ALTO JAHUEL;AGUAS ANDINAS;Industrial,15783.372261853894,No Residencial,17186.0
2023-10-01,BUIN - PAINE - LINDEROS - MAIPO - ALTO JAHUEL;AGUAS ANDINAS;Institucional,4494.799824502431,No Residencial,0.0
2023-10-01,BUIN - PAINE - LINDEROS - MAIPO - ALTO JAHUEL;AGUAS ANDINAS;No Asociado a Inmueble,32957.23291518056,No Residencial,26808.79
2023-10-01,BUIN - PAINE - LINDEROS - MAIPO - ALTO JAHUEL;AGUAS ANDINAS;Residencial,749229.8064630952,Residencial,655786.78
2023-11-01,BUIN - PAINE - LINDEROS - MAIPO - ALTO JAHUEL;AGUAS ANDINAS;Comercial,162834.09965022176,No Residencial,149369.15000000002
2023-11-01,BUIN - PAINE - LINDEROS - MAIPO - ALTO JAHUEL;AGUAS ANDINAS;Industrial,16236.992008873915,No Residencial,21869.0
2023-11-01,BUIN - PAINE - LINDEROS - MAIPO - ALTO JAHUEL;AGUAS ANDINAS;Institucional,4522.332870118157,No Residencial,5179.0
2023-11-01,BUIN - PAINE - LINDEROS - MAIPO - ALTO JAHUEL;AGUAS ANDINAS;No Asociado a Inmueble,38001.80746221092,No Residencial,34553.67
2023-11-01,BUIN - PAINE - LINDEROS - MAIPO - ALTO JAHUEL;AGUAS ANDINAS;Residencial,793854.7210644982,Residencial,674929.13
2023-12-01,BUIN - PAINE - LINDEROS - MAIPO - ALTO JAHUEL;AGUAS ANDINAS;Comercial,167818.64256498133,No Residencial,166604.83000000002
2023-12-01,BUIN - PAINE - LINDEROS - MAIPO - ALTO JAHUEL;AGUAS ANDINAS;Industrial,16864.131315533203,No Residencial,19278.0
2023-12-01,BUIN - PAINE - LINDEROS - MAIPO - ALTO JAHUEL;AGUAS ANDINAS;Institucional,4577.584691937937,No Residencial,0.0
2023-12-01,BUIN - PAINE - LINDEROS - MAIPO - ALTO JAHUEL;AGUAS ANDINAS;No Asociado a Inmueble,43368.649116394925,No Residencial,42227.98
2023-12-01,BUIN - PAINE - LINDEROS - MAIPO - ALTO JAHUEL;AGUAS ANDINAS;Residencial,830083.4711502483,Residencial,720494.1399999999
2024-01-01,BUIN - PAINE - LINDEROS - MAIPO - ALTO JAHUEL;AGUAS ANDINAS;Comercial,173625.408468398,No Residencial,163508.26
2024-01-01,BUIN - PAINE - LINDEROS - MAIPO - ALTO JAHUEL;AGUAS ANDINAS;Industrial,17247.573104143597,No Residencial,19305.0
2024-01-01,BUIN - PAINE - LINDEROS - MAIPO - ALTO JAHUEL;AGUAS ANDINAS;Institucional,4689.560488857971,No Residencial,4602.0
2024-01-01,BUIN - PAINE - LINDEROS - MAIPO - ALTO JAHUEL;AGUAS ANDINAS;No Asociado a Inmueble,46730.954785275564,No Residencial,47919.02
2024-01-01,BUIN - PAINE - LINDEROS - MAIPO - ALTO JAHUEL;AGUAS ANDINAS;Residencial,852518.7831968878,Residencial,753093.8
2024-02-01,BUIN - PAINE - LINDEROS - MAIPO - ALTO JAHUEL;AGUAS ANDINAS;Comercial,178276.03902291815,No Residencial,152827.43
2024-02-01,BUIN - PAINE - LINDEROS - MAIPO - ALTO JAHUEL;AGUAS ANDINAS;Industrial,17545.943746447523,No Residencial,19391.0
2024-02-01,BUIN - PAINE - LINDEROS - MAIPO - ALTO JAHUEL;AGUAS ANDINAS;Institucional,4999.04608320268,No Residencial,0.0
2024-02-01,BUIN - PAINE - LINDEROS - MAIPO - ALTO JAHUEL;AGUAS ANDINAS;No Asociado a Inmueble,49782.61778883832,No Residencial,50856.07
2024-02-01,BUIN - PAINE - LINDEROS - MAIPO - ALTO JAHUEL;AGUAS ANDINAS;Residencial,844982.4988795144,Residencial,792816.42
2024-03-01,BUIN - PAINE - LINDEROS - MAIPO - ALTO JAHUEL;AGUAS ANDINAS;Comercial,178759.42465811595,No Residencial,158791.9
2024-03-01,BUIN - PAINE - LINDEROS - MAIPO - ALTO JAHUEL;AGUAS ANDINAS;Industrial,17790.507505481837,No Residencial,25304.0
2024-03-01,BUIN - PAINE - LINDEROS - MAIPO - ALTO JAHUEL;AGUAS ANDINAS;Institucional,5168.198178872437,No Residencial,3947.0
2024-03-01,BUIN - PAINE - LINDEROS - MAIPO - ALTO JAHUEL;AGUAS ANDINAS;No Asociado a Inmueble,49520.18033100969,No Residencial,49085.12
2024-03-01,BUIN - PAINE - LINDEROS - MAIPO - ALTO JAHUEL;AGUAS ANDINAS;Residencial,830901.5779399625,Residencial,776210.54
2024-04-01,BUIN - PAINE - LINDEROS - MAIPO - ALTO JAHUEL;AGUAS ANDINAS;Comercial,173769.31639584506,No Residencial,161706.32
2024-04-01,BUIN - PAINE - LINDEROS - MAIPO - ALTO JAHUEL;AGUAS ANDINAS;Industrial,17365.313071786975,No Residencial,20575.0
2024-04-01,BUIN - PAINE - LINDEROS - MAIPO - ALTO JAHUEL;AGUAS ANDINAS;Institucional,4785.792618085585,No Residencial,0.0
2024-04-01,BUIN - PAINE - LINDEROS - MAIPO - ALTO JAHUEL;AGUAS ANDINAS;No Asociado a Inmueble,46520.200474411955,No Residencial,44251.85
2024-04-01,BUIN - PAINE - LINDEROS - MAIPO - ALTO JAHUEL;AGUAS ANDINAS;Residencial,798876.1871241917,Residencial,744736.67
2024-05-01,BUIN - PAINE - LINDEROS - MAIPO - ALTO JAHUEL;AGUAS ANDINAS;Comercial,168162.11673401442,No Residencial,156461.37
2024-05-01,BUIN - PAINE - LINDEROS - MAIPO - ALTO JAHUEL;AGUAS ANDINAS;Industrial,16172.861087432573,No Residencial,18225.0
2024-05-01,BUIN - PAINE - LINDEROS - MAIPO - ALTO JAHUEL;AGUAS ANDINAS;Institucional,3890.1572524841176,No Residencial,4132.0
2024-05-01,BUIN - PAINE - LINDEROS - MAIPO - ALTO JAHUEL;AGUAS ANDINAS;No Asociado a Inmueble,42326.89917185573,No Residencial,40876.22
2024-05-01,BUIN - PAINE - LINDEROS - MAIPO - ALTO JAHUEL;AGUAS ANDINAS;Residencial,762886.6972676163,Residencial,703932.98
2024-06-01,BUIN - PAINE - LINDEROS - MAIPO - ALTO JAHUEL;AGUAS ANDINAS;Comercial,161532.21268385314,No Residencial,147402.94
2024-06-01,BUIN - PAINE - LINDEROS - MAIPO - ALTO JAHUEL;AGUAS ANDINAS;Industrial,14725.847926878043,No Residencial,17542.0
2024-06-01,BUIN - PAINE - LINDEROS - MAIPO - ALTO JAHUEL;AGUAS ANDINAS;Institucional,2689.236611415906,No Residencial,0.0
2024-06-01,BUIN - PAINE - LINDEROS - MAIPO - ALTO JAHUEL;AGUAS ANDINAS;No Asociado a Inmueble,37137.601397155995,No Residencial,28052.56
2024-06-01,BUIN - PAINE - LINDEROS - MAIPO - ALTO JAHUEL;AGUAS ANDINAS;Residencial,729637.8199282556,Residencial,642932.13
2024-07-01,BUIN - PAINE - LINDEROS - MAIPO - ALTO JAHUEL;AGUAS ANDINAS;Comercial,156828.38842441663,No Residencial,137926.59
2024-07-01,BUIN - PAINE - LINDEROS - MAIPO - ALTO JAHUEL;AGUAS ANDINAS;Industrial,14237.88546856599,No Residencial,15676.0
2024-07-01,BUIN - PAINE - LINDEROS - MAIPO - ALTO JAHUEL;AGUAS ANDINAS;Institucional,2359.820796866578,No Residencial,4375.0
2024-07-01,BUIN - PAINE - LINDEROS - MAIPO - ALTO JAHUEL;AGUAS ANDINAS;No Asociado a Inmueble,34019.552705233786,No Residencial,30799.57
2024-07-01,BUIN - PAINE - LINDEROS - MAIPO - ALTO JAHUEL;AGUAS ANDINAS;Residencial,715899.6216643866,Residencial,640250.26
2024-08-01,BUIN - PAINE - LINDEROS - MAIPO - ALTO JAHUEL;AGUAS ANDINAS;Comercial,155520.75689919907,No Residencial,137955.09
2024-08-01,BUIN - PAINE - LINDEROS - MAIPO - ALTO JAHUEL;AGUAS ANDINAS;Industrial,14143.581043304874,No Residencial,17458.0
2024-08-01,BUIN - PAINE - LINDEROS - MAIPO - ALTO JAHUEL;AGUAS ANDINAS;Institucional,2301.3438007662207,No Residencial,0.0
2024-08-01,BUIN - PAINE - LINDEROS - MAIPO - ALTO JAHUEL;AGUAS ANDINAS;No Asociado a Inmueble,32712.18078452605,No Residencial,35939.78
2024-08-01,BUIN - PAINE - LINDEROS - MAIPO - ALTO JAHUEL;AGUAS ANDINAS;Residencial,723715.3022237526,Residencial,623460.25
2024-09-01,BUIN - PAINE - LINDEROS - MAIPO - ALTO JAHUEL;AGUAS ANDINAS;Comercial,156036.01811795752,No Residencial,149628.46
2024-09-01,BUIN - PAINE - LINDEROS - MAIPO - ALTO JAHUEL;AGUAS ANDINAS;Industrial,15120.492355891887,No Residencial,15882.0
2024-09-01,BUIN - PAINE - LINDEROS - MAIPO - ALTO JAHUEL;AGUAS ANDINAS;Institucional,3343.064145652143,No Residencial,3542.0
2024-09-01,BUIN - PAINE - LINDEROS - MAIPO - ALTO JAHUEL;AGUAS ANDINAS;No Asociado a Inmueble,33794.86344154191,No Residencial,29693.95
2024-09-01,BUIN - PAINE - LINDEROS - MAIPO - ALTO JAHUEL;AGUAS ANDINAS;Residencial,757737.3047093414,Residencial,625561.21
2024-10-01,BUIN - PAINE - LINDEROS - MAIPO - ALTO JAHUEL;AGUAS ANDINAS;Comercial,158759.69390075508,No Residencial,154484.5
2024-10-01,BUIN - PAINE - LINDEROS - MAIPO - ALTO JAHUEL;AGUAS ANDINAS;Industrial,15847.543406310186,No Residencial,15212.0
2024-10-01,BUIN - PAINE - LINDEROS - MAIPO - ALTO JAHUEL;AGUAS ANDINAS;Institucional,4060.7524272513665,No Residencial,0.0
2024-10-01,BUIN - PAINE - LINDEROS - MAIPO - ALTO JAHUEL;AGUAS ANDINAS;No Asociado a Inmueble,36555.26250826785,No Residencial,35538.54
2024-10-01,BUIN - PAINE - LINDEROS - MAIPO - ALTO JAHUEL;AGUAS ANDINAS;Residencial,800831.8454605776,Residencial,637124.65
2024-11-01,BUIN - PAINE - LINDEROS - MAIPO - ALTO JAHUEL;AGUAS ANDINAS;Comercial,163315.45613440726,No Residencial,154941.06
2024-11-01,BUIN - PAINE - LINDEROS - MAIPO - ALTO JAHUEL;AGUAS ANDINAS;Industrial,16562.272248934158,No Residencial,19176.0
2024-11-01,BUIN - PAINE - LINDEROS - MAIPO - ALTO JAHUEL;AGUAS ANDINAS;Institucional,4133.716807960376,No Residencial,4067.0
2024-11-01,BUIN - PAINE - LINDEROS - MAIPO - ALTO JAHUEL;AGUAS ANDINAS;No Asociado a Inmueble,39055.25919063212,No Residencial,42948.31
2024-11-01,BUIN - PAINE - LINDEROS - MAIPO - ALTO JAHUEL;AGUAS ANDINAS;Residencial,844983.3223263102,Residencial,705987.99
2024-12-01,BUIN - PAINE - LINDEROS - MAIPO - ALTO JAHUEL;AGUAS ANDINAS;Comercial,168497.56805369447,No Residencial,173687.41
2024-12-01,BUIN - PAINE - LINDEROS - MAIPO - ALTO JAHUEL;AGUAS ANDINAS;Industrial,17268.00956075572,No Residencial,21097.0
2024-12-01,BUIN - PAINE - LINDEROS - MAIPO - ALTO JAHUEL;AGUAS ANDINAS;Institucional,4321.604965269295,No Residencial,0.0
2024-12-01,BUIN - PAINE - LINDEROS - MAIPO - ALTO JAHUEL;AGUAS ANDINAS;No Asociado a Inmueble,40760.64947435791,No Residencial,46995.65
2024-12-01,BUIN - PAINE - LINDEROS - MAIPO - ALTO JAHUEL;AGUAS ANDINAS;Residencial,879532.7569358957,Residencial,757729.7
