id_combinacion,Fecha,M3 Ap,y_pred,Grupo Cliente
BUIN - PAINE - LINDEROS - MAIPO - ALTO JAHUEL;AGUAS ANDINAS;Comercial,2020-01-01,185540.06,181714.78054298184,No Residencial
BUIN - PAINE - LINDEROS - MAIPO - ALTO JAHUEL;AGUAS ANDINAS;Comercial,2020-02-01,181478.57,179667.64153646774,No Residencial
BUIN - PAINE - LINDEROS - MAIPO - ALTO JAHUEL;AGUAS ANDINAS;Comercial,2020-03-01,172502.43,179425.10872302236,No Residencial
BUIN - PAINE - LINDEROS - MAIPO - ALTO JAHUEL;AGUAS ANDINAS;Comercial,2020-04-01,155437.23,160553.87931182102,No Residencial
BUIN - PAINE - LINDEROS - MAIPO - ALTO JAHUEL;AGUAS ANDINAS;Comercial,2020-05-01,143846.24,151842.56127509233,No Residencial
BUIN - PAINE - LINDEROS - MAIPO - ALTO JAHUEL;AGUAS ANDINAS;Comercial,2020-06-01,143287.26,148919.9033228378,No Residencial
BUIN - PAINE - LINDEROS - MAIPO - ALTO JAHUEL;AGUAS ANDINAS;Comercial,2020-07-01,127058.94,139844.07108027636,No Residencial
BUIN - PAINE - LINDEROS - MAIPO - ALTO JAHUEL;AGUAS ANDINAS;Comercial,2020-08-01,119506.54,139526.29572802645,No Residencial
BUIN - PAINE - LINDEROS - MAIPO - ALTO JAHUEL;AGUAS ANDINAS;Comercial,2020-09-01,130193.22,149635.7184942205,No Residencial
BUIN - PAINE - LINDEROS - MAIPO - ALTO JAHUEL;AGUAS ANDINAS;Comercial,2020-10-01,133600.77000000002,151683.39396795986,No Residencial
BUIN - PAINE - LINDEROS - MAIPO - ALTO JAHUEL;AGUAS ANDINAS;Comercial,2020-11-01,146589.76,167647.94515730353,No Residencial
BUIN - PAINE - LINDEROS - MAIPO - ALTO JAHUEL;AGUAS ANDINAS;Comercial,2020-12-01,160601.21,180903.25183090844,No Residencial
BUIN - PAINE - LINDEROS - MAIPO - ALTO JAHUEL;AGUAS ANDINAS;Comercial,2021-01-01,164003.46,178643.19282903662,No Residencial
BUIN - PAINE - LINDEROS - MAIPO - ALTO JAHUEL;AGUAS ANDINAS;Comercial,2021-02-01,155079.39,177289.41641576038,No Residencial
BUIN - PAINE - LINDEROS - MAIPO - ALTO JAHUEL;AGUAS ANDINAS;Comercial,2021-03-01,172939.94,171419.1095240849,No Residencial
BUIN - PAINE - LINDEROS - MAIPO - ALTO JAHUEL;AGUAS ANDINAS;Comercial,2021-04-01,157951.88,164973.4061385666,No Residencial
BUIN - PAINE - LINDEROS - MAIPO - ALTO JAHUEL;AGUAS ANDINAS;Comercial,2021-05-01,150949.68,154755.928730076,No Residencial
BUIN - PAINE - LINDEROS - MAIPO - ALTO JAHUEL;AGUAS ANDINAS;Comercial,2021-06-01,139869.64,144492.985657348,No Residencial
BUIN - PAINE - LINDEROS - MAIPO - ALTO JAHUEL;AGUAS ANDINAS;Comercial,2021-07-01,139160.18,140159.22682194982,No Residencial
BUIN - PAINE - LINDEROS - MAIPO - ALTO JAHUEL;AGUAS ANDINAS;Comercial,2021-08-01,136830.45,138955.76190205145,No Residencial
BUIN - PAINE - LINDEROS - MAIPO - ALTO JAHUEL;AGUAS ANDINAS;Comercial,2021-09-01,138796.49,147486.42168430582,No Residencial
BUIN - PAINE - LINDEROS - MAIPO - ALTO JAHUEL;AGUAS ANDINAS;Comercial,2021-10-01,160476.05,149348.58114505338,No Residencial
BUIN - PAINE - LINDEROS - MAIPO - ALTO JAHUEL;AGUAS ANDINAS;Comercial,2021-11-01,157489.33000000002,166330.09648258888,No Residencial
BUIN - PAINE - LINDEROS - MAIPO - ALTO JAHUEL;AGUAS ANDINAS;Comercial,2021-12-01,181053.01,179505.02529755884,No Residencial
BUIN - PAINE - LINDEROS - MAIPO - ALTO JAHUEL;AGUAS ANDINAS;Comercial,2022-01-01,158158.76,177253.34367481046,No Residencial
BUIN - PAINE - LINDEROS - MAIPO - ALTO JAHUEL;AGUAS ANDINAS;Comercial,2022-02-01,170796.75,176879.16405299908,No Residencial
BUIN - PAINE - LINDEROS - MAIPO - ALTO JAHUEL;AGUAS ANDINAS;Comercial,2022-03-01,174963.55,175451.32832311932,No Residencial
BUIN - PAINE - LINDEROS - MAIPO - ALTO JAHUEL;AGUAS ANDINAS;Comercial,2022-04-01,166756.15,163612.60723195772,No Residencial
BUIN - PAINE - LINDEROS - MAIPO - ALTO JAHUEL;AGUAS ANDINAS;Comercial,2022-05-01,152848.04,153317.6570162861,No Residencial
BUIN - PAINE - LINDEROS - MAIPO - ALTO JAHUEL;AGUAS ANDINAS;Comercial,2022-06-01,152383.0,147115.5490166847,No Residencial
BUIN - PAINE - LINDEROS - MAIPO - ALTO JAHUEL;AGUAS ANDINAS;Comercial,2022-07-01,149634.04,138626.2659714987,No Residencial
BUIN - PAINE - LINDEROS - MAIPO - ALTO JAHUEL;AGUAS ANDINAS;Comercial,2022-08-01,138781.11000000002,140034.90842694024,No Residencial
BUIN - PAINE - LINDEROS - MAIPO - ALTO JAHUEL;AGUAS ANDINAS;Comercial,2022-09-01,162632.33,149075.70644373324,No Residencial
BUIN - PAINE - LINDEROS - MAIPO - ALTO JAHUEL;AGUAS ANDINAS;Comercial,2022-10-01,147120.11,151079.96643732008,No Residencial
BUIN - PAINE - LINDEROS - MAIPO - ALTO JAHUEL;AGUAS ANDINAS;Comercial,2022-11-01,161932.63,168267.54917631653,No Residencial
BUIN - PAINE - LINDEROS - MAIPO - ALTO JAHUEL;AGUAS ANDINAS;Comercial,2022-12-01,173045.68,182197.56830932363,No Residencial
BUIN - PAINE - LINDEROS - MAIPO - ALTO JAHUEL;AGUAS ANDINAS;Comercial,2023-01-01,166633.22,181507.71204406206,No Residencial
BUIN - PAINE - LINDEROS - MAIPO - ALTO JAHUEL;AGUAS ANDINAS;Comercial,2023-02-01,150898.27000000002,180435.55243999834,No Residencial
BUIN - PAINE - LINDEROS - MAIPO - ALTO JAHUEL;AGUAS ANDINAS;Comercial,2023-03-01,177522.66,178508.18227336445,No Residencial
BUIN - PAINE - LINDEROS - MAIPO - ALTO JAHUEL;AGUAS ANDINAS;Comercial,2023-04-01,166048.53,169782.8086934649,No Residencial
BUIN - PAINE - LINDEROS - MAIPO - ALTO JAHUEL;AGUAS ANDINAS;Comercial,2023-05-01,153417.38,159586.1731252648,No Residencial
BUIN - PAINE - LINDEROS - MAIPO - ALTO JAHUEL;AGUAS ANDINAS;Comercial,2023-06-01,147589.11,150631.80918821314,No Residencial
BUIN - PAINE - LINDEROS - MAIPO - ALTO JAHUEL;AGUAS ANDINAS;Comercial,2023-07-01,140022.91,146393.2462759992,No Residencial
BUIN - PAINE - LINDEROS - MAIPO - ALTO JAHUEL;AGUAS ANDINAS;Comercial,2023-08-01,145061.96000000002,145175.75837393728,No Residencial
BUIN - PAINE - LINDEROS - MAIPO - ALTO JAHUEL;AGUAS ANDINAS;Comercial,2023-09-01,134838.53999999998,153877.50130668603,No Residencial
BUIN - PAINE - LINDEROS - MAIPO - ALTO JAHUEL;AGUAS ANDINAS;Comercial,2023-10-01,136413.43,155819.39772858474,No Residencial
BUIN - PAINE - LINDEROS - MAIPO - ALTO JAHUEL;AGUAS ANDINAS;Comercial,2023-11-01,149369.15000000002,172511.27947809195,No Residencial
BUIN - PAINE - LINDEROS - MAIPO - ALTO JAHUEL;AGUAS ANDINAS;Comercial,2023-12-01,166604.83000000002,187052.3307445294,No Residencial
BUIN - PAINE - LINDEROS - MAIPO - ALTO JAHUEL;AGUAS ANDINAS;Comercial,2024-01-01,163508.26,186453.02756682143,No Residencial
BUIN - PAINE - LINDEROS - MAIPO - ALTO JAHUEL;AGUAS ANDINAS;Comercial,2024-02-01,152827.43,184559.8537725365,No Residencial
BUIN - PAINE - LINDEROS - MAIPO - ALTO JAHUEL;AGUAS ANDINAS;Comercial,2024-03-01,158791.9,183424.56380598145,No Residencial
BUIN - PAINE - LINDEROS - MAIPO - ALTO JAHUEL;AGUAS ANDINAS;Comercial,2024-04-01,161706.32,164797.09053636526,No Residencial
BUIN - PAINE - LINDEROS - MAIPO - ALTO JAHUEL;AGUAS ANDINAS;Comercial,2024-05-01,156461.37,154463.53532319682,No Residencial
BUIN - PAINE - LINDEROS - MAIPO - ALTO JAHUEL;AGUAS ANDINAS;Comercial,2024-06-01,147402.94,145806.23442998293,No Residencial
BUIN - PAINE - LINDEROS - MAIPO - ALTO JAHUEL;AGUAS ANDINAS;Comercial,2024-07-01,137926.59,138620.01578326256,No Residencial
BUIN - PAINE - LINDEROS - MAIPO - ALTO JAHUEL;AGUAS ANDINAS;Comercial,2024-08-01,137955.09,137715.52423655184,No Residencial
BUIN - PAINE - LINDEROS - MAIPO - ALTO JAHUEL;AGUAS ANDINAS;Comercial,2024-09-01,149628.46,146435.14856843633,No Residencial
BUIN - PAINE - LINDEROS - MAIPO - ALTO JAHUEL;AGUAS ANDINAS;Comercial,2024-10-01,154484.5,148288.24256902168,No Residencial
BUIN - PAINE - LINDEROS - MAIPO - ALTO JAHUEL;AGUAS ANDINAS;Comercial,2024-11-01,154941.06,164964.61760618308,No Residencial
BUIN - PAINE - LINDEROS - MAIPO - ALTO JAHUEL;AGUAS ANDINAS;Comercial,2024-12-01,173687.41,180012.7519876228,No Residencial
BUIN - PAINE - LINDEROS - MAIPO - ALTO JAHUEL;AGUAS ANDINAS;No Asociado a Inmueble,2020-01-01,40222.22,41328.80311806654,No Residencial
BUIN - PAINE - LINDEROS - MAIPO - ALTO JAHUEL;AGUAS ANDINAS;No Asociado a Inmueble,2020-02-01,44290.12,45308.34637770079,No Residencial
BUIN - PAINE - LINDEROS - MAIPO - ALTO JAHUEL;AGUAS ANDINAS;No Asociado a Inmueble,2020-03-01,46175.26,45069.29668159056,No Residencial
BUIN - PAINE - LINDEROS - MAIPO - ALTO JAHUEL;AGUAS ANDINAS;No Asociado a Inmueble,2020-04-01,40271.23,41003.792602969086,No Residencial
BUIN - PAINE - LINDEROS - MAIPO - ALTO JAHUEL;AGUAS ANDINAS;No Asociado a Inmueble,2020-05-01,30633.090000000004,34581.93342685696,No Residencial
BUIN - PAINE - LINDEROS - MAIPO - ALTO JAHUEL;AGUAS ANDINAS;No Asociado a Inmueble,2020-06-01,29705.13,28170.860714054572,No Residencial
BUIN - PAINE - LINDEROS - MAIPO - ALTO JAHUEL;AGUAS ANDINAS;No Asociado a Inmueble,2020-07-01,20753.66,21401.803341454997,No Residencial
BUIN - PAINE - LINDEROS - MAIPO - ALTO JAHUEL;AGUAS ANDINAS;No Asociado a Inmueble,2020-08-01,20954.09,21136.614782848825,No Residencial
BUIN - PAINE - LINDEROS - MAIPO - ALTO JAHUEL;AGUAS ANDINAS;No Asociado a Inmueble,2020-09-01,25031.49,23183.60620190081,No Residencial
BUIN - PAINE - LINDEROS - MAIPO - ALTO JAHUEL;AGUAS ANDINAS;No Asociado a Inmueble,2020-10-01,30248.81,26206.106110206587,No Residencial
BUIN - PAINE - LINDEROS - MAIPO - ALTO JAHUEL;AGUAS ANDINAS;No Asociado a Inmueble,2020-11-01,36961.63,31872.222309305896,No Residencial
BUIN - PAINE - LINDEROS - MAIPO - ALTO JAHUEL;AGUAS ANDINAS;No Asociado a Inmueble,2020-12-01,42759.48,38593.522262420905,No Residencial
BUIN - PAINE - LINDEROS - MAIPO - ALTO JAHUEL;AGUAS ANDINAS;No Asociado a Inmueble,2021-01-01,49203.89,42477.15212197005,No Residencial
BUIN - PAINE - LINDEROS - MAIPO - ALTO JAHUEL;AGUAS ANDINAS;No Asociado a Inmueble,2021-02-01,46504.53,47106.49076502665,No Residencial
BUIN - PAINE - LINDEROS - MAIPO - ALTO JAHUEL;AGUAS ANDINAS;No Asociado a Inmueble,2021-03-01,42420.02,45851.471409299455,No Residencial
BUIN - PAINE - LINDEROS - MAIPO - ALTO JAHUEL;AGUAS ANDINAS;No Asociado a Inmueble,2021-04-01,40998.22,39811.382234287994,No Residencial
BUIN - PAINE - LINDEROS - MAIPO - ALTO JAHUEL;AGUAS ANDINAS;No Asociado a Inmueble,2021-05-01,35326.53,34598.8871380055,No Residencial
BUIN - PAINE - LINDEROS - MAIPO - ALTO JAHUEL;AGUAS ANDINAS;No Asociado a Inmueble,2021-06-01,30639.48,28540.34617516211,No Residencial
BUIN - PAINE - LINDEROS - MAIPO - ALTO JAHUEL;AGUAS ANDINAS;No Asociado a Inmueble,2021-07-01,26277.14,25878.7262093796,No Residencial
BUIN - PAINE - LINDEROS - MAIPO - ALTO JAHUEL;AGUAS ANDINAS;No Asociado a Inmueble,2021-08-01,29731.34,25786.249851818342,No Residencial
BUIN - PAINE - LINDEROS - MAIPO - ALTO JAHUEL;AGUAS ANDINAS;No Asociado a Inmueble,2021-09-01,24071.79,26759.319451681822,No Residencial
BUIN - PAINE - LINDEROS - MAIPO - ALTO JAHUEL;AGUAS ANDINAS;No Asociado a Inmueble,2021-10-01,29596.4,29310.64745718656,No Residencial
BUIN - PAINE - LINDEROS - MAIPO - ALTO JAHUEL;AGUAS ANDINAS;No Asociado a Inmueble,2021-11-01,42254.7,34472.31471185615,No Residencial
BUIN - PAINE - LINDEROS - MAIPO - ALTO JAHUEL;AGUAS ANDINAS;No Asociado a Inmueble,2021-12-01,42135.12,40106.89526423115,No Residencial
BUIN - PAINE - LINDEROS - MAIPO - ALTO JAHUEL;AGUAS ANDINAS;No Asociado a Inmueble,2022-01-01,46063.43,45124.64254390267,No Residencial
BUIN - PAINE - LINDEROS - MAIPO - ALTO JAHUEL;AGUAS ANDINAS;No Asociado a Inmueble,2022-02-01,48770.53,51721.78102182342,No Residencial
BUIN - PAINE - LINDEROS - MAIPO - ALTO JAHUEL;AGUAS ANDINAS;No Asociado a Inmueble,2022-03-01,46756.67,52817.98979537096,No Residencial
BUIN - PAINE - LINDEROS - MAIPO - ALTO JAHUEL;AGUAS ANDINAS;No Asociado a Inmueble,2022-04-01,39123.51,44009.49973281996,No Residencial
BUIN - PAINE - LINDEROS - MAIPO - ALTO JAHUEL;AGUAS ANDINAS;No Asociado a Inmueble,2022-05-01,42330.22,35239.29233126092,No Residencial
BUIN - PAINE - LINDEROS - MAIPO - ALTO JAHUEL;AGUAS ANDINAS;No Asociado a Inmueble,2022-06-01,25185.11,29645.662439048123,No Residencial
BUIN - PAINE - LINDEROS - MAIPO - ALTO JAHUEL;AGUAS ANDINAS;No Asociado a Inmueble,2022-07-01,23011.31,26027.546192766054,No Residencial
BUIN - PAINE - LINDEROS - MAIPO - ALTO JAHUEL;AGUAS ANDINAS;No Asociado a Inmueble,2022-08-01,24727.58,26764.298023885516,No Residencial
BUIN - PAINE - LINDEROS - MAIPO - ALTO JAHUEL;AGUAS ANDINAS;No Asociado a Inmueble,2022-09-01,27974.78,28161.791719383837,No Residencial
BUIN - PAINE - LINDEROS - MAIPO - ALTO JAHUEL;AGUAS ANDINAS;No Asociado a Inmueble,2022-10-01,32720.88,30900.627498283637,No Residencial
BUIN - PAINE - LINDEROS - MAIPO - ALTO JAHUEL;AGUAS ANDINAS;No Asociado a Inmueble,2022-11-01,40411.28999999999,35535.96089976983,No Residencial
BUIN - PAINE - LINDEROS - MAIPO - ALTO JAHUEL;AGUAS ANDINAS;No Asociado a Inmueble,2022-12-01,51800.12,42209.2358315388,No Residencial
BUIN - PAINE - LINDEROS - MAIPO - ALTO JAHUEL;AGUAS ANDINAS;No Asociado a Inmueble,2023-01-01,51052.76,46827.62402097822,No Residencial
BUIN - PAINE - LINDEROS - MAIPO - ALTO JAHUEL;AGUAS ANDINAS;No Asociado a Inmueble,2023-02-01,54444.21,53989.05412921337,No Residencial
BUIN - PAINE - LINDEROS - MAIPO - ALTO JAHUEL;AGUAS ANDINAS;No Asociado a Inmueble,2023-03-01,55858.3,54517.92173663688,No Residencial
BUIN - PAINE - LINDEROS - MAIPO - ALTO JAHUEL;AGUAS ANDINAS;No Asociado a Inmueble,2023-04-01,52769.47,49508.31326066534,No Residencial
BUIN - PAINE - LINDEROS - MAIPO - ALTO JAHUEL;AGUAS ANDINAS;No Asociado a Inmueble,2023-05-01,34668.14,40912.29949698136,No Residencial
BUIN - PAINE - LINDEROS - MAIPO - ALTO JAHUEL;AGUAS ANDINAS;No Asociado a Inmueble,2023-06-01,35194.44,32996.46791148754,No Residencial
BUIN - PAINE - LINDEROS - MAIPO - ALTO JAHUEL;AGUAS ANDINAS;No Asociado a Inmueble,2023-07-01,27941.03,28227.763285623136,No Residencial
BUIN - PAINE - LINDEROS - MAIPO - ALTO JAHUEL;AGUAS ANDINAS;No Asociado a Inmueble,2023-08-01,28153.04,27668.68823129831,No Residencial
BUIN - PAINE - LINDEROS - MAIPO - ALTO JAHUEL;AGUAS ANDINAS;No Asociado a Inmueble,2023-09-01,25176.62,27719.244593231204,No Residencial
BUIN - PAINE - LINDEROS - MAIPO - ALTO JAHUEL;AGUAS ANDINAS;No Asociado a Inmueble,2023-10-01,26808.79,29915.632766147875,No Residencial
BUIN - PAINE - LINDEROS - MAIPO - ALTO JAHUEL;AGUAS ANDINAS;No Asociado a Inmueble,2023-11-01,34553.67,32001.448675933312,No Residencial
BUIN - PAINE - LINDEROS - MAIPO - ALTO JAHUEL;AGUAS ANDINAS;No Asociado a Inmueble,2023-12-01,42227.98,39612.472352311146,No Residencial
BUIN - PAINE - LINDEROS - MAIPO - ALTO JAHUEL;AGUAS ANDINAS;No Asociado a Inmueble,2024-01-01,47919.02,43905.78425593611,No Residencial
BUIN - PAINE - LINDEROS - MAIPO - ALTO JAHUEL;AGUAS ANDINAS;No Asociado a Inmueble,2024-02-01,50856.07,47962.92704828836,No Residencial
BUIN - PAINE - LINDEROS - MAIPO - ALTO JAHUEL;AGUAS ANDINAS;No Asociado a Inmueble,2024-03-01,49085.12,49601.555092387105,No Residencial
BUIN - PAINE - LINDEROS - MAIPO - ALTO JAHUEL;AGUAS ANDINAS;No Asociado a Inmueble,2024-04-01,44251.85,44392.518526889035,No Residencial
BUIN - PAINE - LINDEROS - MAIPO - ALTO JAHUEL;AGUAS ANDINAS;No Asociado a Inmueble,2024-05-01,40876.22,37034.16203197544,No Residencial
BUIN - PAINE - LINDEROS - MAIPO - ALTO JAHUEL;AGUAS ANDINAS;No Asociado a Inmueble,2024-06-01,28052.56,31374.260558206923,No Residencial
BUIN - PAINE - LINDEROS - MAIPO - ALTO JAHUEL;AGUAS ANDINAS;No Asociado a Inmueble,2024-07-01,30799.57,28750.796653581117,No Residencial
BUIN - PAINE - LINDEROS - MAIPO - ALTO JAHUEL;AGUAS ANDINAS;No Asociado a Inmueble,2024-08-01,35939.78,28820.316684410176,No Residencial
BUIN - PAINE - LINDEROS - MAIPO - ALTO JAHUEL;AGUAS ANDINAS;No Asociado a Inmueble,2024-09-01,29693.95,31475.45702297973,No Residencial
BUIN - PAINE - LINDEROS - MAIPO - ALTO JAHUEL;AGUAS ANDINAS;No Asociado a Inmueble,2024-10-01,35538.54,32581.733818120814,No Residencial
BUIN - PAINE - LINDEROS - MAIPO - ALTO JAHUEL;AGUAS ANDINAS;No Asociado a Inmueble,2024-11-01,42948.31,38772.04814635328,No Residencial
BUIN - PAINE - LINDEROS - MAIPO - ALTO JAHUEL;AGUAS ANDINAS;No Asociado a Inmueble,2024-12-01,46995.65,44294.73320210056,No Residencial
BUIN - PAINE - LINDEROS - MAIPO - ALTO JAHUEL;AGUAS ANDINAS;Residencial,2020-01-01,722825.93,721959.1877449793,Residencial
BUIN - PAINE - LINDEROS - MAIPO - ALTO JAHUEL;AGUAS ANDINAS;Residencial,2020-02-01,716064.73,723813.9401791436,Residencial
BUIN - PAINE - LINDEROS - MAIPO - ALTO JAHUEL;AGUAS ANDINAS;Residencial,2020-03-01,674158.01,704956.9344228033,Residencial
BUIN - PAINE - LINDEROS - MAIPO - ALTO JAHUEL;AGUAS ANDINAS;Residencial,2020-04-01,653501.85,672826.0865230748,Residencial
BUIN - PAINE - LINDEROS - MAIPO - ALTO JAHUEL;AGUAS ANDINAS;Residencial,2020-05-01,628048.49,638836.0760435094,Residencial
BUIN - PAINE - LINDEROS - MAIPO - ALTO JAHUEL;AGUAS ANDINAS;Residencial,2020-06-01,601516.99,613144.8693269928,Residencial
BUIN - PAINE - LINDEROS - MAIPO - ALTO JAHUEL;AGUAS ANDINAS;Residencial,2020-07-01,574308.73,595182.5255147514,Residencial
BUIN - PAINE - LINDEROS - MAIPO - ALTO JAHUEL;AGUAS ANDINAS;Residencial,2020-08-01,585917.67,592598.073520107,Residencial
BUIN - PAINE - LINDEROS - MAIPO - ALTO JAHUEL;AGUAS ANDINAS;Residencial,2020-09-01,603797.82,607656.2516177887,Residencial
BUIN - PAINE - LINDEROS - MAIPO - ALTO JAHUEL;AGUAS ANDINAS;Residencial,2020-10-01,646496.0,636598.7598298372,Residencial
BUIN - PAINE - LINDEROS - MAIPO - ALTO JAHUEL;AGUAS ANDINAS;Residencial,2020-11-01,707856.97,670014.3851105227,Residencial
BUIN - PAINE - LINDEROS - MAIPO - ALTO JAHUEL;AGUAS ANDINAS;Residencial,2020-12-01,705124.4,704330.1372782015,Residencial
BUIN - PAINE - LINDEROS - MAIPO - ALTO JAHUEL;AGUAS ANDINAS;Residencial,2021-01-01,757682.6100000001,733968.1827106915,Residencial
BUIN - PAINE - LINDEROS - MAIPO - ALTO JAHUEL;AGUAS ANDINAS;Residencial,2021-02-01,733499.41,732972.2580288613,Residencial
BUIN - PAINE - LINDEROS - MAIPO - ALTO JAHUEL;AGUAS ANDINAS;Residencial,2021-03-01,717043.4299999999,720119.7083327683,Residencial
BUIN - PAINE - LINDEROS - MAIPO - ALTO JAHUEL;AGUAS ANDINAS;Residencial,2021-04-01,702337.79,693162.4792444669,Residencial
BUIN - PAINE - LINDEROS - MAIPO - ALTO JAHUEL;AGUAS ANDINAS;Residencial,2021-05-01,658245.01,660876.5065599382,Residencial
BUIN - PAINE - LINDEROS - MAIPO - ALTO JAHUEL;AGUAS ANDINAS;Residencial,2021-06-01,647464.48,631362.5020476695,Residencial
BUIN - PAINE - LINDEROS - MAIPO - ALTO JAHUEL;AGUAS ANDINAS;Residencial,2021-07-01,636654.29,611002.535258573,Residencial
BUIN - PAINE - LINDEROS - MAIPO - ALTO JAHUEL;AGUAS ANDINAS;Residencial,2021-08-01,639743.55,610065.4503622222,Residencial
BUIN - PAINE - LINDEROS - MAIPO - ALTO JAHUEL;AGUAS ANDINAS;Residencial,2021-09-01,626104.9099999999,623366.0804228662,Residencial
BUIN - PAINE - LINDEROS - MAIPO - ALTO JAHUEL;AGUAS ANDINAS;Residencial,2021-10-01,661233.56,651432.552479259,Residencial
BUIN - PAINE - LINDEROS - MAIPO - ALTO JAHUEL;AGUAS ANDINAS;Residencial,2021-11-01,711472.1,685589.6332903531,Residencial
BUIN - PAINE - LINDEROS - MAIPO - ALTO JAHUEL;AGUAS ANDINAS;Residencial,2021-12-01,739149.75,718054.4661035105,Residencial
BUIN - PAINE - LINDEROS - MAIPO - ALTO JAHUEL;AGUAS ANDINAS;Residencial,2022-01-01,738600.3699999999,748695.2763738324,Residencial
BUIN - PAINE - LINDEROS - MAIPO - ALTO JAHUEL;AGUAS ANDINAS;Residencial,2022-02-01,707279.43,746853.9153328296,Residencial
BUIN - PAINE - LINDEROS - MAIPO - ALTO JAHUEL;AGUAS ANDINAS;Residencial,2022-03-01,743918.7,733193.9888181709,Residencial
BUIN - PAINE - LINDEROS - MAIPO - ALTO JAHUEL;AGUAS ANDINAS;Residencial,2022-04-01,698131.55,696494.657103131,Residencial
BUIN - PAINE - LINDEROS - MAIPO - ALTO JAHUEL;AGUAS ANDINAS;Residencial,2022-05-01,642824.19,665715.8119296686,Residencial
BUIN - PAINE - LINDEROS - MAIPO - ALTO JAHUEL;AGUAS ANDINAS;Residencial,2022-06-01,632002.52,634859.0165672348,Residencial
BUIN - PAINE - LINDEROS - MAIPO - ALTO JAHUEL;AGUAS ANDINAS;Residencial,2022-07-01,620361.04,620621.825337528,Residencial
BUIN - PAINE - LINDEROS - MAIPO - ALTO JAHUEL;AGUAS ANDINAS;Residencial,2022-08-01,614442.4400000001,618918.1988175202,Residencial
BUIN - PAINE - LINDEROS - MAIPO - ALTO JAHUEL;AGUAS ANDINAS;Residencial,2022-09-01,611249.02,631145.3642362184,Residencial
BUIN - PAINE - LINDEROS - MAIPO - ALTO JAHUEL;AGUAS ANDINAS;Residencial,2022-10-01,666408.1000000001,659119.3876089038,Residencial
BUIN - PAINE - LINDEROS - MAIPO - ALTO JAHUEL;AGUAS ANDINAS;Residencial,2022-11-01,709204.75,692521.1618754372,Residencial
BUIN - PAINE - LINDEROS - MAIPO - ALTO JAHUEL;AGUAS ANDINAS;Residencial,2022-12-01,743091.91,727299.9399647462,Residencial
BUIN - PAINE - LINDEROS - MAIPO - ALTO JAHUEL;AGUAS ANDINAS;Residencial,2023-01-01,740152.4600000001,759939.1945961949,Residencial
BUIN - PAINE - LINDEROS - MAIPO - ALTO JAHUEL;AGUAS ANDINAS;Residencial,2023-02-01,715249.37,762354.8950739509,Residencial
BUIN - PAINE - LINDEROS - MAIPO - ALTO JAHUEL;AGUAS ANDINAS;Residencial,2023-03-01,760169.77,753114.6405385761,Residencial
BUIN - PAINE - LINDEROS - MAIPO - ALTO JAHUEL;AGUAS ANDINAS;Residencial,2023-04-01,718599.97,722096.6416434754,Residencial
BUIN - PAINE - LINDEROS - MAIPO - ALTO JAHUEL;AGUAS ANDINAS;Residencial,2023-05-01,693670.95,685705.7539406021,Residencial
BUIN - PAINE - LINDEROS - MAIPO - ALTO JAHUEL;AGUAS ANDINAS;Residencial,2023-06-01,648177.26,653102.6145788784,Residencial
BUIN - PAINE - LINDEROS - MAIPO - ALTO JAHUEL;AGUAS ANDINAS;Residencial,2023-07-01,659279.8099999999,639300.7925527095,Residencial
BUIN - PAINE - LINDEROS - MAIPO - ALTO JAHUEL;AGUAS ANDINAS;Residencial,2023-08-01,642134.3600000001,639145.0420480458,Residencial
BUIN - PAINE - LINDEROS - MAIPO - ALTO JAHUEL;AGUAS ANDINAS;Residencial,2023-09-01,617274.02,642991.8957253917,Residencial
BUIN - PAINE - LINDEROS - MAIPO - ALTO JAHUEL;AGUAS ANDINAS;Residencial,2023-10-01,655786.78,666622.2839256722,Residencial
BUIN - PAINE - LINDEROS - MAIPO - ALTO JAHUEL;AGUAS ANDINAS;Residencial,2023-11-01,674929.13,696114.8417297736,Residencial
BUIN - PAINE - LINDEROS - MAIPO - ALTO JAHUEL;AGUAS ANDINAS;Residencial,2023-12-01,720494.1399999999,727179.8881810735,Residencial
BUIN - PAINE - LINDEROS - MAIPO - ALTO JAHUEL;AGUAS ANDINAS;Residencial,2024-01-01,753093.8,761052.7830884882,Residencial
BUIN - PAINE - LINDEROS - MAIPO - ALTO JAHUEL;AGUAS ANDINAS;Residencial,2024-02-01,792816.42,762299.722838043,Residencial
BUIN - PAINE - LINDEROS - MAIPO - ALTO JAHUEL;AGUAS ANDINAS;Residencial,2024-03-01,776210.54,753650.648058734,Residencial
BUIN - PAINE - LINDEROS - MAIPO - ALTO JAHUEL;AGUAS ANDINAS;Residencial,2024-04-01,744736.67,717305.498156094,Residencial
BUIN - PAINE - LINDEROS - MAIPO - ALTO JAHUEL;AGUAS ANDINAS;Residencial,2024-05-01,703932.98,682845.536667775,Residencial
BUIN - PAINE - LINDEROS - MAIPO - ALTO JAHUEL;AGUAS ANDINAS;Residencial,2024-06-01,642932.13,650242.3973060513,Residencial
BUIN - PAINE - LINDEROS - MAIPO - ALTO JAHUEL;AGUAS ANDINAS;Residencial,2024-07-01,640250.26,630556.0323291768,Residencial
BUIN - PAINE - LINDEROS - MAIPO - ALTO JAHUEL;AGUAS ANDINAS;Residencial,2024-08-01,623460.25,625600.6337347396,Residencial
BUIN - PAINE - LINDEROS - MAIPO - ALTO JAHUEL;AGUAS ANDINAS;Residencial,2024-09-01,625561.21,635033.9854577889,Residencial
BUIN - PAINE - LINDEROS - MAIPO - ALTO JAHUEL;AGUAS ANDINAS;Residencial,2024-10-01,637124.65,661638.2708716418,Residencial
BUIN - PAINE - LINDEROS - MAIPO - ALTO JAHUEL;AGUAS ANDINAS;Residencial,2024-11-01,705987.99,696350.5946325206,Residencial
BUIN - PAINE - LINDEROS - MAIPO - ALTO JAHUEL;AGUAS ANDINAS;Residencial,2024-12-01,757729.7,730661.3224982538,Residencial
BUIN - PAINE - LINDEROS - MAIPO - ALTO JAHUEL;AGUAS ANDINAS;Institucional,2020-01-01,5986.0,4714.6458216683295,No Residencial
BUIN - PAINE - LINDEROS - MAIPO - ALTO JAHUEL;AGUAS ANDINAS;Institucional,2020-02-01,0.0,258.8588324206603,No Residencial
BUIN - PAINE - LINDEROS - MAIPO - ALTO JAHUEL;AGUAS ANDINAS;Institucional,2020-03-01,5770.0,4928.8706162700755,No Residencial
BUIN - PAINE - LINDEROS - MAIPO - ALTO JAHUEL;AGUAS ANDINAS;Institucional,2020-04-01,0.0,473.0836270224063,No Residencial
BUIN - PAINE - LINDEROS - MAIPO - ALTO JAHUEL;AGUAS ANDINAS;Institucional,2020-05-01,4254.0,4931.222067454821,No Residencial
BUIN - PAINE - LINDEROS - MAIPO - ALTO JAHUEL;AGUAS ANDINAS;Institucional,2020-06-01,0.0,498.6706101155569,No Residencial
BUIN - PAINE - LINDEROS - MAIPO - ALTO JAHUEL;AGUAS ANDINAS;Institucional,2020-07-01,4024.0,4698.931383730798,No Residencial
BUIN - PAINE - LINDEROS - MAIPO - ALTO JAHUEL;AGUAS ANDINAS;Institucional,2020-08-01,0.0,414.5560613787193,No Residencial
BUIN - PAINE - LINDEROS - MAIPO - ALTO JAHUEL;AGUAS ANDINAS;Institucional,2020-09-01,4112.0,4624.772840858021,No Residencial
BUIN - PAINE - LINDEROS - MAIPO - ALTO JAHUEL;AGUAS ANDINAS;Institucional,2020-10-01,0.0,340.39751850594166,No Residencial
BUIN - PAINE - LINDEROS - MAIPO - ALTO JAHUEL;AGUAS ANDINAS;Institucional,2020-11-01,4344.0,4544.219379119598,No Residencial
BUIN - PAINE - LINDEROS - MAIPO - ALTO JAHUEL;AGUAS ANDINAS;Institucional,2020-12-01,0.0,259.84405676751885,No Residencial
BUIN - PAINE - LINDEROS - MAIPO - ALTO JAHUEL;AGUAS ANDINAS;Institucional,2021-01-01,4769.0,4756.2216161532015,No Residencial
BUIN - PAINE - LINDEROS - MAIPO - ALTO JAHUEL;AGUAS ANDINAS;Institucional,2021-02-01,0.0,323.67015881393763,No Residencial
BUIN - PAINE - LINDEROS - MAIPO - ALTO JAHUEL;AGUAS ANDINAS;Institucional,2021-03-01,5223.0,4775.413680380706,No Residencial
BUIN - PAINE - LINDEROS - MAIPO - ALTO JAHUEL;AGUAS ANDINAS;Institucional,2021-04-01,0.0,342.8622230414421,No Residencial
BUIN - PAINE - LINDEROS - MAIPO - ALTO JAHUEL;AGUAS ANDINAS;Institucional,2021-05-01,6592.0,4791.044657609796,No Residencial
BUIN - PAINE - LINDEROS - MAIPO - ALTO JAHUEL;AGUAS ANDINAS;Institucional,2021-06-01,0.0,358.4932002705318,No Residencial
BUIN - PAINE - LINDEROS - MAIPO - ALTO JAHUEL;AGUAS ANDINAS;Institucional,2021-07-01,4174.0,4558.753973885773,No Residencial
BUIN - PAINE - LINDEROS - MAIPO - ALTO JAHUEL;AGUAS ANDINAS;Institucional,2021-08-01,0.0,274.3786515336942,No Residencial
BUIN - PAINE - LINDEROS - MAIPO - ALTO JAHUEL;AGUAS ANDINAS;Institucional,2021-09-01,5006.0,4474.6394251489355,No Residencial
BUIN - PAINE - LINDEROS - MAIPO - ALTO JAHUEL;AGUAS ANDINAS;Institucional,2021-10-01,0.0,190.2641027968566,No Residencial
BUIN - PAINE - LINDEROS - MAIPO - ALTO JAHUEL;AGUAS ANDINAS;Institucional,2021-11-01,5064.0,4394.085963410513,No Residencial
BUIN - PAINE - LINDEROS - MAIPO - ALTO JAHUEL;AGUAS ANDINAS;Institucional,2021-12-01,0.0,109.7106410584338,No Residencial
BUIN - PAINE - LINDEROS - MAIPO - ALTO JAHUEL;AGUAS ANDINAS;Institucional,2022-01-01,5476.0,4561.454162625202,No Residencial
BUIN - PAINE - LINDEROS - MAIPO - ALTO JAHUEL;AGUAS ANDINAS;Institucional,2022-02-01,0.0,128.90270528593828,No Residencial
BUIN - PAINE - LINDEROS - MAIPO - ALTO JAHUEL;AGUAS ANDINAS;Institucional,2022-03-01,5320.0,4580.646226852707,No Residencial
BUIN - PAINE - LINDEROS - MAIPO - ALTO JAHUEL;AGUAS ANDINAS;Institucional,2022-04-01,0.0,148.09476951344277,No Residencial
BUIN - PAINE - LINDEROS - MAIPO - ALTO JAHUEL;AGUAS ANDINAS;Institucional,2022-05-01,5206.0,4596.277204081796,No Residencial
BUIN - PAINE - LINDEROS - MAIPO - ALTO JAHUEL;AGUAS ANDINAS;Institucional,2022-06-01,0.0,163.72574674253246,No Residencial
BUIN - PAINE - LINDEROS - MAIPO - ALTO JAHUEL;AGUAS ANDINAS;Institucional,2022-07-01,5012.0,4363.986520357774,No Residencial
BUIN - PAINE - LINDEROS - MAIPO - ALTO JAHUEL;AGUAS ANDINAS;Institucional,2022-08-01,0.0,79.61119800569486,No Residencial
BUIN - PAINE - LINDEROS - MAIPO - ALTO JAHUEL;AGUAS ANDINAS;Institucional,2022-09-01,3664.0,4279.871971620936,No Residencial
BUIN - PAINE - LINDEROS - MAIPO - ALTO JAHUEL;AGUAS ANDINAS;Institucional,2022-10-01,0.0,0.0,No Residencial
BUIN - PAINE - LINDEROS - MAIPO - ALTO JAHUEL;AGUAS ANDINAS;Institucional,2022-11-01,4336.0,4199.318509882513,No Residencial
BUIN - PAINE - LINDEROS - MAIPO - ALTO JAHUEL;AGUAS ANDINAS;Institucional,2022-12-01,0.0,0.0,No Residencial
BUIN - PAINE - LINDEROS - MAIPO - ALTO JAHUEL;AGUAS ANDINAS;Institucional,2023-01-01,4260.0,4411.320746916117,No Residencial
BUIN - PAINE - LINDEROS - MAIPO - ALTO JAHUEL;AGUAS ANDINAS;Institucional,2023-02-01,0.0,0.0,No Residencial
BUIN - PAINE - LINDEROS - MAIPO - ALTO JAHUEL;AGUAS ANDINAS;Institucional,2023-03-01,4457.0,4475.146848962536,No Residencial
BUIN - PAINE - LINDEROS - MAIPO - ALTO JAHUEL;AGUAS ANDINAS;Institucional,2023-04-01,0.0,42.59539162327201,No Residencial
BUIN - PAINE - LINDEROS - MAIPO - ALTO JAHUEL;AGUAS ANDINAS;Institucional,2023-05-01,3632.0,4494.33891319004,No Residencial
BUIN - PAINE - LINDEROS - MAIPO - ALTO JAHUEL;AGUAS ANDINAS;Institucional,2023-06-01,0.0,61.787455850776496,No Residencial
BUIN - PAINE - LINDEROS - MAIPO - ALTO JAHUEL;AGUAS ANDINAS;Institucional,2023-07-01,4593.0,4262.048229466018,No Residencial
BUIN - PAINE - LINDEROS - MAIPO - ALTO JAHUEL;AGUAS ANDINAS;Institucional,2023-08-01,0.0,0.0,No Residencial
BUIN - PAINE - LINDEROS - MAIPO - ALTO JAHUEL;AGUAS ANDINAS;Institucional,2023-09-01,5273.0,4177.93368072918,No Residencial
BUIN - PAINE - LINDEROS - MAIPO - ALTO JAHUEL;AGUAS ANDINAS;Institucional,2023-10-01,0.0,0.0,No Residencial
BUIN - PAINE - LINDEROS - MAIPO - ALTO JAHUEL;AGUAS ANDINAS;Institucional,2023-11-01,5179.0,4097.380218990757,No Residencial
BUIN - PAINE - LINDEROS - MAIPO - ALTO JAHUEL;AGUAS ANDINAS;Institucional,2023-12-01,0.0,0.0,No Residencial
BUIN - PAINE - LINDEROS - MAIPO - ALTO JAHUEL;AGUAS ANDINAS;Institucional,2024-01-01,4602.0,4309.382456024361,No Residencial
BUIN - PAINE - LINDEROS - MAIPO - ALTO JAHUEL;AGUAS ANDINAS;Institucional,2024-02-01,0.0,0.0,No Residencial
BUIN - PAINE - LINDEROS - MAIPO - ALTO JAHUEL;AGUAS ANDINAS;Institucional,2024-03-01,3947.0,4328.574520251866,No Residencial
BUIN - PAINE - LINDEROS - MAIPO - ALTO JAHUEL;AGUAS ANDINAS;Institucional,2024-04-01,0.0,0.0,No Residencial
BUIN - PAINE - LINDEROS - MAIPO - ALTO JAHUEL;AGUAS ANDINAS;Institucional,2024-05-01,4132.0,4344.205497480955,No Residencial
BUIN - PAINE - LINDEROS - MAIPO - ALTO JAHUEL;AGUAS ANDINAS;Institucional,2024-06-01,0.0,0.0,No Residencial
BUIN - PAINE - LINDEROS - MAIPO - ALTO JAHUEL;AGUAS ANDINAS;Institucional,2024-07-01,4375.0,4111.914813756933,No Residencial
BUIN - PAINE - LINDEROS - MAIPO - ALTO JAHUEL;AGUAS ANDINAS;Institucional,2024-08-01,0.0,0.0,No Residencial
BUIN - PAINE - LINDEROS - MAIPO - ALTO JAHUEL;AGUAS ANDINAS;Institucional,2024-09-01,3542.0,4027.800265020095,No Residencial
BUIN - PAINE - LINDEROS - MAIPO - ALTO JAHUEL;AGUAS ANDINAS;Institucional,2024-10-01,0.0,0.0,No Residencial
BUIN - PAINE - LINDEROS - MAIPO - ALTO JAHUEL;AGUAS ANDINAS;Institucional,2024-11-01,4067.0,3947.2468032816723,No Residencial
BUIN - PAINE - LINDEROS - MAIPO - ALTO JAHUEL;AGUAS ANDINAS;Institucional,2024-12-01,0.0,0.0,No Residencial
BUIN - PAINE - LINDEROS - MAIPO - ALTO JAHUEL;AGUAS ANDINAS;Industrial,2020-01-01,14762.0,14041.49215508665,No Residencial
BUIN - PAINE - LINDEROS - MAIPO - ALTO JAHUEL;AGUAS ANDINAS;Industrial,2020-02-01,13741.0,13918.303297199367,No Residencial
BUIN - PAINE - LINDEROS - MAIPO - ALTO JAHUEL;AGUAS ANDINAS;Industrial,2020-03-01,14594.0,14433.148019559218,No Residencial
BUIN - PAINE - LINDEROS - MAIPO - ALTO JAHUEL;AGUAS ANDINAS;Industrial,2020-04-01,13860.0,14813.90783586511,No Residencial
BUIN - PAINE - LINDEROS - MAIPO - ALTO JAHUEL;AGUAS ANDINAS;Industrial,2020-05-01,12537.0,12755.700611502101,No Residencial
BUIN - PAINE - LINDEROS - MAIPO - ALTO JAHUEL;AGUAS ANDINAS;Industrial,2020-06-01,12559.0,11923.009843319049,No Residencial
BUIN - PAINE - LINDEROS - MAIPO - ALTO JAHUEL;AGUAS ANDINAS;Industrial,2020-07-01,9133.0,11946.390275325391,No Residencial
BUIN - PAINE - LINDEROS - MAIPO - ALTO JAHUEL;AGUAS ANDINAS;Industrial,2020-08-01,10848.0,12150.096942589187,No Residencial
BUIN - PAINE - LINDEROS - MAIPO - ALTO JAHUEL;AGUAS ANDINAS;Industrial,2020-09-01,10055.0,12001.450369811095,No Residencial
BUIN - PAINE - LINDEROS - MAIPO - ALTO JAHUEL;AGUAS ANDINAS;Industrial,2020-10-01,10838.0,13198.576599613936,No Residencial
BUIN - PAINE - LINDEROS - MAIPO - ALTO JAHUEL;AGUAS ANDINAS;Industrial,2020-11-01,12069.0,14064.774984743628,No Residencial
BUIN - PAINE - LINDEROS - MAIPO - ALTO JAHUEL;AGUAS ANDINAS;Industrial,2020-12-01,12497.0,14239.166184964939,No Residencial
BUIN - PAINE - LINDEROS - MAIPO - ALTO JAHUEL;AGUAS ANDINAS;Industrial,2021-01-01,12494.0,15961.369487705513,No Residencial
BUIN - PAINE - LINDEROS - MAIPO - ALTO JAHUEL;AGUAS ANDINAS;Industrial,2021-02-01,12702.0,15434.252907791997,No Residencial
BUIN - PAINE - LINDEROS - MAIPO - ALTO JAHUEL;AGUAS ANDINAS;Industrial,2021-03-01,12188.0,14566.29680480518,No Residencial
BUIN - PAINE - LINDEROS - MAIPO - ALTO JAHUEL;AGUAS ANDINAS;Industrial,2021-04-01,12669.0,13788.467105677155,No Residencial
BUIN - PAINE - LINDEROS - MAIPO - ALTO JAHUEL;AGUAS ANDINAS;Industrial,2021-05-01,11999.0,13050.528500938672,No Residencial
BUIN - PAINE - LINDEROS - MAIPO - ALTO JAHUEL;AGUAS ANDINAS;Industrial,2021-06-01,11918.0,13079.06394172404,No Residencial
BUIN - PAINE - LINDEROS - MAIPO - ALTO JAHUEL;AGUAS ANDINAS;Industrial,2021-07-01,9522.0,11892.11211928075,No Residencial
BUIN - PAINE - LINDEROS - MAIPO - ALTO JAHUEL;AGUAS ANDINAS;Industrial,2021-08-01,11062.0,11941.72622953441,No Residencial
BUIN - PAINE - LINDEROS - MAIPO - ALTO JAHUEL;AGUAS ANDINAS;Industrial,2021-09-01,10669.0,12150.012589774959,No Residencial
BUIN - PAINE - LINDEROS - MAIPO - ALTO JAHUEL;AGUAS ANDINAS;Industrial,2021-10-01,11729.0,13302.824241537613,No Residencial
BUIN - PAINE - LINDEROS - MAIPO - ALTO JAHUEL;AGUAS ANDINAS;Industrial,2021-11-01,12076.0,14874.324919613675,No Residencial
BUIN - PAINE - LINDEROS - MAIPO - ALTO JAHUEL;AGUAS ANDINAS;Industrial,2021-12-01,12162.0,15739.829890160354,No Residencial
BUIN - PAINE - LINDEROS - MAIPO - ALTO JAHUEL;AGUAS ANDINAS;Industrial,2022-01-01,12461.0,15952.824905044688,No Residencial
BUIN - PAINE - LINDEROS - MAIPO - ALTO JAHUEL;AGUAS ANDINAS;Industrial,2022-02-01,14829.0,17196.172305437565,No Residencial
BUIN - PAINE - LINDEROS - MAIPO - ALTO JAHUEL;AGUAS ANDINAS;Industrial,2022-03-01,11742.0,16361.7698554639,No Residencial
BUIN - PAINE - LINDEROS - MAIPO - ALTO JAHUEL;AGUAS ANDINAS;Industrial,2022-04-01,10449.0,13961.81673439539,No Residencial
BUIN - PAINE - LINDEROS - MAIPO - ALTO JAHUEL;AGUAS ANDINAS;Industrial,2022-05-01,11567.0,13764.997282143442,No Residencial
BUIN - PAINE - LINDEROS - MAIPO - ALTO JAHUEL;AGUAS ANDINAS;Industrial,2022-06-01,9907.0,13529.429857254127,No Residencial
BUIN - PAINE - LINDEROS - MAIPO - ALTO JAHUEL;AGUAS ANDINAS;Industrial,2022-07-01,18202.0,11877.386707225325,No Residencial
BUIN - PAINE - LINDEROS - MAIPO - ALTO JAHUEL;AGUAS ANDINAS;Industrial,2022-08-01,18550.0,12461.175290055822,No Residencial
BUIN - PAINE - LINDEROS - MAIPO - ALTO JAHUEL;AGUAS ANDINAS;Industrial,2022-09-01,17406.0,12776.3366528729,No Residencial
BUIN - PAINE - LINDEROS - MAIPO - ALTO JAHUEL;AGUAS ANDINAS;Industrial,2022-10-01,18046.0,14253.16562874298,No Residencial
BUIN - PAINE - LINDEROS - MAIPO - ALTO JAHUEL;AGUAS ANDINAS;Industrial,2022-11-01,21035.0,16489.93466157171,No Residencial
BUIN - PAINE - LINDEROS - MAIPO - ALTO JAHUEL;AGUAS ANDINAS;Industrial,2022-12-01,24629.0,15742.282831387884,No Residencial
BUIN - PAINE - LINDEROS - MAIPO - ALTO JAHUEL;AGUAS ANDINAS;Industrial,2023-01-01,20751.0,16863.85265461919,No Residencial
BUIN - PAINE - LINDEROS - MAIPO - ALTO JAHUEL;AGUAS ANDINAS;Industrial,2023-02-01,20126.0,18638.32850777685,No Residencial
BUIN - PAINE - LINDEROS - MAIPO - ALTO JAHUEL;AGUAS ANDINAS;Industrial,2023-03-01,21830.0,18439.655110054187,No Residencial
BUIN - PAINE - LINDEROS - MAIPO - ALTO JAHUEL;AGUAS ANDINAS;Industrial,2023-04-01,18246.0,17193.8149637802,No Residencial
BUIN - PAINE - LINDEROS - MAIPO - ALTO JAHUEL;AGUAS ANDINAS;Industrial,2023-05-01,16621.0,15411.745838813946,No Residencial
BUIN - PAINE - LINDEROS - MAIPO - ALTO JAHUEL;AGUAS ANDINAS;Industrial,2023-06-01,16903.0,14529.262980971514,No Residencial
BUIN - PAINE - LINDEROS - MAIPO - ALTO JAHUEL;AGUAS ANDINAS;Industrial,2023-07-01,19817.0,13971.407123701176,No Residencial
BUIN - PAINE - LINDEROS - MAIPO - ALTO JAHUEL;AGUAS ANDINAS;Industrial,2023-08-01,20110.0,13172.663882181401,No Residencial
BUIN - PAINE - LINDEROS - MAIPO - ALTO JAHUEL;AGUAS ANDINAS;Industrial,2023-09-01,17502.0,13124.785847568526,No Residencial
BUIN - PAINE - LINDEROS - MAIPO - ALTO JAHUEL;AGUAS ANDINAS;Industrial,2023-10-01,17186.0,13931.289300990204,No Residencial
BUIN - PAINE - LINDEROS - MAIPO - ALTO JAHUEL;AGUAS ANDINAS;Industrial,2023-11-01,21869.0,15925.04303474673,No Residencial
BUIN - PAINE - LINDEROS - MAIPO - ALTO JAHUEL;AGUAS ANDINAS;Industrial,2023-12-01,19278.0,18019.69511727658,No Residencial
BUIN - PAINE - LINDEROS - MAIPO - ALTO JAHUEL;AGUAS ANDINAS;Industrial,2024-01-01,19305.0,18134.15905925806,No Residencial
BUIN - PAINE - LINDEROS - MAIPO - ALTO JAHUEL;AGUAS ANDINAS;Industrial,2024-02-01,19391.0,17691.761162628194,No Residencial
BUIN - PAINE - LINDEROS - MAIPO - ALTO JAHUEL;AGUAS ANDINAS;Industrial,2024-03-01,25304.0,18689.31380677541,No Residencial
BUIN - PAINE - LINDEROS - MAIPO - ALTO JAHUEL;AGUAS ANDINAS;Industrial,2024-04-01,20575.0,16846.68050556313,No Residencial
BUIN - PAINE - LINDEROS - MAIPO - ALTO JAHUEL;AGUAS ANDINAS;Industrial,2024-05-01,18225.0,15000.641659190345,No Residencial
BUIN - PAINE - LINDEROS - MAIPO - ALTO JAHUEL;AGUAS ANDINAS;Industrial,2024-06-01,17542.0,15387.10857438318,No Residencial
BUIN - PAINE - LINDEROS - MAIPO - ALTO JAHUEL;AGUAS ANDINAS;Industrial,2024-07-01,15676.0,15845.006253211433,No Residencial
BUIN - PAINE - LINDEROS - MAIPO - ALTO JAHUEL;AGUAS ANDINAS;Industrial,2024-08-01,17458.0,13496.241739504145,No Residencial
BUIN - PAINE - LINDEROS - MAIPO - ALTO JAHUEL;AGUAS ANDINAS;Industrial,2024-09-01,15882.0,14812.183937789334,No Residencial
BUIN - PAINE - LINDEROS - MAIPO - ALTO JAHUEL;AGUAS ANDINAS;Industrial,2024-10-01,15212.0,14786.460543102134,No Residencial
BUIN - PAINE - LINDEROS - MAIPO - ALTO JAHUEL;AGUAS ANDINAS;Industrial,2024-11-01,19176.0,16776.811154652823,No Residencial
BUIN - PAINE - LINDEROS - MAIPO - ALTO JAHUEL;AGUAS ANDINAS;Industrial,2024-12-01,21097.0,19627.036464622703,No Residencial
